# SellKiosk_AssemblyReference_V2
o SellKiosk_AssemblyReference_V2
v 12.900000 18.700000 0.625000
v 12.886457 18.872078 0.625000
v 12.846162 19.039919 0.625000
v 12.780107 19.199390 0.625000
v 12.689919 19.346564 0.625000
v 12.577817 19.477817 0.625000
v 12.446564 19.589919 0.625000
v 12.299390 19.680107 0.625000
v 12.139919 19.746162 0.625000
v 11.972078 19.786457 0.625000
v 11.800000 19.800000 0.625000
v -11.800000 19.800000 0.625000
v -11.972078 19.786457 0.625000
v -12.139919 19.746162 0.625000
v -12.299390 19.680107 0.625000
v -12.446564 19.589919 0.625000
v -12.577817 19.477817 0.625000
v -12.689919 19.346564 0.625000
v -12.780107 19.199390 0.625000
v -12.846162 19.039919 0.625000
v -12.886457 18.872078 0.625000
v -12.900000 18.700000 0.625000
v -12.900000 9.300000 0.625000
v -12.886457 9.127922 0.625000
v -12.846162 8.960081 0.625000
v -12.780107 8.800610 0.625000
v -12.689919 8.653436 0.625000
v -12.577817 8.522183 0.625000
v -12.446564 8.410081 0.625000
v -12.299390 8.319893 0.625000
v -12.139919 8.253838 0.625000
v -11.972078 8.213543 0.625000
v -11.800000 8.200000 0.625000
v 11.800000 8.200000 0.625000
v 11.972078 8.213543 0.625000
v 12.139919 8.253838 0.625000
v 12.299390 8.319893 0.625000
v 12.446564 8.410081 0.625000
v 12.577817 8.522183 0.625000
v 12.689919 8.653436 0.625000
v 12.780107 8.800610 0.625000
v 12.846162 8.960081 0.625000
v 12.886457 9.127922 0.625000
v 12.900000 9.300000 0.625000
v 12.900000 18.700000 -0.625000
v 12.886457 18.872078 -0.625000
v 12.846162 19.039919 -0.625000
v 12.780107 19.199390 -0.625000
v 12.689919 19.346564 -0.625000
v 12.577817 19.477817 -0.625000
v 12.446564 19.589919 -0.625000
v 12.299390 19.680107 -0.625000
v 12.139919 19.746162 -0.625000
v 11.972078 19.786457 -0.625000
v 11.800000 19.800000 -0.625000
v -11.800000 19.800000 -0.625000
v -11.972078 19.786457 -0.625000
v -12.139919 19.746162 -0.625000
v -12.299390 19.680107 -0.625000
v -12.446564 19.589919 -0.625000
v -12.577817 19.477817 -0.625000
v -12.689919 19.346564 -0.625000
v -12.780107 19.199390 -0.625000
v -12.846162 19.039919 -0.625000
v -12.886457 18.872078 -0.625000
v -12.900000 18.700000 -0.625000
v -12.900000 9.300000 -0.625000
v -12.886457 9.127922 -0.625000
v -12.846162 8.960081 -0.625000
v -12.780107 8.800610 -0.625000
v -12.689919 8.653436 -0.625000
v -12.577817 8.522183 -0.625000
v -12.446564 8.410081 -0.625000
v -12.299390 8.319893 -0.625000
v -12.139919 8.253838 -0.625000
v -11.972078 8.213543 -0.625000
v -11.800000 8.200000 -0.625000
v 11.800000 8.200000 -0.625000
v 11.972078 8.213543 -0.625000
v 12.139919 8.253838 -0.625000
v 12.299390 8.319893 -0.625000
v 12.446564 8.410081 -0.625000
v 12.577817 8.522183 -0.625000
v 12.689919 8.653436 -0.625000
v 12.780107 8.800610 -0.625000
v 12.846162 8.960081 -0.625000
v 12.886457 9.127922 -0.625000
v 12.900000 9.300000 -0.625000
v -0.000000 14.000000 0.625000
v -0.000000 14.000000 -0.625000
v 12.350000 17.910000 0.260000
v 12.338920 18.050791 0.260000
v 12.305951 18.188115 0.260000
v 12.251906 18.318591 0.260000
v 12.178115 18.439007 0.260000
v 12.086396 18.546396 0.260000
v 11.979007 18.638115 0.260000
v 11.858591 18.711906 0.260000
v 11.728115 18.765951 0.260000
v 11.590791 18.798920 0.260000
v 11.450000 18.810000 0.260000
v -11.450000 18.810000 0.260000
v -11.590791 18.798920 0.260000
v -11.728115 18.765951 0.260000
v -11.858591 18.711906 0.260000
v -11.979007 18.638115 0.260000
v -12.086396 18.546396 0.260000
v -12.178115 18.439007 0.260000
v -12.251906 18.318591 0.260000
v -12.305951 18.188115 0.260000
v -12.338920 18.050791 0.260000
v -12.350000 17.910000 0.260000
v -12.350000 9.210000 0.260000
v -12.338920 9.069209 0.260000
v -12.305951 8.931885 0.260000
v -12.251906 8.801409 0.260000
v -12.178115 8.680993 0.260000
v -12.086396 8.573604 0.260000
v -11.979007 8.481885 0.260000
v -11.858591 8.408094 0.260000
v -11.728115 8.354049 0.260000
v -11.590791 8.321080 0.260000
v -11.450000 8.310000 0.260000
v 11.450000 8.310000 0.260000
v 11.590791 8.321080 0.260000
v 11.728115 8.354049 0.260000
v 11.858591 8.408094 0.260000
v 11.979007 8.481885 0.260000
v 12.086396 8.573604 0.260000
v 12.178115 8.680993 0.260000
v 12.251906 8.801409 0.260000
v 12.305951 8.931885 0.260000
v 12.338920 9.069209 0.260000
v 12.350000 9.210000 0.260000
v 12.350000 17.910000 -0.160000
v 12.338920 18.050791 -0.160000
v 12.305951 18.188115 -0.160000
v 12.251906 18.318591 -0.160000
v 12.178115 18.439007 -0.160000
v 12.086396 18.546396 -0.160000
v 11.979007 18.638115 -0.160000
v 11.858591 18.711906 -0.160000
v 11.728115 18.765951 -0.160000
v 11.590791 18.798920 -0.160000
v 11.450000 18.810000 -0.160000
v -11.450000 18.810000 -0.160000
v -11.590791 18.798920 -0.160000
v -11.728115 18.765951 -0.160000
v -11.858591 18.711906 -0.160000
v -11.979007 18.638115 -0.160000
v -12.086396 18.546396 -0.160000
v -12.178115 18.439007 -0.160000
v -12.251906 18.318591 -0.160000
v -12.305951 18.188115 -0.160000
v -12.338920 18.050791 -0.160000
v -12.350000 17.910000 -0.160000
v -12.350000 9.210000 -0.160000
v -12.338920 9.069209 -0.160000
v -12.305951 8.931885 -0.160000
v -12.251906 8.801409 -0.160000
v -12.178115 8.680993 -0.160000
v -12.086396 8.573604 -0.160000
v -11.979007 8.481885 -0.160000
v -11.858591 8.408094 -0.160000
v -11.728115 8.354049 -0.160000
v -11.590791 8.321080 -0.160000
v -11.450000 8.310000 -0.160000
v 11.450000 8.310000 -0.160000
v 11.590791 8.321080 -0.160000
v 11.728115 8.354049 -0.160000
v 11.858591 8.408094 -0.160000
v 11.979007 8.481885 -0.160000
v 12.086396 8.573604 -0.160000
v 12.178115 8.680993 -0.160000
v 12.251906 8.801409 -0.160000
v 12.305951 8.931885 -0.160000
v 12.338920 9.069209 -0.160000
v 12.350000 9.210000 -0.160000
v -0.000000 13.560000 0.260000
v -0.000000 13.560000 -0.160000
v 13.300000 18.270000 0.110000
v 13.285718 18.451464 0.110000
v 13.243226 18.628460 0.110000
v 13.173568 18.796629 0.110000
v 13.078460 18.951831 0.110000
v 12.960244 19.090244 0.110000
v 12.821831 19.208460 0.110000
v 12.666629 19.303568 0.110000
v 12.498460 19.373226 0.110000
v 12.321464 19.415718 0.110000
v 12.140000 19.430000 0.110000
v -12.140000 19.430000 0.110000
v -12.321464 19.415718 0.110000
v -12.498460 19.373226 0.110000
v -12.666629 19.303568 0.110000
v -12.821831 19.208460 0.110000
v -12.960244 19.090244 0.110000
v -13.078460 18.951831 0.110000
v -13.173568 18.796629 0.110000
v -13.243226 18.628460 0.110000
v -13.285718 18.451464 0.110000
v -13.300000 18.270000 0.110000
v -13.300000 8.290000 0.110000
v -13.285718 8.108536 0.110000
v -13.243226 7.931540 0.110000
v -13.173568 7.763371 0.110000
v -13.078460 7.608169 0.110000
v -12.960244 7.469756 0.110000
v -12.821831 7.351540 0.110000
v -12.666629 7.256432 0.110000
v -12.498460 7.186774 0.110000
v -12.321464 7.144282 0.110000
v -12.140000 7.130000 0.110000
v 12.140000 7.130000 0.110000
v 12.321464 7.144282 0.110000
v 12.498460 7.186774 0.110000
v 12.666629 7.256432 0.110000
v 12.821831 7.351540 0.110000
v 12.960244 7.469756 0.110000
v 13.078460 7.608169 0.110000
v 13.173568 7.763371 0.110000
v 13.243226 7.931540 0.110000
v 13.285718 8.108536 0.110000
v 13.300000 8.290000 0.110000
v 13.300000 18.270000 -0.110000
v 13.285718 18.451464 -0.110000
v 13.243226 18.628460 -0.110000
v 13.173568 18.796629 -0.110000
v 13.078460 18.951831 -0.110000
v 12.960244 19.090244 -0.110000
v 12.821831 19.208460 -0.110000
v 12.666629 19.303568 -0.110000
v 12.498460 19.373226 -0.110000
v 12.321464 19.415718 -0.110000
v 12.140000 19.430000 -0.110000
v -12.140000 19.430000 -0.110000
v -12.321464 19.415718 -0.110000
v -12.498460 19.373226 -0.110000
v -12.666629 19.303568 -0.110000
v -12.821831 19.208460 -0.110000
v -12.960244 19.090244 -0.110000
v -13.078460 18.951831 -0.110000
v -13.173568 18.796629 -0.110000
v -13.243226 18.628460 -0.110000
v -13.285718 18.451464 -0.110000
v -13.300000 18.270000 -0.110000
v -13.300000 8.290000 -0.110000
v -13.285718 8.108536 -0.110000
v -13.243226 7.931540 -0.110000
v -13.173568 7.763371 -0.110000
v -13.078460 7.608169 -0.110000
v -12.960244 7.469756 -0.110000
v -12.821831 7.351540 -0.110000
v -12.666629 7.256432 -0.110000
v -12.498460 7.186774 -0.110000
v -12.321464 7.144282 -0.110000
v -12.140000 7.130000 -0.110000
v 12.140000 7.130000 -0.110000
v 12.321464 7.144282 -0.110000
v 12.498460 7.186774 -0.110000
v 12.666629 7.256432 -0.110000
v 12.821831 7.351540 -0.110000
v 12.960244 7.469756 -0.110000
v 13.078460 7.608169 -0.110000
v 13.173568 7.763371 -0.110000
v 13.243226 7.931540 -0.110000
v 13.285718 8.108536 -0.110000
v 13.300000 8.290000 -0.110000
v -0.000000 13.280000 0.110000
v -0.000000 13.280000 -0.110000
v 12.950000 13.625000 2.400000
v 12.950000 13.625000 -2.400000
v 12.950000 14.775000 -1.100000
v 12.950000 14.775000 1.100000
v 8.950000 13.625000 2.400000
v 8.950000 13.625000 -2.400000
v 8.950000 14.775000 -1.100000
v 8.950000 14.775000 1.100000
v -12.950000 13.625000 -2.400000
v -12.950000 13.625000 2.400000
v -12.950000 14.775000 1.100000
v -12.950000 14.775000 -1.100000
v -8.950000 13.625000 -2.400000
v -8.950000 13.625000 2.400000
v -8.950000 14.775000 1.100000
v -8.950000 14.775000 -1.100000
v -11.500000 13.700000 -3.950000
v 11.500000 13.700000 -3.950000
v 10.600000 14.700000 -3.950000
v -10.600000 14.700000 -3.950000
v -11.500000 13.700000 -5.750000
v 11.500000 13.700000 -5.750000
v 10.600000 14.700000 -5.750000
v -10.600000 14.700000 -5.750000
v 9.400000 20.950000 0.075000
v 9.392140 21.089956 0.075000
v 9.368660 21.228151 0.075000
v 9.329854 21.362849 0.075000
v 9.276211 21.492355 0.075000
v 9.208405 21.615040 0.075000
v 9.127289 21.729362 0.075000
v 9.033883 21.833883 0.075000
v 8.929362 21.927289 0.075000
v 8.815040 22.008405 0.075000
v 8.692355 22.076211 0.075000
v 8.562849 22.129854 0.075000
v 8.428151 22.168660 0.075000
v 8.289956 22.192140 0.075000
v 8.150000 22.200000 0.075000
v -8.150000 22.200000 0.075000
v -8.289956 22.192140 0.075000
v -8.428151 22.168660 0.075000
v -8.562849 22.129854 0.075000
v -8.692355 22.076211 0.075000
v -8.815040 22.008405 0.075000
v -8.929362 21.927289 0.075000
v -9.033883 21.833883 0.075000
v -9.127289 21.729362 0.075000
v -9.208405 21.615040 0.075000
v -9.276211 21.492355 0.075000
v -9.329854 21.362849 0.075000
v -9.368660 21.228151 0.075000
v -9.392140 21.089956 0.075000
v -9.400000 20.950000 0.075000
v -9.400000 17.550000 0.075000
v -9.392140 17.410044 0.075000
v -9.368660 17.271849 0.075000
v -9.329854 17.137151 0.075000
v -9.276211 17.007645 0.075000
v -9.208405 16.884960 0.075000
v -9.127289 16.770638 0.075000
v -9.033883 16.666117 0.075000
v -8.929362 16.572711 0.075000
v -8.815040 16.491595 0.075000
v -8.692355 16.423789 0.075000
v -8.562849 16.370146 0.075000
v -8.428151 16.331340 0.075000
v -8.289956 16.307860 0.075000
v -8.150000 16.300000 0.075000
v 8.150000 16.300000 0.075000
v 8.289956 16.307860 0.075000
v 8.428151 16.331340 0.075000
v 8.562849 16.370146 0.075000
v 8.692355 16.423789 0.075000
v 8.815040 16.491595 0.075000
v 8.929362 16.572711 0.075000
v 9.033883 16.666117 0.075000
v 9.127289 16.770638 0.075000
v 9.208405 16.884960 0.075000
v 9.276211 17.007645 0.075000
v 9.329854 17.137151 0.075000
v 9.368660 17.271849 0.075000
v 9.392140 17.410044 0.075000
v 9.400000 17.550000 0.075000
v 9.400000 20.950000 -1.175000
v 9.392140 21.089956 -1.175000
v 9.368660 21.228151 -1.175000
v 9.329854 21.362849 -1.175000
v 9.276211 21.492355 -1.175000
v 9.208405 21.615040 -1.175000
v 9.127289 21.729362 -1.175000
v 9.033883 21.833883 -1.175000
v 8.929362 21.927289 -1.175000
v 8.815040 22.008405 -1.175000
v 8.692355 22.076211 -1.175000
v 8.562849 22.129854 -1.175000
v 8.428151 22.168660 -1.175000
v 8.289956 22.192140 -1.175000
v 8.150000 22.200000 -1.175000
v -8.150000 22.200000 -1.175000
v -8.289956 22.192140 -1.175000
v -8.428151 22.168660 -1.175000
v -8.562849 22.129854 -1.175000
v -8.692355 22.076211 -1.175000
v -8.815040 22.008405 -1.175000
v -8.929362 21.927289 -1.175000
v -9.033883 21.833883 -1.175000
v -9.127289 21.729362 -1.175000
v -9.208405 21.615040 -1.175000
v -9.276211 21.492355 -1.175000
v -9.329854 21.362849 -1.175000
v -9.368660 21.228151 -1.175000
v -9.392140 21.089956 -1.175000
v -9.400000 20.950000 -1.175000
v -9.400000 17.550000 -1.175000
v -9.392140 17.410044 -1.175000
v -9.368660 17.271849 -1.175000
v -9.329854 17.137151 -1.175000
v -9.276211 17.007645 -1.175000
v -9.208405 16.884960 -1.175000
v -9.127289 16.770638 -1.175000
v -9.033883 16.666117 -1.175000
v -8.929362 16.572711 -1.175000
v -8.815040 16.491595 -1.175000
v -8.692355 16.423789 -1.175000
v -8.562849 16.370146 -1.175000
v -8.428151 16.331340 -1.175000
v -8.289956 16.307860 -1.175000
v -8.150000 16.300000 -1.175000
v 8.150000 16.300000 -1.175000
v 8.289956 16.307860 -1.175000
v 8.428151 16.331340 -1.175000
v 8.562849 16.370146 -1.175000
v 8.692355 16.423789 -1.175000
v 8.815040 16.491595 -1.175000
v 8.929362 16.572711 -1.175000
v 9.033883 16.666117 -1.175000
v 9.127289 16.770638 -1.175000
v 9.208405 16.884960 -1.175000
v 9.276211 17.007645 -1.175000
v 9.329854 17.137151 -1.175000
v 9.368660 17.271849 -1.175000
v 9.392140 17.410044 -1.175000
v 9.400000 17.550000 -1.175000
v -0.000000 19.250000 0.075000
v -0.000000 19.250000 -1.175000
v -8.350000 21.240000 0.245000
v 8.350000 21.240000 0.245000
v 8.950000 22.020000 0.245000
v -8.950000 22.020000 0.245000
v -8.350000 21.240000 -1.305000
v 8.350000 21.240000 -1.305000
v 8.950000 22.020000 -1.305000
v -8.950000 22.020000 -1.305000
v -7.800000 18.775000 -0.445000
v 7.800000 18.775000 -0.445000
v 7.800000 19.325000 -0.445000
v -7.800000 19.325000 -0.445000
v -7.800000 18.775000 0.105000
v 7.800000 18.775000 0.105000
v 7.800000 19.325000 0.105000
v -7.800000 19.325000 0.105000
v -7.300000 21.370000 0.080000
v -7.062736 21.322805 0.080000
v -7.108050 21.322805 0.219460
v -7.226681 21.322805 0.305651
v -7.373319 21.322805 0.305651
v -7.491950 21.322805 0.219460
v -7.537264 21.322805 0.080000
v -7.491950 21.322805 -0.059460
v -7.373319 21.322805 -0.145651
v -7.226681 21.322805 -0.145651
v -7.108050 21.322805 -0.059460
v -6.861594 21.188406 0.080000
v -6.945322 21.188406 0.337689
v -7.164525 21.188406 0.496949
v -7.435475 21.188406 0.496949
v -7.654678 21.188406 0.337689
v -7.738406 21.188406 0.080000
v -7.654678 21.188406 -0.177689
v -7.435475 21.188406 -0.336949
v -7.164525 21.188406 -0.336949
v -6.945322 21.188406 -0.177689
v -6.727195 20.987264 0.080000
v -6.836591 20.987264 0.416687
v -7.122993 20.987264 0.624770
v -7.477007 20.987264 0.624770
v -7.763409 20.987264 0.416687
v -7.872805 20.987264 0.080000
v -7.763409 20.987264 -0.256687
v -7.477007 20.987264 -0.464770
v -7.122993 20.987264 -0.464770
v -6.836591 20.987264 -0.256687
v -6.680000 20.750000 0.080000
v -6.798409 20.750000 0.444427
v -7.108409 20.750000 0.669655
v -7.491591 20.750000 0.669655
v -7.801591 20.750000 0.444427
v -7.920000 20.750000 0.080000
v -7.801591 20.750000 -0.284427
v -7.491591 20.750000 -0.509655
v -7.108409 20.750000 -0.509655
v -6.798409 20.750000 -0.284427
v -6.727195 20.512736 0.080000
v -6.836591 20.512736 0.416687
v -7.122993 20.512736 0.624770
v -7.477007 20.512736 0.624770
v -7.763409 20.512736 0.416687
v -7.872805 20.512736 0.080000
v -7.763409 20.512736 -0.256687
v -7.477007 20.512736 -0.464770
v -7.122993 20.512736 -0.464770
v -6.836591 20.512736 -0.256687
v -6.861594 20.311594 0.080000
v -6.945322 20.311594 0.337689
v -7.164525 20.311594 0.496949
v -7.435475 20.311594 0.496949
v -7.654678 20.311594 0.337689
v -7.738406 20.311594 0.080000
v -7.654678 20.311594 -0.177689
v -7.435475 20.311594 -0.336949
v -7.164525 20.311594 -0.336949
v -6.945322 20.311594 -0.177689
v -7.062736 20.177195 0.080000
v -7.108050 20.177195 0.219460
v -7.226681 20.177195 0.305651
v -7.373319 20.177195 0.305651
v -7.491950 20.177195 0.219460
v -7.537264 20.177195 0.080000
v -7.491950 20.177195 -0.059460
v -7.373319 20.177195 -0.145651
v -7.226681 20.177195 -0.145651
v -7.108050 20.177195 -0.059460
v -7.300000 20.130000 0.080000
v -8.400000 19.490000 0.080000
v -8.269888 19.464119 0.080000
v -8.294737 19.464119 0.156478
v -8.359793 19.464119 0.203744
v -8.440207 19.464119 0.203744
v -8.505263 19.464119 0.156478
v -8.530112 19.464119 0.080000
v -8.505263 19.464119 0.003522
v -8.440207 19.464119 -0.043744
v -8.359793 19.464119 -0.043744
v -8.294737 19.464119 0.003522
v -8.159584 19.390416 0.080000
v -8.205499 19.390416 0.221313
v -8.325707 19.390416 0.308649
v -8.474293 19.390416 0.308649
v -8.594501 19.390416 0.221313
v -8.640416 19.390416 0.080000
v -8.594501 19.390416 -0.061313
v -8.474293 19.390416 -0.148649
v -8.325707 19.390416 -0.148649
v -8.205499 19.390416 -0.061313
v -8.085881 19.280112 0.080000
v -8.145872 19.280112 0.264635
v -8.302932 19.280112 0.378745
v -8.497068 19.280112 0.378745
v -8.654128 19.280112 0.264635
v -8.714119 19.280112 0.080000
v -8.654128 19.280112 -0.104635
v -8.497068 19.280112 -0.218745
v -8.302932 19.280112 -0.218745
v -8.145872 19.280112 -0.104635
v -8.060000 19.150000 0.080000
v -8.124934 19.150000 0.279847
v -8.294934 19.150000 0.403359
v -8.505066 19.150000 0.403359
v -8.675066 19.150000 0.279847
v -8.740000 19.150000 0.080000
v -8.675066 19.150000 -0.119847
v -8.505066 19.150000 -0.243359
v -8.294934 19.150000 -0.243359
v -8.124934 19.150000 -0.119847
v -8.085881 19.019888 0.080000
v -8.145872 19.019888 0.264635
v -8.302932 19.019888 0.378745
v -8.497068 19.019888 0.378745
v -8.654128 19.019888 0.264635
v -8.714119 19.019888 0.080000
v -8.654128 19.019888 -0.104635
v -8.497068 19.019888 -0.218745
v -8.302932 19.019888 -0.218745
v -8.145872 19.019888 -0.104635
v -8.159584 18.909584 0.080000
v -8.205499 18.909584 0.221313
v -8.325707 18.909584 0.308649
v -8.474293 18.909584 0.308649
v -8.594501 18.909584 0.221313
v -8.640416 18.909584 0.080000
v -8.594501 18.909584 -0.061313
v -8.474293 18.909584 -0.148649
v -8.325707 18.909584 -0.148649
v -8.205499 18.909584 -0.061313
v -8.269888 18.835881 0.080000
v -8.294737 18.835881 0.156478
v -8.359793 18.835881 0.203744
v -8.440207 18.835881 0.203744
v -8.505263 18.835881 0.156478
v -8.530112 18.835881 0.080000
v -8.505263 18.835881 0.003522
v -8.440207 18.835881 -0.043744
v -8.359793 18.835881 -0.043744
v -8.294737 18.835881 0.003522
v -8.400000 18.810000 0.080000
v 7.350000 21.250000 0.080000
v 7.587264 21.202805 0.080000
v 7.541950 21.202805 0.219460
v 7.423319 21.202805 0.305651
v 7.276681 21.202805 0.305651
v 7.158050 21.202805 0.219460
v 7.112736 21.202805 0.080000
v 7.158050 21.202805 -0.059460
v 7.276681 21.202805 -0.145651
v 7.423319 21.202805 -0.145651
v 7.541950 21.202805 -0.059460
v 7.788406 21.068406 0.080000
v 7.704678 21.068406 0.337689
v 7.485475 21.068406 0.496949
v 7.214525 21.068406 0.496949
v 6.995322 21.068406 0.337689
v 6.911594 21.068406 0.080000
v 6.995322 21.068406 -0.177689
v 7.214525 21.068406 -0.336949
v 7.485475 21.068406 -0.336949
v 7.704678 21.068406 -0.177689
v 7.922805 20.867264 0.080000
v 7.813409 20.867264 0.416687
v 7.527007 20.867264 0.624770
v 7.172993 20.867264 0.624770
v 6.886591 20.867264 0.416687
v 6.777195 20.867264 0.080000
v 6.886591 20.867264 -0.256687
v 7.172993 20.867264 -0.464770
v 7.527007 20.867264 -0.464770
v 7.813409 20.867264 -0.256687
v 7.970000 20.630000 0.080000
v 7.851591 20.630000 0.444427
v 7.541591 20.630000 0.669655
v 7.158409 20.630000 0.669655
v 6.848409 20.630000 0.444427
v 6.730000 20.630000 0.080000
v 6.848409 20.630000 -0.284427
v 7.158409 20.630000 -0.509655
v 7.541591 20.630000 -0.509655
v 7.851591 20.630000 -0.284427
v 7.922805 20.392736 0.080000
v 7.813409 20.392736 0.416687
v 7.527007 20.392736 0.624770
v 7.172993 20.392736 0.624770
v 6.886591 20.392736 0.416687
v 6.777195 20.392736 0.080000
v 6.886591 20.392736 -0.256687
v 7.172993 20.392736 -0.464770
v 7.527007 20.392736 -0.464770
v 7.813409 20.392736 -0.256687
v 7.788406 20.191594 0.080000
v 7.704678 20.191594 0.337689
v 7.485475 20.191594 0.496949
v 7.214525 20.191594 0.496949
v 6.995322 20.191594 0.337689
v 6.911594 20.191594 0.080000
v 6.995322 20.191594 -0.177689
v 7.214525 20.191594 -0.336949
v 7.485475 20.191594 -0.336949
v 7.704678 20.191594 -0.177689
v 7.587264 20.057195 0.080000
v 7.541950 20.057195 0.219460
v 7.423319 20.057195 0.305651
v 7.276681 20.057195 0.305651
v 7.158050 20.057195 0.219460
v 7.112736 20.057195 0.080000
v 7.158050 20.057195 -0.059460
v 7.276681 20.057195 -0.145651
v 7.423319 20.057195 -0.145651
v 7.541950 20.057195 -0.059460
v 7.350000 20.010000 0.080000
v 8.300000 19.440000 0.080000
v 8.430112 19.414119 0.080000
v 8.405263 19.414119 0.156478
v 8.340207 19.414119 0.203744
v 8.259793 19.414119 0.203744
v 8.194737 19.414119 0.156478
v 8.169888 19.414119 0.080000
v 8.194737 19.414119 0.003522
v 8.259793 19.414119 -0.043744
v 8.340207 19.414119 -0.043744
v 8.405263 19.414119 0.003522
v 8.540416 19.340416 0.080000
v 8.494501 19.340416 0.221313
v 8.374293 19.340416 0.308649
v 8.225707 19.340416 0.308649
v 8.105499 19.340416 0.221313
v 8.059584 19.340416 0.080000
v 8.105499 19.340416 -0.061313
v 8.225707 19.340416 -0.148649
v 8.374293 19.340416 -0.148649
v 8.494501 19.340416 -0.061313
v 8.614119 19.230112 0.080000
v 8.554128 19.230112 0.264635
v 8.397068 19.230112 0.378745
v 8.202932 19.230112 0.378745
v 8.045872 19.230112 0.264635
v 7.985881 19.230112 0.080000
v 8.045872 19.230112 -0.104635
v 8.202932 19.230112 -0.218745
v 8.397068 19.230112 -0.218745
v 8.554128 19.230112 -0.104635
v 8.640000 19.100000 0.080000
v 8.575066 19.100000 0.279847
v 8.405066 19.100000 0.403359
v 8.194934 19.100000 0.403359
v 8.024934 19.100000 0.279847
v 7.960000 19.100000 0.080000
v 8.024934 19.100000 -0.119847
v 8.194934 19.100000 -0.243359
v 8.405066 19.100000 -0.243359
v 8.575066 19.100000 -0.119847
v 8.614119 18.969888 0.080000
v 8.554128 18.969888 0.264635
v 8.397068 18.969888 0.378745
v 8.202932 18.969888 0.378745
v 8.045872 18.969888 0.264635
v 7.985881 18.969888 0.080000
v 8.045872 18.969888 -0.104635
v 8.202932 18.969888 -0.218745
v 8.397068 18.969888 -0.218745
v 8.554128 18.969888 -0.104635
v 8.540416 18.859584 0.080000
v 8.494501 18.859584 0.221313
v 8.374293 18.859584 0.308649
v 8.225707 18.859584 0.308649
v 8.105499 18.859584 0.221313
v 8.059584 18.859584 0.080000
v 8.105499 18.859584 -0.061313
v 8.225707 18.859584 -0.148649
v 8.374293 18.859584 -0.148649
v 8.494501 18.859584 -0.061313
v 8.430112 18.785881 0.080000
v 8.405263 18.785881 0.156478
v 8.340207 18.785881 0.203744
v 8.259793 18.785881 0.203744
v 8.194737 18.785881 0.156478
v 8.169888 18.785881 0.080000
v 8.194737 18.785881 0.003522
v 8.259793 18.785881 -0.043744
v 8.340207 18.785881 -0.043744
v 8.405263 18.785881 0.003522
v 8.300000 18.760000 0.080000
v 6.350000 18.540000 0.080000
v 6.441844 18.521731 0.080000
v 6.424303 18.521731 0.133985
v 6.378381 18.521731 0.167349
v 6.321619 18.521731 0.167349
v 6.275697 18.521731 0.133985
v 6.258156 18.521731 0.080000
v 6.275697 18.521731 0.026015
v 6.321619 18.521731 -0.007349
v 6.378381 18.521731 -0.007349
v 6.424303 18.521731 0.026015
v 6.519706 18.469706 0.080000
v 6.487295 18.469706 0.179750
v 6.402442 18.469706 0.241400
v 6.297558 18.469706 0.241400
v 6.212705 18.469706 0.179750
v 6.180294 18.469706 0.080000
v 6.212705 18.469706 -0.019750
v 6.297558 18.469706 -0.081400
v 6.402442 18.469706 -0.081400
v 6.487295 18.469706 -0.019750
v 6.571731 18.391844 0.080000
v 6.529384 18.391844 0.210330
v 6.418519 18.391844 0.290879
v 6.281481 18.391844 0.290879
v 6.170616 18.391844 0.210330
v 6.128269 18.391844 0.080000
v 6.170616 18.391844 -0.050330
v 6.281481 18.391844 -0.130879
v 6.418519 18.391844 -0.130879
v 6.529384 18.391844 -0.050330
v 6.590000 18.300000 0.080000
v 6.544164 18.300000 0.221068
v 6.424164 18.300000 0.308254
v 6.275836 18.300000 0.308254
v 6.155836 18.300000 0.221068
v 6.110000 18.300000 0.080000
v 6.155836 18.300000 -0.061068
v 6.275836 18.300000 -0.148254
v 6.424164 18.300000 -0.148254
v 6.544164 18.300000 -0.061068
v 6.571731 18.208156 0.080000
v 6.529384 18.208156 0.210330
v 6.418519 18.208156 0.290879
v 6.281481 18.208156 0.290879
v 6.170616 18.208156 0.210330
v 6.128269 18.208156 0.080000
v 6.170616 18.208156 -0.050330
v 6.281481 18.208156 -0.130879
v 6.418519 18.208156 -0.130879
v 6.529384 18.208156 -0.050330
v 6.519706 18.130294 0.080000
v 6.487295 18.130294 0.179750
v 6.402442 18.130294 0.241400
v 6.297558 18.130294 0.241400
v 6.212705 18.130294 0.179750
v 6.180294 18.130294 0.080000
v 6.212705 18.130294 -0.019750
v 6.297558 18.130294 -0.081400
v 6.402442 18.130294 -0.081400
v 6.487295 18.130294 -0.019750
v 6.441844 18.078269 0.080000
v 6.424303 18.078269 0.133985
v 6.378381 18.078269 0.167349
v 6.321619 18.078269 0.167349
v 6.275697 18.078269 0.133985
v 6.258156 18.078269 0.080000
v 6.275697 18.078269 0.026015
v 6.321619 18.078269 -0.007349
v 6.378381 18.078269 -0.007349
v 6.424303 18.078269 0.026015
v 6.350000 18.060000 0.080000
v -6.200000 18.490000 0.080000
v -6.108156 18.471731 0.080000
v -6.125697 18.471731 0.133985
v -6.171619 18.471731 0.167349
v -6.228381 18.471731 0.167349
v -6.274303 18.471731 0.133985
v -6.291844 18.471731 0.080000
v -6.274303 18.471731 0.026015
v -6.228381 18.471731 -0.007349
v -6.171619 18.471731 -0.007349
v -6.125697 18.471731 0.026015
v -6.030294 18.419706 0.080000
v -6.062705 18.419706 0.179750
v -6.147558 18.419706 0.241400
v -6.252442 18.419706 0.241400
v -6.337295 18.419706 0.179750
v -6.369706 18.419706 0.080000
v -6.337295 18.419706 -0.019750
v -6.252442 18.419706 -0.081400
v -6.147558 18.419706 -0.081400
v -6.062705 18.419706 -0.019750
v -5.978269 18.341844 0.080000
v -6.020616 18.341844 0.210330
v -6.131481 18.341844 0.290879
v -6.268519 18.341844 0.290879
v -6.379384 18.341844 0.210330
v -6.421731 18.341844 0.080000
v -6.379384 18.341844 -0.050330
v -6.268519 18.341844 -0.130879
v -6.131481 18.341844 -0.130879
v -6.020616 18.341844 -0.050330
v -5.960000 18.250000 0.080000
v -6.005836 18.250000 0.221068
v -6.125836 18.250000 0.308254
v -6.274164 18.250000 0.308254
v -6.394164 18.250000 0.221068
v -6.440000 18.250000 0.080000
v -6.394164 18.250000 -0.061068
v -6.274164 18.250000 -0.148254
v -6.125836 18.250000 -0.148254
v -6.005836 18.250000 -0.061068
v -5.978269 18.158156 0.080000
v -6.020616 18.158156 0.210330
v -6.131481 18.158156 0.290879
v -6.268519 18.158156 0.290879
v -6.379384 18.158156 0.210330
v -6.421731 18.158156 0.080000
v -6.379384 18.158156 -0.050330
v -6.268519 18.158156 -0.130879
v -6.131481 18.158156 -0.130879
v -6.020616 18.158156 -0.050330
v -6.030294 18.080294 0.080000
v -6.062705 18.080294 0.179750
v -6.147558 18.080294 0.241400
v -6.252442 18.080294 0.241400
v -6.337295 18.080294 0.179750
v -6.369706 18.080294 0.080000
v -6.337295 18.080294 -0.019750
v -6.252442 18.080294 -0.081400
v -6.147558 18.080294 -0.081400
v -6.062705 18.080294 -0.019750
v -6.108156 18.028269 0.080000
v -6.125697 18.028269 0.133985
v -6.171619 18.028269 0.167349
v -6.228381 18.028269 0.167349
v -6.274303 18.028269 0.133985
v -6.291844 18.028269 0.080000
v -6.274303 18.028269 0.026015
v -6.228381 18.028269 -0.007349
v -6.171619 18.028269 -0.007349
v -6.125697 18.028269 0.026015
v -6.200000 18.010000 0.080000
v -10.592737 4.285302 3.775000
v -8.497852 4.138814 3.775000
v -8.131472 14.037369 3.775000
v -9.577939 14.138515 3.775000
v -10.592737 4.285302 1.825000
v -8.497852 4.138814 1.825000
v -8.131472 14.037369 1.825000
v -9.577939 14.138515 1.825000
v -10.625000 4.000000 1.450000
v -7.775000 4.000000 1.450000
v -7.775000 4.800000 1.450000
v -10.625000 4.800000 1.450000
v -10.625000 4.000000 4.150000
v -7.775000 4.000000 4.150000
v -7.775000 4.800000 4.150000
v -10.625000 4.800000 4.150000
v -7.750000 4.370000 2.800000
v -7.750000 3.990000 2.800000
v -7.786355 4.370000 3.122655
v -7.786355 3.990000 3.122655
v -7.893595 4.370000 3.429131
v -7.893595 3.990000 3.429131
v -8.066344 4.370000 3.704060
v -8.066344 3.990000 3.704060
v -8.295940 4.370000 3.933656
v -8.295940 3.990000 3.933656
v -8.570869 4.370000 4.106405
v -8.570869 3.990000 4.106405
v -8.877345 4.370000 4.213645
v -8.877345 3.990000 4.213645
v -9.200000 4.370000 4.250000
v -9.200000 3.990000 4.250000
v -9.522655 4.370000 4.213645
v -9.522655 3.990000 4.213645
v -9.829131 4.370000 4.106405
v -9.829131 3.990000 4.106405
v -10.104060 4.370000 3.933656
v -10.104060 3.990000 3.933656
v -10.333656 4.370000 3.704060
v -10.333656 3.990000 3.704060
v -10.506405 4.370000 3.429131
v -10.506405 3.990000 3.429131
v -10.613645 4.370000 3.122655
v -10.613645 3.990000 3.122655
v -10.650000 4.370000 2.800000
v -10.650000 3.990000 2.800000
v -10.613645 4.370000 2.477345
v -10.613645 3.990000 2.477345
v -10.506405 4.370000 2.170869
v -10.506405 3.990000 2.170869
v -10.333656 4.370000 1.895940
v -10.333656 3.990000 1.895940
v -10.104060 4.370000 1.666344
v -10.104060 3.990000 1.666344
v -9.829131 4.370000 1.493595
v -9.829131 3.990000 1.493595
v -9.522655 4.370000 1.386355
v -9.522655 3.990000 1.386355
v -9.200000 4.370000 1.350000
v -9.200000 3.990000 1.350000
v -8.877345 4.370000 1.386355
v -8.877345 3.990000 1.386355
v -8.570869 4.370000 1.493595
v -8.570869 3.990000 1.493595
v -8.295940 4.370000 1.666344
v -8.295940 3.990000 1.666344
v -8.066344 4.370000 1.895940
v -8.066344 3.990000 1.895940
v -7.893595 4.370000 2.170869
v -7.893595 3.990000 2.170869
v -7.786355 4.370000 2.477345
v -7.786355 3.990000 2.477345
v -9.200000 4.370000 2.800000
v -9.200000 3.990000 2.800000
v -10.100000 13.940000 1.975000
v -8.300000 13.940000 1.975000
v -8.300000 14.360000 1.975000
v -10.100000 14.360000 1.975000
v -10.100000 13.940000 3.625000
v -8.300000 13.940000 3.625000
v -8.300000 14.360000 3.625000
v -10.100000 14.360000 3.625000
v -8.380000 14.600000 2.800000
v -8.380000 14.320000 2.800000
v -8.407941 14.600000 3.012232
v -8.407941 14.320000 3.012232
v -8.489859 14.600000 3.210000
v -8.489859 14.320000 3.210000
v -8.620172 14.600000 3.379828
v -8.620172 14.320000 3.379828
v -8.790000 14.600000 3.510141
v -8.790000 14.320000 3.510141
v -8.987768 14.600000 3.592059
v -8.987768 14.320000 3.592059
v -9.200000 14.600000 3.620000
v -9.200000 14.320000 3.620000
v -9.412232 14.600000 3.592059
v -9.412232 14.320000 3.592059
v -9.610000 14.600000 3.510141
v -9.610000 14.320000 3.510141
v -9.779828 14.600000 3.379828
v -9.779828 14.320000 3.379828
v -9.910141 14.600000 3.210000
v -9.910141 14.320000 3.210000
v -9.992059 14.600000 3.012232
v -9.992059 14.320000 3.012232
v -10.020000 14.600000 2.800000
v -10.020000 14.320000 2.800000
v -9.992059 14.600000 2.587768
v -9.992059 14.320000 2.587768
v -9.910141 14.600000 2.390000
v -9.910141 14.320000 2.390000
v -9.779828 14.600000 2.220172
v -9.779828 14.320000 2.220172
v -9.610000 14.600000 2.089859
v -9.610000 14.320000 2.089859
v -9.412232 14.600000 2.007941
v -9.412232 14.320000 2.007941
v -9.200000 14.600000 1.980000
v -9.200000 14.320000 1.980000
v -8.987768 14.600000 2.007941
v -8.987768 14.320000 2.007941
v -8.790000 14.600000 2.089859
v -8.790000 14.320000 2.089859
v -8.620172 14.600000 2.220172
v -8.620172 14.320000 2.220172
v -8.489859 14.600000 2.390000
v -8.489859 14.320000 2.390000
v -8.407941 14.600000 2.587768
v -8.407941 14.320000 2.587768
v -9.200000 14.600000 2.800000
v -9.200000 14.320000 2.800000
v 10.592737 4.285302 3.775000
v 8.497852 4.138814 3.775000
v 8.131472 14.037369 3.775000
v 9.577939 14.138515 3.775000
v 10.592737 4.285302 1.825000
v 8.497852 4.138814 1.825000
v 8.131472 14.037369 1.825000
v 9.577939 14.138515 1.825000
v 10.625000 4.000000 1.450000
v 7.775000 4.000000 1.450000
v 7.775000 4.800000 1.450000
v 10.625000 4.800000 1.450000
v 10.625000 4.000000 4.150000
v 7.775000 4.000000 4.150000
v 7.775000 4.800000 4.150000
v 10.625000 4.800000 4.150000
v 7.750000 4.370000 2.800000
v 7.750000 3.990000 2.800000
v 7.786355 4.370000 3.122655
v 7.786355 3.990000 3.122655
v 7.893595 4.370000 3.429131
v 7.893595 3.990000 3.429131
v 8.066344 4.370000 3.704060
v 8.066344 3.990000 3.704060
v 8.295940 4.370000 3.933656
v 8.295940 3.990000 3.933656
v 8.570869 4.370000 4.106405
v 8.570869 3.990000 4.106405
v 8.877345 4.370000 4.213645
v 8.877345 3.990000 4.213645
v 9.200000 4.370000 4.250000
v 9.200000 3.990000 4.250000
v 9.522655 4.370000 4.213645
v 9.522655 3.990000 4.213645
v 9.829131 4.370000 4.106405
v 9.829131 3.990000 4.106405
v 10.104060 4.370000 3.933656
v 10.104060 3.990000 3.933656
v 10.333656 4.370000 3.704060
v 10.333656 3.990000 3.704060
v 10.506405 4.370000 3.429131
v 10.506405 3.990000 3.429131
v 10.613645 4.370000 3.122655
v 10.613645 3.990000 3.122655
v 10.650000 4.370000 2.800000
v 10.650000 3.990000 2.800000
v 10.613645 4.370000 2.477345
v 10.613645 3.990000 2.477345
v 10.506405 4.370000 2.170869
v 10.506405 3.990000 2.170869
v 10.333656 4.370000 1.895940
v 10.333656 3.990000 1.895940
v 10.104060 4.370000 1.666344
v 10.104060 3.990000 1.666344
v 9.829131 4.370000 1.493595
v 9.829131 3.990000 1.493595
v 9.522655 4.370000 1.386355
v 9.522655 3.990000 1.386355
v 9.200000 4.370000 1.350000
v 9.200000 3.990000 1.350000
v 8.877345 4.370000 1.386355
v 8.877345 3.990000 1.386355
v 8.570869 4.370000 1.493595
v 8.570869 3.990000 1.493595
v 8.295940 4.370000 1.666344
v 8.295940 3.990000 1.666344
v 8.066344 4.370000 1.895940
v 8.066344 3.990000 1.895940
v 7.893595 4.370000 2.170869
v 7.893595 3.990000 2.170869
v 7.786355 4.370000 2.477345
v 7.786355 3.990000 2.477345
v 9.200000 4.370000 2.800000
v 9.200000 3.990000 2.800000
v 10.100000 13.940000 1.975000
v 8.300000 13.940000 1.975000
v 8.300000 14.360000 1.975000
v 10.100000 14.360000 1.975000
v 10.100000 13.940000 3.625000
v 8.300000 13.940000 3.625000
v 8.300000 14.360000 3.625000
v 10.100000 14.360000 3.625000
v 8.380000 14.600000 2.800000
v 8.380000 14.320000 2.800000
v 8.407941 14.600000 3.012232
v 8.407941 14.320000 3.012232
v 8.489859 14.600000 3.210000
v 8.489859 14.320000 3.210000
v 8.620172 14.600000 3.379828
v 8.620172 14.320000 3.379828
v 8.790000 14.600000 3.510141
v 8.790000 14.320000 3.510141
v 8.987768 14.600000 3.592059
v 8.987768 14.320000 3.592059
v 9.200000 14.600000 3.620000
v 9.200000 14.320000 3.620000
v 9.412232 14.600000 3.592059
v 9.412232 14.320000 3.592059
v 9.610000 14.600000 3.510141
v 9.610000 14.320000 3.510141
v 9.779828 14.600000 3.379828
v 9.779828 14.320000 3.379828
v 9.910141 14.600000 3.210000
v 9.910141 14.320000 3.210000
v 9.992059 14.600000 3.012232
v 9.992059 14.320000 3.012232
v 10.020000 14.600000 2.800000
v 10.020000 14.320000 2.800000
v 9.992059 14.600000 2.587768
v 9.992059 14.320000 2.587768
v 9.910141 14.600000 2.390000
v 9.910141 14.320000 2.390000
v 9.779828 14.600000 2.220172
v 9.779828 14.320000 2.220172
v 9.610000 14.600000 2.089859
v 9.610000 14.320000 2.089859
v 9.412232 14.600000 2.007941
v 9.412232 14.320000 2.007941
v 9.200000 14.600000 1.980000
v 9.200000 14.320000 1.980000
v 8.987768 14.600000 2.007941
v 8.987768 14.320000 2.007941
v 8.790000 14.600000 2.089859
v 8.790000 14.320000 2.089859
v 8.620172 14.600000 2.220172
v 8.620172 14.320000 2.220172
v 8.489859 14.600000 2.390000
v 8.489859 14.320000 2.390000
v 8.407941 14.600000 2.587768
v 8.407941 14.320000 2.587768
v 9.200000 14.600000 2.800000
v 9.200000 14.320000 2.800000
v -7.168682 4.285302 -1.553000
v -9.095976 4.138814 -1.553000
v -9.433046 14.037369 -1.553000
v -8.102296 14.138515 -1.553000
v -7.168682 4.285302 -3.347000
v -9.095976 4.138814 -3.347000
v -9.433046 14.037369 -3.347000
v -8.102296 14.138515 -3.347000
v -7.139000 4.000000 -3.692000
v -9.761000 4.000000 -3.692000
v -9.761000 4.800000 -3.692000
v -7.139000 4.800000 -3.692000
v -7.139000 4.000000 -1.208000
v -9.761000 4.000000 -1.208000
v -9.761000 4.800000 -1.208000
v -7.139000 4.800000 -1.208000
v -9.784000 4.370000 -2.450000
v -9.784000 3.990000 -2.450000
v -9.750554 4.370000 -2.153157
v -9.750554 3.990000 -2.153157
v -9.651892 4.370000 -1.871199
v -9.651892 3.990000 -1.871199
v -9.492963 4.370000 -1.618265
v -9.492963 3.990000 -1.618265
v -9.281735 4.370000 -1.407037
v -9.281735 3.990000 -1.407037
v -9.028801 4.370000 -1.248108
v -9.028801 3.990000 -1.248108
v -8.746843 4.370000 -1.149446
v -8.746843 3.990000 -1.149446
v -8.450000 4.370000 -1.116000
v -8.450000 3.990000 -1.116000
v -8.153157 4.370000 -1.149446
v -8.153157 3.990000 -1.149446
v -7.871199 4.370000 -1.248108
v -7.871199 3.990000 -1.248108
v -7.618265 4.370000 -1.407037
v -7.618265 3.990000 -1.407037
v -7.407037 4.370000 -1.618265
v -7.407037 3.990000 -1.618265
v -7.248108 4.370000 -1.871199
v -7.248108 3.990000 -1.871199
v -7.149446 4.370000 -2.153157
v -7.149446 3.990000 -2.153157
v -7.116000 4.370000 -2.450000
v -7.116000 3.990000 -2.450000
v -7.149446 4.370000 -2.746843
v -7.149446 3.990000 -2.746843
v -7.248108 4.370000 -3.028801
v -7.248108 3.990000 -3.028801
v -7.407037 4.370000 -3.281735
v -7.407037 3.990000 -3.281735
v -7.618265 4.370000 -3.492963
v -7.618265 3.990000 -3.492963
v -7.871199 4.370000 -3.651892
v -7.871199 3.990000 -3.651892
v -8.153157 4.370000 -3.750554
v -8.153157 3.990000 -3.750554
v -8.450000 4.370000 -3.784000
v -8.450000 3.990000 -3.784000
v -8.746843 4.370000 -3.750554
v -8.746843 3.990000 -3.750554
v -9.028801 4.370000 -3.651892
v -9.028801 3.990000 -3.651892
v -9.281735 4.370000 -3.492963
v -9.281735 3.990000 -3.492963
v -9.492963 4.370000 -3.281735
v -9.492963 3.990000 -3.281735
v -9.651892 4.370000 -3.028801
v -9.651892 3.990000 -3.028801
v -9.750554 4.370000 -2.746843
v -9.750554 3.990000 -2.746843
v -8.450000 4.370000 -2.450000
v -8.450000 3.990000 -2.450000
v -7.622000 13.940000 -3.209000
v -9.278000 13.940000 -3.209000
v -9.278000 14.360000 -3.209000
v -7.622000 14.360000 -3.209000
v -7.622000 13.940000 -1.691000
v -9.278000 13.940000 -1.691000
v -9.278000 14.360000 -1.691000
v -7.622000 14.360000 -1.691000
v -9.204400 14.600000 -2.450000
v -9.204400 14.320000 -2.450000
v -9.178694 14.600000 -2.254747
v -9.178694 14.320000 -2.254747
v -9.103330 14.600000 -2.072800
v -9.103330 14.320000 -2.072800
v -8.983441 14.600000 -1.916559
v -8.983441 14.320000 -1.916559
v -8.827200 14.600000 -1.796670
v -8.827200 14.320000 -1.796670
v -8.645253 14.600000 -1.721306
v -8.645253 14.320000 -1.721306
v -8.450000 14.600000 -1.695600
v -8.450000 14.320000 -1.695600
v -8.254747 14.600000 -1.721306
v -8.254747 14.320000 -1.721306
v -8.072800 14.600000 -1.796670
v -8.072800 14.320000 -1.796670
v -7.916559 14.600000 -1.916559
v -7.916559 14.320000 -1.916559
v -7.796670 14.600000 -2.072800
v -7.796670 14.320000 -2.072800
v -7.721306 14.600000 -2.254747
v -7.721306 14.320000 -2.254747
v -7.695600 14.600000 -2.450000
v -7.695600 14.320000 -2.450000
v -7.721306 14.600000 -2.645253
v -7.721306 14.320000 -2.645253
v -7.796670 14.600000 -2.827200
v -7.796670 14.320000 -2.827200
v -7.916559 14.600000 -2.983441
v -7.916559 14.320000 -2.983441
v -8.072800 14.600000 -3.103330
v -8.072800 14.320000 -3.103330
v -8.254747 14.600000 -3.178694
v -8.254747 14.320000 -3.178694
v -8.450000 14.600000 -3.204400
v -8.450000 14.320000 -3.204400
v -8.645253 14.600000 -3.178694
v -8.645253 14.320000 -3.178694
v -8.827200 14.600000 -3.103330
v -8.827200 14.320000 -3.103330
v -8.983441 14.600000 -2.983441
v -8.983441 14.320000 -2.983441
v -9.103330 14.600000 -2.827200
v -9.103330 14.320000 -2.827200
v -9.178694 14.600000 -2.645253
v -9.178694 14.320000 -2.645253
v -8.450000 14.600000 -2.450000
v -8.450000 14.320000 -2.450000
v 7.168682 4.285302 -1.553000
v 9.095976 4.138814 -1.553000
v 9.433046 14.037369 -1.553000
v 8.102296 14.138515 -1.553000
v 7.168682 4.285302 -3.347000
v 9.095976 4.138814 -3.347000
v 9.433046 14.037369 -3.347000
v 8.102296 14.138515 -3.347000
v 7.139000 4.000000 -3.692000
v 9.761000 4.000000 -3.692000
v 9.761000 4.800000 -3.692000
v 7.139000 4.800000 -3.692000
v 7.139000 4.000000 -1.208000
v 9.761000 4.000000 -1.208000
v 9.761000 4.800000 -1.208000
v 7.139000 4.800000 -1.208000
v 9.784000 4.370000 -2.450000
v 9.784000 3.990000 -2.450000
v 9.750554 4.370000 -2.153157
v 9.750554 3.990000 -2.153157
v 9.651892 4.370000 -1.871199
v 9.651892 3.990000 -1.871199
v 9.492963 4.370000 -1.618265
v 9.492963 3.990000 -1.618265
v 9.281735 4.370000 -1.407037
v 9.281735 3.990000 -1.407037
v 9.028801 4.370000 -1.248108
v 9.028801 3.990000 -1.248108
v 8.746843 4.370000 -1.149446
v 8.746843 3.990000 -1.149446
v 8.450000 4.370000 -1.116000
v 8.450000 3.990000 -1.116000
v 8.153157 4.370000 -1.149446
v 8.153157 3.990000 -1.149446
v 7.871199 4.370000 -1.248108
v 7.871199 3.990000 -1.248108
v 7.618265 4.370000 -1.407037
v 7.618265 3.990000 -1.407037
v 7.407037 4.370000 -1.618265
v 7.407037 3.990000 -1.618265
v 7.248108 4.370000 -1.871199
v 7.248108 3.990000 -1.871199
v 7.149446 4.370000 -2.153157
v 7.149446 3.990000 -2.153157
v 7.116000 4.370000 -2.450000
v 7.116000 3.990000 -2.450000
v 7.149446 4.370000 -2.746843
v 7.149446 3.990000 -2.746843
v 7.248108 4.370000 -3.028801
v 7.248108 3.990000 -3.028801
v 7.407037 4.370000 -3.281735
v 7.407037 3.990000 -3.281735
v 7.618265 4.370000 -3.492963
v 7.618265 3.990000 -3.492963
v 7.871199 4.370000 -3.651892
v 7.871199 3.990000 -3.651892
v 8.153157 4.370000 -3.750554
v 8.153157 3.990000 -3.750554
v 8.450000 4.370000 -3.784000
v 8.450000 3.990000 -3.784000
v 8.746843 4.370000 -3.750554
v 8.746843 3.990000 -3.750554
v 9.028801 4.370000 -3.651892
v 9.028801 3.990000 -3.651892
v 9.281735 4.370000 -3.492963
v 9.281735 3.990000 -3.492963
v 9.492963 4.370000 -3.281735
v 9.492963 3.990000 -3.281735
v 9.651892 4.370000 -3.028801
v 9.651892 3.990000 -3.028801
v 9.750554 4.370000 -2.746843
v 9.750554 3.990000 -2.746843
v 8.450000 4.370000 -2.450000
v 8.450000 3.990000 -2.450000
v 7.622000 13.940000 -3.209000
v 9.278000 13.940000 -3.209000
v 9.278000 14.360000 -3.209000
v 7.622000 14.360000 -3.209000
v 7.622000 13.940000 -1.691000
v 9.278000 13.940000 -1.691000
v 9.278000 14.360000 -1.691000
v 7.622000 14.360000 -1.691000
v 9.204400 14.600000 -2.450000
v 9.204400 14.320000 -2.450000
v 9.178694 14.600000 -2.254747
v 9.178694 14.320000 -2.254747
v 9.103330 14.600000 -2.072800
v 9.103330 14.320000 -2.072800
v 8.983441 14.600000 -1.916559
v 8.983441 14.320000 -1.916559
v 8.827200 14.600000 -1.796670
v 8.827200 14.320000 -1.796670
v 8.645253 14.600000 -1.721306
v 8.645253 14.320000 -1.721306
v 8.450000 14.600000 -1.695600
v 8.450000 14.320000 -1.695600
v 8.254747 14.600000 -1.721306
v 8.254747 14.320000 -1.721306
v 8.072800 14.600000 -1.796670
v 8.072800 14.320000 -1.796670
v 7.916559 14.600000 -1.916559
v 7.916559 14.320000 -1.916559
v 7.796670 14.600000 -2.072800
v 7.796670 14.320000 -2.072800
v 7.721306 14.600000 -2.254747
v 7.721306 14.320000 -2.254747
v 7.695600 14.600000 -2.450000
v 7.695600 14.320000 -2.450000
v 7.721306 14.600000 -2.645253
v 7.721306 14.320000 -2.645253
v 7.796670 14.600000 -2.827200
v 7.796670 14.320000 -2.827200
v 7.916559 14.600000 -2.983441
v 7.916559 14.320000 -2.983441
v 8.072800 14.600000 -3.103330
v 8.072800 14.320000 -3.103330
v 8.254747 14.600000 -3.178694
v 8.254747 14.320000 -3.178694
v 8.450000 14.600000 -3.204400
v 8.450000 14.320000 -3.204400
v 8.645253 14.600000 -3.178694
v 8.645253 14.320000 -3.178694
v 8.827200 14.600000 -3.103330
v 8.827200 14.320000 -3.103330
v 8.983441 14.600000 -2.983441
v 8.983441 14.320000 -2.983441
v 9.103330 14.600000 -2.827200
v 9.103330 14.320000 -2.827200
v 9.178694 14.600000 -2.645253
v 9.178694 14.320000 -2.645253
v 8.450000 14.600000 -2.450000
v 8.450000 14.320000 -2.450000
v -9.400000 2.400000 3.250000
v 9.400000 2.400000 3.250000
v 7.700000 7.600000 3.250000
v -7.700000 7.600000 3.250000
v -9.400000 2.400000 -1.350000
v 9.400000 2.400000 -1.350000
v 7.700000 7.600000 -1.350000
v -7.700000 7.600000 -1.350000
v -10.150000 1.975000 3.625000
v 10.150000 1.975000 3.625000
v 8.800000 2.925000 3.625000
v -8.800000 2.925000 3.625000
v -10.150000 1.975000 -1.625000
v 10.150000 1.975000 -1.625000
v 8.800000 2.925000 -1.625000
v -8.800000 2.925000 -1.625000
v -10.350000 7.605000 -1.650000
v 10.350000 7.605000 -1.650000
v 10.350000 8.255000 -1.650000
v -10.350000 8.255000 -1.650000
v -10.350000 7.605000 3.750000
v 10.350000 7.605000 3.750000
v 10.350000 8.255000 3.750000
v -10.350000 8.255000 3.750000
v -9.975000 2.950000 -0.600000
v -7.725000 2.950000 -0.600000
v -7.725000 7.050000 -0.600000
v -9.975000 7.050000 -0.600000
v -9.975000 2.950000 2.800000
v -7.725000 2.950000 2.800000
v -7.725000 7.050000 2.800000
v -9.975000 7.050000 2.800000
v 7.725000 2.950000 -0.600000
v 9.975000 2.950000 -0.600000
v 9.975000 7.050000 -0.600000
v 7.725000 7.050000 -0.600000
v 7.725000 2.950000 2.800000
v 9.975000 2.950000 2.800000
v 9.975000 7.050000 2.800000
v 7.725000 7.050000 2.800000
v -6.300000 3.375000 3.580000
v 6.300000 3.375000 3.580000
v 5.300000 6.225000 3.580000
v -5.300000 6.225000 3.580000
v -6.300000 3.375000 2.880000
v 6.300000 3.375000 2.880000
v 5.300000 6.225000 2.880000
v -5.300000 6.225000 2.880000
v -6.400000 3.200000 3.875000
v 6.400000 3.200000 3.875000
v 5.000000 6.400000 3.875000
v -5.000000 6.400000 3.875000
v -6.400000 3.200000 3.225000
v 6.400000 3.200000 3.225000
v 5.000000 6.400000 3.225000
v -5.000000 6.400000 3.225000
v -5.550000 3.575000 3.920000
v 5.550000 3.575000 3.920000
v 4.300000 6.025000 3.920000
v -4.300000 6.025000 3.920000
v -5.550000 3.575000 3.540000
v 5.550000 3.575000 3.540000
v 4.300000 6.025000 3.540000
v -4.300000 6.025000 3.540000
v -6.500000 3.200000 3.455000
v -5.600000 3.200000 3.455000
v -5.600000 6.400000 3.455000
v -6.500000 6.400000 3.455000
v -6.500000 3.200000 3.805000
v -5.600000 3.200000 3.805000
v -5.600000 6.400000 3.805000
v -6.500000 6.400000 3.805000
v 5.600000 3.200000 3.455000
v 6.500000 3.200000 3.455000
v 6.500000 6.400000 3.455000
v 5.600000 6.400000 3.455000
v 5.600000 3.200000 3.805000
v 6.500000 3.200000 3.805000
v 6.500000 6.400000 3.805000
v 5.600000 6.400000 3.805000
v 1.200000 8.480000 -0.550000
v 1.200000 7.920000 -0.550000
v 1.164296 8.480000 -0.096340
v 1.164296 7.920000 -0.096340
v 1.058064 8.480000 0.346149
v 1.058064 7.920000 0.346149
v 0.883919 8.480000 0.766572
v 0.883919 7.920000 0.766572
v 0.646149 8.480000 1.154577
v 0.646149 7.920000 1.154577
v 0.350610 8.480000 1.500610
v 0.350610 7.920000 1.500610
v 0.004577 8.480000 1.796149
v 0.004577 7.920000 1.796149
v -0.383428 8.480000 2.033919
v -0.383428 7.920000 2.033919
v -0.803851 8.480000 2.208064
v -0.803851 7.920000 2.208064
v -1.246340 8.480000 2.314296
v -1.246340 7.920000 2.314296
v -1.700000 8.480000 2.350000
v -1.700000 7.920000 2.350000
v -2.153660 8.480000 2.314296
v -2.153660 7.920000 2.314296
v -2.596149 8.480000 2.208064
v -2.596149 7.920000 2.208064
v -3.016572 8.480000 2.033919
v -3.016572 7.920000 2.033919
v -3.404577 8.480000 1.796149
v -3.404577 7.920000 1.796149
v -3.750610 8.480000 1.500610
v -3.750610 7.920000 1.500610
v -4.046149 8.480000 1.154577
v -4.046149 7.920000 1.154577
v -4.283919 8.480000 0.766572
v -4.283919 7.920000 0.766572
v -4.458064 8.480000 0.346149
v -4.458064 7.920000 0.346149
v -4.564296 8.480000 -0.096340
v -4.564296 7.920000 -0.096340
v -4.600000 8.480000 -0.550000
v -4.600000 7.920000 -0.550000
v -4.564296 8.480000 -1.003660
v -4.564296 7.920000 -1.003660
v -4.458064 8.480000 -1.446149
v -4.458064 7.920000 -1.446149
v -4.283919 8.480000 -1.866572
v -4.283919 7.920000 -1.866572
v -4.046149 8.480000 -2.254577
v -4.046149 7.920000 -2.254577
v -3.750610 8.480000 -2.600610
v -3.750610 7.920000 -2.600610
v -3.404577 8.480000 -2.896149
v -3.404577 7.920000 -2.896149
v -3.016572 8.480000 -3.133919
v -3.016572 7.920000 -3.133919
v -2.596149 8.480000 -3.308064
v -2.596149 7.920000 -3.308064
v -2.153660 8.480000 -3.414296
v -2.153660 7.920000 -3.414296
v -1.700000 8.480000 -3.450000
v -1.700000 7.920000 -3.450000
v -1.246340 8.480000 -3.414296
v -1.246340 7.920000 -3.414296
v -0.803851 8.480000 -3.308064
v -0.803851 7.920000 -3.308064
v -0.383428 8.480000 -3.133919
v -0.383428 7.920000 -3.133919
v 0.004577 8.480000 -2.896149
v 0.004577 7.920000 -2.896149
v 0.350610 8.480000 -2.600610
v 0.350610 7.920000 -2.600610
v 0.646149 8.480000 -2.254577
v 0.646149 7.920000 -2.254577
v 0.883919 8.480000 -1.866572
v 0.883919 7.920000 -1.866572
v 1.058064 8.480000 -1.446149
v 1.058064 7.920000 -1.446149
v 1.164296 8.480000 -1.003660
v 1.164296 7.920000 -1.003660
v -1.700000 8.480000 -0.550000
v -1.700000 7.920000 -0.550000
v 0.650000 8.730000 -0.550000
v 0.650000 8.350000 -0.550000
v 0.621068 8.730000 -0.182379
v 0.621068 8.350000 -0.182379
v 0.534983 8.730000 0.176190
v 0.534983 8.350000 0.176190
v 0.393865 8.730000 0.516878
v 0.393865 8.350000 0.516878
v 0.201190 8.730000 0.831295
v 0.201190 8.350000 0.831295
v -0.038299 8.730000 1.111701
v -0.038299 8.350000 1.111701
v -0.318705 8.730000 1.351190
v -0.318705 8.350000 1.351190
v -0.633122 8.730000 1.543865
v -0.633122 8.350000 1.543865
v -0.973810 8.730000 1.684983
v -0.973810 8.350000 1.684983
v -1.332379 8.730000 1.771068
v -1.332379 8.350000 1.771068
v -1.700000 8.730000 1.800000
v -1.700000 8.350000 1.800000
v -2.067621 8.730000 1.771068
v -2.067621 8.350000 1.771068
v -2.426190 8.730000 1.684983
v -2.426190 8.350000 1.684983
v -2.766878 8.730000 1.543865
v -2.766878 8.350000 1.543865
v -3.081295 8.730000 1.351190
v -3.081295 8.350000 1.351190
v -3.361701 8.730000 1.111701
v -3.361701 8.350000 1.111701
v -3.601190 8.730000 0.831295
v -3.601190 8.350000 0.831295
v -3.793865 8.730000 0.516878
v -3.793865 8.350000 0.516878
v -3.934983 8.730000 0.176190
v -3.934983 8.350000 0.176190
v -4.021068 8.730000 -0.182379
v -4.021068 8.350000 -0.182379
v -4.050000 8.730000 -0.550000
v -4.050000 8.350000 -0.550000
v -4.021068 8.730000 -0.917621
v -4.021068 8.350000 -0.917621
v -3.934983 8.730000 -1.276190
v -3.934983 8.350000 -1.276190
v -3.793865 8.730000 -1.616878
v -3.793865 8.350000 -1.616878
v -3.601190 8.730000 -1.931295
v -3.601190 8.350000 -1.931295
v -3.361701 8.730000 -2.211701
v -3.361701 8.350000 -2.211701
v -3.081295 8.730000 -2.451190
v -3.081295 8.350000 -2.451190
v -2.766878 8.730000 -2.643865
v -2.766878 8.350000 -2.643865
v -2.426190 8.730000 -2.784983
v -2.426190 8.350000 -2.784983
v -2.067621 8.730000 -2.871068
v -2.067621 8.350000 -2.871068
v -1.700000 8.730000 -2.900000
v -1.700000 8.350000 -2.900000
v -1.332379 8.730000 -2.871068
v -1.332379 8.350000 -2.871068
v -0.973810 8.730000 -2.784983
v -0.973810 8.350000 -2.784983
v -0.633122 8.730000 -2.643865
v -0.633122 8.350000 -2.643865
v -0.318705 8.730000 -2.451190
v -0.318705 8.350000 -2.451190
v -0.038299 8.730000 -2.211701
v -0.038299 8.350000 -2.211701
v 0.201190 8.730000 -1.931295
v 0.201190 8.350000 -1.931295
v 0.393865 8.730000 -1.616878
v 0.393865 8.350000 -1.616878
v 0.534983 8.730000 -1.276190
v 0.534983 8.350000 -1.276190
v 0.621068 8.730000 -0.917621
v 0.621068 8.350000 -0.917621
v -1.700000 8.730000 -0.550000
v -1.700000 8.350000 -0.550000
v 0.660000 8.760000 -0.550000
v 0.642174 8.838099 -0.550000
v 0.592228 8.900730 -0.550000
v 0.520054 8.935487 -0.550000
v 0.439946 8.935487 -0.550000
v 0.367772 8.900730 -0.550000
v 0.317826 8.838099 -0.550000
v 0.300000 8.760000 -0.550000
v 0.317826 8.681901 -0.550000
v 0.367772 8.619270 -0.550000
v 0.439946 8.584513 -0.550000
v 0.520054 8.584513 -0.550000
v 0.592228 8.619270 -0.550000
v 0.642174 8.681901 -0.550000
v 0.624146 8.760000 -0.140190
v 0.606592 8.838099 -0.143286
v 0.557404 8.900730 -0.151959
v 0.486326 8.935487 -0.164492
v 0.407436 8.935487 -0.178402
v 0.336358 8.900730 -0.190935
v 0.287170 8.838099 -0.199608
v 0.269616 8.760000 -0.202704
v 0.287170 8.681901 -0.199608
v 0.336358 8.619270 -0.190935
v 0.407436 8.584513 -0.178402
v 0.486326 8.584513 -0.164492
v 0.557404 8.619270 -0.151959
v 0.606592 8.681901 -0.143286
v 0.517675 8.760000 0.257168
v 0.500924 8.838099 0.251071
v 0.453990 8.900730 0.233988
v 0.386168 8.935487 0.209303
v 0.310892 8.935487 0.181905
v 0.243070 8.900730 0.157220
v 0.196136 8.838099 0.140137
v 0.179385 8.760000 0.134040
v 0.196136 8.681901 0.140137
v 0.243070 8.619270 0.157220
v 0.310892 8.584513 0.181905
v 0.386168 8.584513 0.209303
v 0.453990 8.619270 0.233988
v 0.500924 8.681901 0.251071
v 0.343820 8.760000 0.630000
v 0.328383 8.838099 0.621087
v 0.285128 8.900730 0.596114
v 0.222623 8.935487 0.560027
v 0.153248 8.935487 0.519973
v 0.090743 8.900730 0.483886
v 0.047488 8.838099 0.458913
v 0.032051 8.760000 0.450000
v 0.047488 8.681901 0.458913
v 0.090743 8.619270 0.483886
v 0.153248 8.584513 0.519973
v 0.222623 8.584513 0.560027
v 0.285128 8.619270 0.596114
v 0.328383 8.681901 0.621087
v 0.107865 8.760000 0.966979
v 0.094210 8.838099 0.955521
v 0.055949 8.900730 0.923416
v 0.000660 8.935487 0.877023
v -0.060706 8.935487 0.825531
v -0.115995 8.900730 0.779138
v -0.154256 8.838099 0.747033
v -0.167911 8.760000 0.735575
v -0.154256 8.681901 0.747033
v -0.115995 8.619270 0.779138
v -0.060706 8.584513 0.825531
v 0.000660 8.584513 0.877023
v 0.055949 8.619270 0.923416
v 0.094210 8.681901 0.955521
v -0.183021 8.760000 1.257865
v -0.194479 8.838099 1.244210
v -0.226584 8.900730 1.205949
v -0.272977 8.935487 1.150660
v -0.324469 8.935487 1.089294
v -0.370862 8.900730 1.034005
v -0.402967 8.838099 0.995744
v -0.414425 8.760000 0.982089
v -0.402967 8.681901 0.995744
v -0.370862 8.619270 1.034005
v -0.324469 8.584513 1.089294
v -0.272977 8.584513 1.150660
v -0.226584 8.619270 1.205949
v -0.194479 8.681901 1.244210
v -0.520000 8.760000 1.493820
v -0.528913 8.838099 1.478383
v -0.553886 8.900730 1.435128
v -0.589973 8.935487 1.372623
v -0.630027 8.935487 1.303248
v -0.666114 8.900730 1.240743
v -0.691087 8.838099 1.197488
v -0.700000 8.760000 1.182051
v -0.691087 8.681901 1.197488
v -0.666114 8.619270 1.240743
v -0.630027 8.584513 1.303248
v -0.589973 8.584513 1.372623
v -0.553886 8.619270 1.435128
v -0.528913 8.681901 1.478383
v -0.892832 8.760000 1.667675
v -0.898929 8.838099 1.650924
v -0.916012 8.900730 1.603990
v -0.940697 8.935487 1.536168
v -0.968095 8.935487 1.460892
v -0.992780 8.900730 1.393070
v -1.009863 8.838099 1.346136
v -1.015960 8.760000 1.329385
v -1.009863 8.681901 1.346136
v -0.992780 8.619270 1.393070
v -0.968095 8.584513 1.460892
v -0.940697 8.584513 1.536168
v -0.916012 8.619270 1.603990
v -0.898929 8.681901 1.650924
v -1.290190 8.760000 1.774146
v -1.293286 8.838099 1.756592
v -1.301959 8.900730 1.707404
v -1.314492 8.935487 1.636326
v -1.328402 8.935487 1.557436
v -1.340935 8.900730 1.486358
v -1.349608 8.838099 1.437170
v -1.352704 8.760000 1.419616
v -1.349608 8.681901 1.437170
v -1.340935 8.619270 1.486358
v -1.328402 8.584513 1.557436
v -1.314492 8.584513 1.636326
v -1.301959 8.619270 1.707404
v -1.293286 8.681901 1.756592
v -1.700000 8.760000 1.810000
v -1.700000 8.838099 1.792174
v -1.700000 8.900730 1.742228
v -1.700000 8.935487 1.670054
v -1.700000 8.935487 1.589946
v -1.700000 8.900730 1.517772
v -1.700000 8.838099 1.467826
v -1.700000 8.760000 1.450000
v -1.700000 8.681901 1.467826
v -1.700000 8.619270 1.517772
v -1.700000 8.584513 1.589946
v -1.700000 8.584513 1.670054
v -1.700000 8.619270 1.742228
v -1.700000 8.681901 1.792174
v -2.109810 8.760000 1.774146
v -2.106714 8.838099 1.756592
v -2.098041 8.900730 1.707404
v -2.085508 8.935487 1.636326
v -2.071598 8.935487 1.557436
v -2.059065 8.900730 1.486358
v -2.050392 8.838099 1.437170
v -2.047296 8.760000 1.419616
v -2.050392 8.681901 1.437170
v -2.059065 8.619270 1.486358
v -2.071598 8.584513 1.557436
v -2.085508 8.584513 1.636326
v -2.098041 8.619270 1.707404
v -2.106714 8.681901 1.756592
v -2.507168 8.760000 1.667675
v -2.501071 8.838099 1.650924
v -2.483988 8.900730 1.603990
v -2.459303 8.935487 1.536168
v -2.431905 8.935487 1.460892
v -2.407220 8.900730 1.393070
v -2.390137 8.838099 1.346136
v -2.384040 8.760000 1.329385
v -2.390137 8.681901 1.346136
v -2.407220 8.619270 1.393070
v -2.431905 8.584513 1.460892
v -2.459303 8.584513 1.536168
v -2.483988 8.619270 1.603990
v -2.501071 8.681901 1.650924
v -2.880000 8.760000 1.493820
v -2.871087 8.838099 1.478383
v -2.846114 8.900730 1.435128
v -2.810027 8.935487 1.372623
v -2.769973 8.935487 1.303248
v -2.733886 8.900730 1.240743
v -2.708913 8.838099 1.197488
v -2.700000 8.760000 1.182051
v -2.708913 8.681901 1.197488
v -2.733886 8.619270 1.240743
v -2.769973 8.584513 1.303248
v -2.810027 8.584513 1.372623
v -2.846114 8.619270 1.435128
v -2.871087 8.681901 1.478383
v -3.216979 8.760000 1.257865
v -3.205521 8.838099 1.244210
v -3.173416 8.900730 1.205949
v -3.127023 8.935487 1.150660
v -3.075531 8.935487 1.089294
v -3.029138 8.900730 1.034005
v -2.997033 8.838099 0.995744
v -2.985575 8.760000 0.982089
v -2.997033 8.681901 0.995744
v -3.029138 8.619270 1.034005
v -3.075531 8.584513 1.089294
v -3.127023 8.584513 1.150660
v -3.173416 8.619270 1.205949
v -3.205521 8.681901 1.244210
v -3.507865 8.760000 0.966979
v -3.494210 8.838099 0.955521
v -3.455949 8.900730 0.923416
v -3.400660 8.935487 0.877023
v -3.339294 8.935487 0.825531
v -3.284005 8.900730 0.779138
v -3.245744 8.838099 0.747033
v -3.232089 8.760000 0.735575
v -3.245744 8.681901 0.747033
v -3.284005 8.619270 0.779138
v -3.339294 8.584513 0.825531
v -3.400660 8.584513 0.877023
v -3.455949 8.619270 0.923416
v -3.494210 8.681901 0.955521
v -3.743820 8.760000 0.630000
v -3.728383 8.838099 0.621087
v -3.685128 8.900730 0.596114
v -3.622623 8.935487 0.560027
v -3.553248 8.935487 0.519973
v -3.490743 8.900730 0.483886
v -3.447488 8.838099 0.458913
v -3.432051 8.760000 0.450000
v -3.447488 8.681901 0.458913
v -3.490743 8.619270 0.483886
v -3.553248 8.584513 0.519973
v -3.622623 8.584513 0.560027
v -3.685128 8.619270 0.596114
v -3.728383 8.681901 0.621087
v -3.917675 8.760000 0.257168
v -3.900924 8.838099 0.251071
v -3.853990 8.900730 0.233988
v -3.786168 8.935487 0.209303
v -3.710892 8.935487 0.181905
v -3.643070 8.900730 0.157220
v -3.596136 8.838099 0.140137
v -3.579385 8.760000 0.134040
v -3.596136 8.681901 0.140137
v -3.643070 8.619270 0.157220
v -3.710892 8.584513 0.181905
v -3.786168 8.584513 0.209303
v -3.853990 8.619270 0.233988
v -3.900924 8.681901 0.251071
v -4.024146 8.760000 -0.140190
v -4.006592 8.838099 -0.143286
v -3.957404 8.900730 -0.151959
v -3.886326 8.935487 -0.164492
v -3.807436 8.935487 -0.178402
v -3.736358 8.900730 -0.190935
v -3.687170 8.838099 -0.199608
v -3.669616 8.760000 -0.202704
v -3.687170 8.681901 -0.199608
v -3.736358 8.619270 -0.190935
v -3.807436 8.584513 -0.178402
v -3.886326 8.584513 -0.164492
v -3.957404 8.619270 -0.151959
v -4.006592 8.681901 -0.143286
v -4.060000 8.760000 -0.550000
v -4.042174 8.838099 -0.550000
v -3.992228 8.900730 -0.550000
v -3.920054 8.935487 -0.550000
v -3.839946 8.935487 -0.550000
v -3.767772 8.900730 -0.550000
v -3.717826 8.838099 -0.550000
v -3.700000 8.760000 -0.550000
v -3.717826 8.681901 -0.550000
v -3.767772 8.619270 -0.550000
v -3.839946 8.584513 -0.550000
v -3.920054 8.584513 -0.550000
v -3.992228 8.619270 -0.550000
v -4.042174 8.681901 -0.550000
v -4.024146 8.760000 -0.959810
v -4.006592 8.838099 -0.956714
v -3.957404 8.900730 -0.948041
v -3.886326 8.935487 -0.935508
v -3.807436 8.935487 -0.921598
v -3.736358 8.900730 -0.909065
v -3.687170 8.838099 -0.900392
v -3.669616 8.760000 -0.897296
v -3.687170 8.681901 -0.900392
v -3.736358 8.619270 -0.909065
v -3.807436 8.584513 -0.921598
v -3.886326 8.584513 -0.935508
v -3.957404 8.619270 -0.948041
v -4.006592 8.681901 -0.956714
v -3.917675 8.760000 -1.357168
v -3.900924 8.838099 -1.351071
v -3.853990 8.900730 -1.333988
v -3.786168 8.935487 -1.309303
v -3.710892 8.935487 -1.281905
v -3.643070 8.900730 -1.257220
v -3.596136 8.838099 -1.240137
v -3.579385 8.760000 -1.234040
v -3.596136 8.681901 -1.240137
v -3.643070 8.619270 -1.257220
v -3.710892 8.584513 -1.281905
v -3.786168 8.584513 -1.309303
v -3.853990 8.619270 -1.333988
v -3.900924 8.681901 -1.351071
v -3.743820 8.760000 -1.730000
v -3.728383 8.838099 -1.721087
v -3.685128 8.900730 -1.696114
v -3.622623 8.935487 -1.660027
v -3.553248 8.935487 -1.619973
v -3.490743 8.900730 -1.583886
v -3.447488 8.838099 -1.558913
v -3.432051 8.760000 -1.550000
v -3.447488 8.681901 -1.558913
v -3.490743 8.619270 -1.583886
v -3.553248 8.584513 -1.619973
v -3.622623 8.584513 -1.660027
v -3.685128 8.619270 -1.696114
v -3.728383 8.681901 -1.721087
v -3.507865 8.760000 -2.066979
v -3.494210 8.838099 -2.055521
v -3.455949 8.900730 -2.023416
v -3.400660 8.935487 -1.977023
v -3.339294 8.935487 -1.925531
v -3.284005 8.900730 -1.879138
v -3.245744 8.838099 -1.847033
v -3.232089 8.760000 -1.835575
v -3.245744 8.681901 -1.847033
v -3.284005 8.619270 -1.879138
v -3.339294 8.584513 -1.925531
v -3.400660 8.584513 -1.977023
v -3.455949 8.619270 -2.023416
v -3.494210 8.681901 -2.055521
v -3.216979 8.760000 -2.357865
v -3.205521 8.838099 -2.344210
v -3.173416 8.900730 -2.305949
v -3.127023 8.935487 -2.250660
v -3.075531 8.935487 -2.189294
v -3.029138 8.900730 -2.134005
v -2.997033 8.838099 -2.095744
v -2.985575 8.760000 -2.082089
v -2.997033 8.681901 -2.095744
v -3.029138 8.619270 -2.134005
v -3.075531 8.584513 -2.189294
v -3.127023 8.584513 -2.250660
v -3.173416 8.619270 -2.305949
v -3.205521 8.681901 -2.344210
v -2.880000 8.760000 -2.593820
v -2.871087 8.838099 -2.578383
v -2.846114 8.900730 -2.535128
v -2.810027 8.935487 -2.472623
v -2.769973 8.935487 -2.403248
v -2.733886 8.900730 -2.340743
v -2.708913 8.838099 -2.297488
v -2.700000 8.760000 -2.282051
v -2.708913 8.681901 -2.297488
v -2.733886 8.619270 -2.340743
v -2.769973 8.584513 -2.403248
v -2.810027 8.584513 -2.472623
v -2.846114 8.619270 -2.535128
v -2.871087 8.681901 -2.578383
v -2.507168 8.760000 -2.767675
v -2.501071 8.838099 -2.750924
v -2.483988 8.900730 -2.703990
v -2.459303 8.935487 -2.636168
v -2.431905 8.935487 -2.560892
v -2.407220 8.900730 -2.493070
v -2.390137 8.838099 -2.446136
v -2.384040 8.760000 -2.429385
v -2.390137 8.681901 -2.446136
v -2.407220 8.619270 -2.493070
v -2.431905 8.584513 -2.560892
v -2.459303 8.584513 -2.636168
v -2.483988 8.619270 -2.703990
v -2.501071 8.681901 -2.750924
v -2.109810 8.760000 -2.874146
v -2.106714 8.838099 -2.856592
v -2.098041 8.900730 -2.807404
v -2.085508 8.935487 -2.736326
v -2.071598 8.935487 -2.657436
v -2.059065 8.900730 -2.586358
v -2.050392 8.838099 -2.537170
v -2.047296 8.760000 -2.519616
v -2.050392 8.681901 -2.537170
v -2.059065 8.619270 -2.586358
v -2.071598 8.584513 -2.657436
v -2.085508 8.584513 -2.736326
v -2.098041 8.619270 -2.807404
v -2.106714 8.681901 -2.856592
v -1.700000 8.760000 -2.910000
v -1.700000 8.838099 -2.892174
v -1.700000 8.900730 -2.842228
v -1.700000 8.935487 -2.770054
v -1.700000 8.935487 -2.689946
v -1.700000 8.900730 -2.617772
v -1.700000 8.838099 -2.567826
v -1.700000 8.760000 -2.550000
v -1.700000 8.681901 -2.567826
v -1.700000 8.619270 -2.617772
v -1.700000 8.584513 -2.689946
v -1.700000 8.584513 -2.770054
v -1.700000 8.619270 -2.842228
v -1.700000 8.681901 -2.892174
v -1.290190 8.760000 -2.874146
v -1.293286 8.838099 -2.856592
v -1.301959 8.900730 -2.807404
v -1.314492 8.935487 -2.736326
v -1.328402 8.935487 -2.657436
v -1.340935 8.900730 -2.586358
v -1.349608 8.838099 -2.537170
v -1.352704 8.760000 -2.519616
v -1.349608 8.681901 -2.537170
v -1.340935 8.619270 -2.586358
v -1.328402 8.584513 -2.657436
v -1.314492 8.584513 -2.736326
v -1.301959 8.619270 -2.807404
v -1.293286 8.681901 -2.856592
v -0.892832 8.760000 -2.767675
v -0.898929 8.838099 -2.750924
v -0.916012 8.900730 -2.703990
v -0.940697 8.935487 -2.636168
v -0.968095 8.935487 -2.560892
v -0.992780 8.900730 -2.493070
v -1.009863 8.838099 -2.446136
v -1.015960 8.760000 -2.429385
v -1.009863 8.681901 -2.446136
v -0.992780 8.619270 -2.493070
v -0.968095 8.584513 -2.560892
v -0.940697 8.584513 -2.636168
v -0.916012 8.619270 -2.703990
v -0.898929 8.681901 -2.750924
v -0.520000 8.760000 -2.593820
v -0.528913 8.838099 -2.578383
v -0.553886 8.900730 -2.535128
v -0.589973 8.935487 -2.472623
v -0.630027 8.935487 -2.403248
v -0.666114 8.900730 -2.340743
v -0.691087 8.838099 -2.297488
v -0.700000 8.760000 -2.282051
v -0.691087 8.681901 -2.297488
v -0.666114 8.619270 -2.340743
v -0.630027 8.584513 -2.403248
v -0.589973 8.584513 -2.472623
v -0.553886 8.619270 -2.535128
v -0.528913 8.681901 -2.578383
v -0.183021 8.760000 -2.357865
v -0.194479 8.838099 -2.344210
v -0.226584 8.900730 -2.305949
v -0.272977 8.935487 -2.250660
v -0.324469 8.935487 -2.189294
v -0.370862 8.900730 -2.134005
v -0.402967 8.838099 -2.095744
v -0.414425 8.760000 -2.082089
v -0.402967 8.681901 -2.095744
v -0.370862 8.619270 -2.134005
v -0.324469 8.584513 -2.189294
v -0.272977 8.584513 -2.250660
v -0.226584 8.619270 -2.305949
v -0.194479 8.681901 -2.344210
v 0.107865 8.760000 -2.066979
v 0.094210 8.838099 -2.055521
v 0.055949 8.900730 -2.023416
v 0.000660 8.935487 -1.977023
v -0.060706 8.935487 -1.925531
v -0.115995 8.900730 -1.879138
v -0.154256 8.838099 -1.847033
v -0.167911 8.760000 -1.835575
v -0.154256 8.681901 -1.847033
v -0.115995 8.619270 -1.879138
v -0.060706 8.584513 -1.925531
v 0.000660 8.584513 -1.977023
v 0.055949 8.619270 -2.023416
v 0.094210 8.681901 -2.055521
v 0.343820 8.760000 -1.730000
v 0.328383 8.838099 -1.721087
v 0.285128 8.900730 -1.696114
v 0.222623 8.935487 -1.660027
v 0.153248 8.935487 -1.619973
v 0.090743 8.900730 -1.583886
v 0.047488 8.838099 -1.558913
v 0.032051 8.760000 -1.550000
v 0.047488 8.681901 -1.558913
v 0.090743 8.619270 -1.583886
v 0.153248 8.584513 -1.619973
v 0.222623 8.584513 -1.660027
v 0.285128 8.619270 -1.696114
v 0.328383 8.681901 -1.721087
v 0.517675 8.760000 -1.357168
v 0.500924 8.838099 -1.351071
v 0.453990 8.900730 -1.333988
v 0.386168 8.935487 -1.309303
v 0.310892 8.935487 -1.281905
v 0.243070 8.900730 -1.257220
v 0.196136 8.838099 -1.240137
v 0.179385 8.760000 -1.234040
v 0.196136 8.681901 -1.240137
v 0.243070 8.619270 -1.257220
v 0.310892 8.584513 -1.281905
v 0.386168 8.584513 -1.309303
v 0.453990 8.619270 -1.333988
v 0.500924 8.681901 -1.351071
v 0.624146 8.760000 -0.959810
v 0.606592 8.838099 -0.956714
v 0.557404 8.900730 -0.948041
v 0.486326 8.935487 -0.935508
v 0.407436 8.935487 -0.921598
v 0.336358 8.900730 -0.909065
v 0.287170 8.838099 -0.900392
v 0.269616 8.760000 -0.897296
v 0.287170 8.681901 -0.900392
v 0.336358 8.619270 -0.909065
v 0.407436 8.584513 -0.921598
v 0.486326 8.584513 -0.935508
v 0.557404 8.619270 -0.948041
v 0.606592 8.681901 -0.956714
v 0.850000 8.495000 -0.550000
v 0.500000 8.145000 -0.550000
v 0.818605 8.495000 -0.151092
v 0.472914 8.145000 -0.205844
v 0.725194 8.495000 0.237993
v 0.392324 8.145000 0.129837
v 0.572067 8.495000 0.607676
v 0.260214 8.145000 0.448779
v 0.362993 8.495000 0.948852
v 0.079837 8.145000 0.743128
v 0.103122 8.495000 1.253122
v -0.144365 8.145000 1.005635
v -0.201148 8.495000 1.512993
v -0.406872 8.145000 1.229837
v -0.542324 8.495000 1.722067
v -0.701221 8.145000 1.410214
v -0.912007 8.495000 1.875194
v -1.020163 8.145000 1.542324
v -1.301092 8.495000 1.968605
v -1.355844 8.145000 1.622914
v -1.700000 8.495000 2.000000
v -1.700000 8.145000 1.650000
v -2.098908 8.495000 1.968605
v -2.044156 8.145000 1.622914
v -2.487993 8.495000 1.875194
v -2.379837 8.145000 1.542324
v -2.857676 8.495000 1.722067
v -2.698779 8.145000 1.410214
v -3.198852 8.495000 1.512993
v -2.993128 8.145000 1.229837
v -3.503122 8.495000 1.253122
v -3.255635 8.145000 1.005635
v -3.762993 8.495000 0.948852
v -3.479837 8.145000 0.743128
v -3.972067 8.495000 0.607676
v -3.660214 8.145000 0.448779
v -4.125194 8.495000 0.237993
v -3.792324 8.145000 0.129837
v -4.218605 8.495000 -0.151092
v -3.872914 8.145000 -0.205844
v -4.250000 8.495000 -0.550000
v -3.900000 8.145000 -0.550000
v -4.218605 8.495000 -0.948908
v -3.872914 8.145000 -0.894156
v -4.125194 8.495000 -1.337993
v -3.792324 8.145000 -1.229837
v -3.972067 8.495000 -1.707676
v -3.660214 8.145000 -1.548779
v -3.762993 8.495000 -2.048852
v -3.479837 8.145000 -1.843128
v -3.503122 8.495000 -2.353122
v -3.255635 8.145000 -2.105635
v -3.198852 8.495000 -2.612993
v -2.993128 8.145000 -2.329837
v -2.857676 8.495000 -2.822067
v -2.698779 8.145000 -2.510214
v -2.487993 8.495000 -2.975194
v -2.379837 8.145000 -2.642324
v -2.098908 8.495000 -3.068605
v -2.044156 8.145000 -2.722914
v -1.700000 8.495000 -3.100000
v -1.700000 8.145000 -2.750000
v -1.301092 8.495000 -3.068605
v -1.355844 8.145000 -2.722914
v -0.912007 8.495000 -2.975194
v -1.020163 8.145000 -2.642324
v -0.542324 8.495000 -2.822067
v -0.701221 8.145000 -2.510214
v -0.201148 8.495000 -2.612993
v -0.406872 8.145000 -2.329837
v 0.103122 8.495000 -2.353122
v -0.144365 8.145000 -2.105635
v 0.362993 8.495000 -2.048852
v 0.079837 8.145000 -1.843128
v 0.572067 8.495000 -1.707676
v 0.260214 8.145000 -1.548779
v 0.725194 8.495000 -1.337993
v 0.392324 8.145000 -1.229837
v 0.818605 8.495000 -0.948908
v 0.472914 8.145000 -0.894156
v 1.200000 12.600000 -0.550000
v 1.200000 12.100000 -0.550000
v 1.164296 12.600000 -0.096340
v 1.164296 12.100000 -0.096340
v 1.058064 12.600000 0.346149
v 1.058064 12.100000 0.346149
v 0.883919 12.600000 0.766572
v 0.883919 12.100000 0.766572
v 0.646149 12.600000 1.154577
v 0.646149 12.100000 1.154577
v 0.350610 12.600000 1.500610
v 0.350610 12.100000 1.500610
v 0.004577 12.600000 1.796149
v 0.004577 12.100000 1.796149
v -0.383428 12.600000 2.033919
v -0.383428 12.100000 2.033919
v -0.803851 12.600000 2.208064
v -0.803851 12.100000 2.208064
v -1.246340 12.600000 2.314296
v -1.246340 12.100000 2.314296
v -1.700000 12.600000 2.350000
v -1.700000 12.100000 2.350000
v -2.153660 12.600000 2.314296
v -2.153660 12.100000 2.314296
v -2.596149 12.600000 2.208064
v -2.596149 12.100000 2.208064
v -3.016572 12.600000 2.033919
v -3.016572 12.100000 2.033919
v -3.404577 12.600000 1.796149
v -3.404577 12.100000 1.796149
v -3.750610 12.600000 1.500610
v -3.750610 12.100000 1.500610
v -4.046149 12.600000 1.154577
v -4.046149 12.100000 1.154577
v -4.283919 12.600000 0.766572
v -4.283919 12.100000 0.766572
v -4.458064 12.600000 0.346149
v -4.458064 12.100000 0.346149
v -4.564296 12.600000 -0.096340
v -4.564296 12.100000 -0.096340
v -4.600000 12.600000 -0.550000
v -4.600000 12.100000 -0.550000
v -4.564296 12.600000 -1.003660
v -4.564296 12.100000 -1.003660
v -4.458064 12.600000 -1.446149
v -4.458064 12.100000 -1.446149
v -4.283919 12.600000 -1.866572
v -4.283919 12.100000 -1.866572
v -4.046149 12.600000 -2.254577
v -4.046149 12.100000 -2.254577
v -3.750610 12.600000 -2.600610
v -3.750610 12.100000 -2.600610
v -3.404577 12.600000 -2.896149
v -3.404577 12.100000 -2.896149
v -3.016572 12.600000 -3.133919
v -3.016572 12.100000 -3.133919
v -2.596149 12.600000 -3.308064
v -2.596149 12.100000 -3.308064
v -2.153660 12.600000 -3.414296
v -2.153660 12.100000 -3.414296
v -1.700000 12.600000 -3.450000
v -1.700000 12.100000 -3.450000
v -1.246340 12.600000 -3.414296
v -1.246340 12.100000 -3.414296
v -0.803851 12.600000 -3.308064
v -0.803851 12.100000 -3.308064
v -0.383428 12.600000 -3.133919
v -0.383428 12.100000 -3.133919
v 0.004577 12.600000 -2.896149
v 0.004577 12.100000 -2.896149
v 0.350610 12.600000 -2.600610
v 0.350610 12.100000 -2.600610
v 0.646149 12.600000 -2.254577
v 0.646149 12.100000 -2.254577
v 0.883919 12.600000 -1.866572
v 0.883919 12.100000 -1.866572
v 1.058064 12.600000 -1.446149
v 1.058064 12.100000 -1.446149
v 1.164296 12.600000 -1.003660
v 1.164296 12.100000 -1.003660
v -1.700000 12.600000 -0.550000
v -1.700000 12.100000 -0.550000
v 0.600000 12.250000 -0.550000
v 0.600000 11.930000 -0.550000
v 0.571683 12.250000 -0.190201
v 0.571683 11.930000 -0.190201
v 0.487430 12.250000 0.160739
v 0.487430 11.930000 0.160739
v 0.349315 12.250000 0.494178
v 0.349315 11.930000 0.494178
v 0.160739 12.250000 0.801906
v 0.160739 11.930000 0.801906
v -0.073654 12.250000 1.076346
v -0.073654 11.930000 1.076346
v -0.348094 12.250000 1.310739
v -0.348094 11.930000 1.310739
v -0.655822 12.250000 1.499315
v -0.655822 11.930000 1.499315
v -0.989261 12.250000 1.637430
v -0.989261 11.930000 1.637430
v -1.340201 12.250000 1.721683
v -1.340201 11.930000 1.721683
v -1.700000 12.250000 1.750000
v -1.700000 11.930000 1.750000
v -2.059799 12.250000 1.721683
v -2.059799 11.930000 1.721683
v -2.410739 12.250000 1.637430
v -2.410739 11.930000 1.637430
v -2.744178 12.250000 1.499315
v -2.744178 11.930000 1.499315
v -3.051906 12.250000 1.310739
v -3.051906 11.930000 1.310739
v -3.326346 12.250000 1.076346
v -3.326346 11.930000 1.076346
v -3.560739 12.250000 0.801906
v -3.560739 11.930000 0.801906
v -3.749315 12.250000 0.494178
v -3.749315 11.930000 0.494178
v -3.887430 12.250000 0.160739
v -3.887430 11.930000 0.160739
v -3.971683 12.250000 -0.190201
v -3.971683 11.930000 -0.190201
v -4.000000 12.250000 -0.550000
v -4.000000 11.930000 -0.550000
v -3.971683 12.250000 -0.909799
v -3.971683 11.930000 -0.909799
v -3.887430 12.250000 -1.260739
v -3.887430 11.930000 -1.260739
v -3.749315 12.250000 -1.594178
v -3.749315 11.930000 -1.594178
v -3.560739 12.250000 -1.901906
v -3.560739 11.930000 -1.901906
v -3.326346 12.250000 -2.176346
v -3.326346 11.930000 -2.176346
v -3.051906 12.250000 -2.410739
v -3.051906 11.930000 -2.410739
v -2.744178 12.250000 -2.599315
v -2.744178 11.930000 -2.599315
v -2.410739 12.250000 -2.737430
v -2.410739 11.930000 -2.737430
v -2.059799 12.250000 -2.821683
v -2.059799 11.930000 -2.821683
v -1.700000 12.250000 -2.850000
v -1.700000 11.930000 -2.850000
v -1.340201 12.250000 -2.821683
v -1.340201 11.930000 -2.821683
v -0.989261 12.250000 -2.737430
v -0.989261 11.930000 -2.737430
v -0.655822 12.250000 -2.599315
v -0.655822 11.930000 -2.599315
v -0.348094 12.250000 -2.410739
v -0.348094 11.930000 -2.410739
v -0.073654 12.250000 -2.176346
v -0.073654 11.930000 -2.176346
v 0.160739 12.250000 -1.901906
v 0.160739 11.930000 -1.901906
v 0.349315 12.250000 -1.594178
v 0.349315 11.930000 -1.594178
v 0.487430 12.250000 -1.260739
v 0.487430 11.930000 -1.260739
v 0.571683 12.250000 -0.909799
v 0.571683 11.930000 -0.909799
v -1.700000 12.250000 -0.550000
v -1.700000 11.930000 -0.550000
v 0.630000 11.870000 -0.550000
v 0.612174 11.948099 -0.550000
v 0.562228 12.010730 -0.550000
v 0.490054 12.045487 -0.550000
v 0.409946 12.045487 -0.550000
v 0.337772 12.010730 -0.550000
v 0.287826 11.948099 -0.550000
v 0.270000 11.870000 -0.550000
v 0.287826 11.791901 -0.550000
v 0.337772 11.729270 -0.550000
v 0.409946 11.694513 -0.550000
v 0.490054 11.694513 -0.550000
v 0.562228 11.729270 -0.550000
v 0.612174 11.791901 -0.550000
v 0.594602 11.870000 -0.145400
v 0.577047 11.948099 -0.148495
v 0.527860 12.010730 -0.157168
v 0.456782 12.045487 -0.169701
v 0.377891 12.045487 -0.183612
v 0.306814 12.010730 -0.196145
v 0.257626 11.948099 -0.204818
v 0.240071 11.870000 -0.207913
v 0.257626 11.791901 -0.204818
v 0.306814 11.729270 -0.196145
v 0.377891 11.694513 -0.183612
v 0.456782 11.694513 -0.169701
v 0.527860 11.729270 -0.157168
v 0.577047 11.791901 -0.148495
v 0.489484 11.870000 0.246907
v 0.472733 11.948099 0.240810
v 0.425799 12.010730 0.223728
v 0.357977 12.045487 0.199043
v 0.282701 12.045487 0.171644
v 0.214879 12.010730 0.146959
v 0.167945 11.948099 0.129876
v 0.151194 11.870000 0.123780
v 0.167945 11.791901 0.129876
v 0.214879 11.729270 0.146959
v 0.282701 11.694513 0.171644
v 0.357977 11.694513 0.199043
v 0.425799 11.729270 0.223728
v 0.472733 11.791901 0.240810
v 0.317839 11.870000 0.615000
v 0.302402 11.948099 0.606087
v 0.259147 12.010730 0.581114
v 0.196642 12.045487 0.545027
v 0.127267 12.045487 0.504973
v 0.064762 12.010730 0.468886
v 0.021507 11.948099 0.443913
v 0.006070 11.870000 0.435000
v 0.021507 11.791901 0.443913
v 0.064762 11.729270 0.468886
v 0.127267 11.694513 0.504973
v 0.196642 11.694513 0.545027
v 0.259147 11.729270 0.581114
v 0.302402 11.791901 0.606087
v 0.084884 11.870000 0.947695
v 0.071228 11.948099 0.936237
v 0.032967 12.010730 0.904132
v -0.022321 12.045487 0.857739
v -0.083687 12.045487 0.806247
v -0.138976 12.010730 0.759854
v -0.177237 11.948099 0.727750
v -0.190892 11.870000 0.716292
v -0.177237 11.791901 0.727750
v -0.138976 11.729270 0.759854
v -0.083687 11.694513 0.806247
v -0.022321 11.694513 0.857739
v 0.032967 11.729270 0.904132
v 0.071228 11.791901 0.936237
v -0.202305 11.870000 1.234884
v -0.213763 11.948099 1.221228
v -0.245868 12.010730 1.182967
v -0.292261 12.045487 1.127679
v -0.343753 12.045487 1.066313
v -0.390146 12.010730 1.011024
v -0.422250 11.948099 0.972763
v -0.433708 11.870000 0.959108
v -0.422250 11.791901 0.972763
v -0.390146 11.729270 1.011024
v -0.343753 11.694513 1.066313
v -0.292261 11.694513 1.127679
v -0.245868 11.729270 1.182967
v -0.213763 11.791901 1.221228
v -0.535000 11.870000 1.467839
v -0.543913 11.948099 1.452402
v -0.568886 12.010730 1.409147
v -0.604973 12.045487 1.346642
v -0.645027 12.045487 1.277267
v -0.681114 12.010730 1.214762
v -0.706087 11.948099 1.171507
v -0.715000 11.870000 1.156070
v -0.706087 11.791901 1.171507
v -0.681114 11.729270 1.214762
v -0.645027 11.694513 1.277267
v -0.604973 11.694513 1.346642
v -0.568886 11.729270 1.409147
v -0.543913 11.791901 1.452402
v -0.903093 11.870000 1.639484
v -0.909190 11.948099 1.622733
v -0.926272 12.010730 1.575799
v -0.950957 12.045487 1.507977
v -0.978356 12.045487 1.432701
v -1.003041 12.010730 1.364879
v -1.020124 11.948099 1.317945
v -1.026220 11.870000 1.301194
v -1.020124 11.791901 1.317945
v -1.003041 11.729270 1.364879
v -0.978356 11.694513 1.432701
v -0.950957 11.694513 1.507977
v -0.926272 11.729270 1.575799
v -0.909190 11.791901 1.622733
v -1.295400 11.870000 1.744602
v -1.298495 11.948099 1.727047
v -1.307168 12.010730 1.677860
v -1.319701 12.045487 1.606782
v -1.333612 12.045487 1.527891
v -1.346145 12.010730 1.456814
v -1.354818 11.948099 1.407626
v -1.357913 11.870000 1.390071
v -1.354818 11.791901 1.407626
v -1.346145 11.729270 1.456814
v -1.333612 11.694513 1.527891
v -1.319701 11.694513 1.606782
v -1.307168 11.729270 1.677860
v -1.298495 11.791901 1.727047
v -1.700000 11.870000 1.780000
v -1.700000 11.948099 1.762174
v -1.700000 12.010730 1.712228
v -1.700000 12.045487 1.640054
v -1.700000 12.045487 1.559946
v -1.700000 12.010730 1.487772
v -1.700000 11.948099 1.437826
v -1.700000 11.870000 1.420000
v -1.700000 11.791901 1.437826
v -1.700000 11.729270 1.487772
v -1.700000 11.694513 1.559946
v -1.700000 11.694513 1.640054
v -1.700000 11.729270 1.712228
v -1.700000 11.791901 1.762174
v -2.104600 11.870000 1.744602
v -2.101505 11.948099 1.727047
v -2.092832 12.010730 1.677860
v -2.080299 12.045487 1.606782
v -2.066388 12.045487 1.527891
v -2.053855 12.010730 1.456814
v -2.045182 11.948099 1.407626
v -2.042087 11.870000 1.390071
v -2.045182 11.791901 1.407626
v -2.053855 11.729270 1.456814
v -2.066388 11.694513 1.527891
v -2.080299 11.694513 1.606782
v -2.092832 11.729270 1.677860
v -2.101505 11.791901 1.727047
v -2.496907 11.870000 1.639484
v -2.490810 11.948099 1.622733
v -2.473728 12.010730 1.575799
v -2.449043 12.045487 1.507977
v -2.421644 12.045487 1.432701
v -2.396959 12.010730 1.364879
v -2.379876 11.948099 1.317945
v -2.373780 11.870000 1.301194
v -2.379876 11.791901 1.317945
v -2.396959 11.729270 1.364879
v -2.421644 11.694513 1.432701
v -2.449043 11.694513 1.507977
v -2.473728 11.729270 1.575799
v -2.490810 11.791901 1.622733
v -2.865000 11.870000 1.467839
v -2.856087 11.948099 1.452402
v -2.831114 12.010730 1.409147
v -2.795027 12.045487 1.346642
v -2.754973 12.045487 1.277267
v -2.718886 12.010730 1.214762
v -2.693913 11.948099 1.171507
v -2.685000 11.870000 1.156070
v -2.693913 11.791901 1.171507
v -2.718886 11.729270 1.214762
v -2.754973 11.694513 1.277267
v -2.795027 11.694513 1.346642
v -2.831114 11.729270 1.409147
v -2.856087 11.791901 1.452402
v -3.197695 11.870000 1.234884
v -3.186237 11.948099 1.221228
v -3.154132 12.010730 1.182967
v -3.107739 12.045487 1.127679
v -3.056247 12.045487 1.066313
v -3.009854 12.010730 1.011024
v -2.977750 11.948099 0.972763
v -2.966292 11.870000 0.959108
v -2.977750 11.791901 0.972763
v -3.009854 11.729270 1.011024
v -3.056247 11.694513 1.066313
v -3.107739 11.694513 1.127679
v -3.154132 11.729270 1.182967
v -3.186237 11.791901 1.221228
v -3.484884 11.870000 0.947695
v -3.471228 11.948099 0.936237
v -3.432967 12.010730 0.904132
v -3.377679 12.045487 0.857739
v -3.316313 12.045487 0.806247
v -3.261024 12.010730 0.759854
v -3.222763 11.948099 0.727750
v -3.209108 11.870000 0.716292
v -3.222763 11.791901 0.727750
v -3.261024 11.729270 0.759854
v -3.316313 11.694513 0.806247
v -3.377679 11.694513 0.857739
v -3.432967 11.729270 0.904132
v -3.471228 11.791901 0.936237
v -3.717839 11.870000 0.615000
v -3.702402 11.948099 0.606087
v -3.659147 12.010730 0.581114
v -3.596642 12.045487 0.545027
v -3.527267 12.045487 0.504973
v -3.464762 12.010730 0.468886
v -3.421507 11.948099 0.443913
v -3.406070 11.870000 0.435000
v -3.421507 11.791901 0.443913
v -3.464762 11.729270 0.468886
v -3.527267 11.694513 0.504973
v -3.596642 11.694513 0.545027
v -3.659147 11.729270 0.581114
v -3.702402 11.791901 0.606087
v -3.889484 11.870000 0.246907
v -3.872733 11.948099 0.240810
v -3.825799 12.010730 0.223728
v -3.757977 12.045487 0.199043
v -3.682701 12.045487 0.171644
v -3.614879 12.010730 0.146959
v -3.567945 11.948099 0.129876
v -3.551194 11.870000 0.123780
v -3.567945 11.791901 0.129876
v -3.614879 11.729270 0.146959
v -3.682701 11.694513 0.171644
v -3.757977 11.694513 0.199043
v -3.825799 11.729270 0.223728
v -3.872733 11.791901 0.240810
v -3.994602 11.870000 -0.145400
v -3.977047 11.948099 -0.148495
v -3.927860 12.010730 -0.157168
v -3.856782 12.045487 -0.169701
v -3.777891 12.045487 -0.183612
v -3.706814 12.010730 -0.196145
v -3.657626 11.948099 -0.204818
v -3.640071 11.870000 -0.207913
v -3.657626 11.791901 -0.204818
v -3.706814 11.729270 -0.196145
v -3.777891 11.694513 -0.183612
v -3.856782 11.694513 -0.169701
v -3.927860 11.729270 -0.157168
v -3.977047 11.791901 -0.148495
v -4.030000 11.870000 -0.550000
v -4.012174 11.948099 -0.550000
v -3.962228 12.010730 -0.550000
v -3.890054 12.045487 -0.550000
v -3.809946 12.045487 -0.550000
v -3.737772 12.010730 -0.550000
v -3.687826 11.948099 -0.550000
v -3.670000 11.870000 -0.550000
v -3.687826 11.791901 -0.550000
v -3.737772 11.729270 -0.550000
v -3.809946 11.694513 -0.550000
v -3.890054 11.694513 -0.550000
v -3.962228 11.729270 -0.550000
v -4.012174 11.791901 -0.550000
v -3.994602 11.870000 -0.954600
v -3.977047 11.948099 -0.951505
v -3.927860 12.010730 -0.942832
v -3.856782 12.045487 -0.930299
v -3.777891 12.045487 -0.916388
v -3.706814 12.010730 -0.903855
v -3.657626 11.948099 -0.895182
v -3.640071 11.870000 -0.892087
v -3.657626 11.791901 -0.895182
v -3.706814 11.729270 -0.903855
v -3.777891 11.694513 -0.916388
v -3.856782 11.694513 -0.930299
v -3.927860 11.729270 -0.942832
v -3.977047 11.791901 -0.951505
v -3.889484 11.870000 -1.346907
v -3.872733 11.948099 -1.340810
v -3.825799 12.010730 -1.323728
v -3.757977 12.045487 -1.299043
v -3.682701 12.045487 -1.271644
v -3.614879 12.010730 -1.246959
v -3.567945 11.948099 -1.229876
v -3.551194 11.870000 -1.223780
v -3.567945 11.791901 -1.229876
v -3.614879 11.729270 -1.246959
v -3.682701 11.694513 -1.271644
v -3.757977 11.694513 -1.299043
v -3.825799 11.729270 -1.323728
v -3.872733 11.791901 -1.340810
v -3.717839 11.870000 -1.715000
v -3.702402 11.948099 -1.706087
v -3.659147 12.010730 -1.681114
v -3.596642 12.045487 -1.645027
v -3.527267 12.045487 -1.604973
v -3.464762 12.010730 -1.568886
v -3.421507 11.948099 -1.543913
v -3.406070 11.870000 -1.535000
v -3.421507 11.791901 -1.543913
v -3.464762 11.729270 -1.568886
v -3.527267 11.694513 -1.604973
v -3.596642 11.694513 -1.645027
v -3.659147 11.729270 -1.681114
v -3.702402 11.791901 -1.706087
v -3.484884 11.870000 -2.047695
v -3.471228 11.948099 -2.036237
v -3.432967 12.010730 -2.004132
v -3.377679 12.045487 -1.957739
v -3.316313 12.045487 -1.906247
v -3.261024 12.010730 -1.859854
v -3.222763 11.948099 -1.827750
v -3.209108 11.870000 -1.816292
v -3.222763 11.791901 -1.827750
v -3.261024 11.729270 -1.859854
v -3.316313 11.694513 -1.906247
v -3.377679 11.694513 -1.957739
v -3.432967 11.729270 -2.004132
v -3.471228 11.791901 -2.036237
v -3.197695 11.870000 -2.334884
v -3.186237 11.948099 -2.321228
v -3.154132 12.010730 -2.282967
v -3.107739 12.045487 -2.227679
v -3.056247 12.045487 -2.166313
v -3.009854 12.010730 -2.111024
v -2.977750 11.948099 -2.072763
v -2.966292 11.870000 -2.059108
v -2.977750 11.791901 -2.072763
v -3.009854 11.729270 -2.111024
v -3.056247 11.694513 -2.166313
v -3.107739 11.694513 -2.227679
v -3.154132 11.729270 -2.282967
v -3.186237 11.791901 -2.321228
v -2.865000 11.870000 -2.567839
v -2.856087 11.948099 -2.552402
v -2.831114 12.010730 -2.509147
v -2.795027 12.045487 -2.446642
v -2.754973 12.045487 -2.377267
v -2.718886 12.010730 -2.314762
v -2.693913 11.948099 -2.271507
v -2.685000 11.870000 -2.256070
v -2.693913 11.791901 -2.271507
v -2.718886 11.729270 -2.314762
v -2.754973 11.694513 -2.377267
v -2.795027 11.694513 -2.446642
v -2.831114 11.729270 -2.509147
v -2.856087 11.791901 -2.552402
v -2.496907 11.870000 -2.739484
v -2.490810 11.948099 -2.722733
v -2.473728 12.010730 -2.675799
v -2.449043 12.045487 -2.607977
v -2.421644 12.045487 -2.532701
v -2.396959 12.010730 -2.464879
v -2.379876 11.948099 -2.417945
v -2.373780 11.870000 -2.401194
v -2.379876 11.791901 -2.417945
v -2.396959 11.729270 -2.464879
v -2.421644 11.694513 -2.532701
v -2.449043 11.694513 -2.607977
v -2.473728 11.729270 -2.675799
v -2.490810 11.791901 -2.722733
v -2.104600 11.870000 -2.844602
v -2.101505 11.948099 -2.827047
v -2.092832 12.010730 -2.777860
v -2.080299 12.045487 -2.706782
v -2.066388 12.045487 -2.627891
v -2.053855 12.010730 -2.556814
v -2.045182 11.948099 -2.507626
v -2.042087 11.870000 -2.490071
v -2.045182 11.791901 -2.507626
v -2.053855 11.729270 -2.556814
v -2.066388 11.694513 -2.627891
v -2.080299 11.694513 -2.706782
v -2.092832 11.729270 -2.777860
v -2.101505 11.791901 -2.827047
v -1.700000 11.870000 -2.880000
v -1.700000 11.948099 -2.862174
v -1.700000 12.010730 -2.812228
v -1.700000 12.045487 -2.740054
v -1.700000 12.045487 -2.659946
v -1.700000 12.010730 -2.587772
v -1.700000 11.948099 -2.537826
v -1.700000 11.870000 -2.520000
v -1.700000 11.791901 -2.537826
v -1.700000 11.729270 -2.587772
v -1.700000 11.694513 -2.659946
v -1.700000 11.694513 -2.740054
v -1.700000 11.729270 -2.812228
v -1.700000 11.791901 -2.862174
v -1.295400 11.870000 -2.844602
v -1.298495 11.948099 -2.827047
v -1.307168 12.010730 -2.777860
v -1.319701 12.045487 -2.706782
v -1.333612 12.045487 -2.627891
v -1.346145 12.010730 -2.556814
v -1.354818 11.948099 -2.507626
v -1.357913 11.870000 -2.490071
v -1.354818 11.791901 -2.507626
v -1.346145 11.729270 -2.556814
v -1.333612 11.694513 -2.627891
v -1.319701 11.694513 -2.706782
v -1.307168 11.729270 -2.777860
v -1.298495 11.791901 -2.827047
v -0.903093 11.870000 -2.739484
v -0.909190 11.948099 -2.722733
v -0.926272 12.010730 -2.675799
v -0.950957 12.045487 -2.607977
v -0.978356 12.045487 -2.532701
v -1.003041 12.010730 -2.464879
v -1.020124 11.948099 -2.417945
v -1.026220 11.870000 -2.401194
v -1.020124 11.791901 -2.417945
v -1.003041 11.729270 -2.464879
v -0.978356 11.694513 -2.532701
v -0.950957 11.694513 -2.607977
v -0.926272 11.729270 -2.675799
v -0.909190 11.791901 -2.722733
v -0.535000 11.870000 -2.567839
v -0.543913 11.948099 -2.552402
v -0.568886 12.010730 -2.509147
v -0.604973 12.045487 -2.446642
v -0.645027 12.045487 -2.377267
v -0.681114 12.010730 -2.314762
v -0.706087 11.948099 -2.271507
v -0.715000 11.870000 -2.256070
v -0.706087 11.791901 -2.271507
v -0.681114 11.729270 -2.314762
v -0.645027 11.694513 -2.377267
v -0.604973 11.694513 -2.446642
v -0.568886 11.729270 -2.509147
v -0.543913 11.791901 -2.552402
v -0.202305 11.870000 -2.334884
v -0.213763 11.948099 -2.321228
v -0.245868 12.010730 -2.282967
v -0.292261 12.045487 -2.227679
v -0.343753 12.045487 -2.166313
v -0.390146 12.010730 -2.111024
v -0.422250 11.948099 -2.072763
v -0.433708 11.870000 -2.059108
v -0.422250 11.791901 -2.072763
v -0.390146 11.729270 -2.111024
v -0.343753 11.694513 -2.166313
v -0.292261 11.694513 -2.227679
v -0.245868 11.729270 -2.282967
v -0.213763 11.791901 -2.321228
v 0.084884 11.870000 -2.047695
v 0.071228 11.948099 -2.036237
v 0.032967 12.010730 -2.004132
v -0.022321 12.045487 -1.957739
v -0.083687 12.045487 -1.906247
v -0.138976 12.010730 -1.859854
v -0.177237 11.948099 -1.827750
v -0.190892 11.870000 -1.816292
v -0.177237 11.791901 -1.827750
v -0.138976 11.729270 -1.859854
v -0.083687 11.694513 -1.906247
v -0.022321 11.694513 -1.957739
v 0.032967 11.729270 -2.004132
v 0.071228 11.791901 -2.036237
v 0.317839 11.870000 -1.715000
v 0.302402 11.948099 -1.706087
v 0.259147 12.010730 -1.681114
v 0.196642 12.045487 -1.645027
v 0.127267 12.045487 -1.604973
v 0.064762 12.010730 -1.568886
v 0.021507 11.948099 -1.543913
v 0.006070 11.870000 -1.535000
v 0.021507 11.791901 -1.543913
v 0.064762 11.729270 -1.568886
v 0.127267 11.694513 -1.604973
v 0.196642 11.694513 -1.645027
v 0.259147 11.729270 -1.681114
v 0.302402 11.791901 -1.706087
v 0.489484 11.870000 -1.346907
v 0.472733 11.948099 -1.340810
v 0.425799 12.010730 -1.323728
v 0.357977 12.045487 -1.299043
v 0.282701 12.045487 -1.271644
v 0.214879 12.010730 -1.246959
v 0.167945 11.948099 -1.229876
v 0.151194 11.870000 -1.223780
v 0.167945 11.791901 -1.229876
v 0.214879 11.729270 -1.246959
v 0.282701 11.694513 -1.271644
v 0.357977 11.694513 -1.299043
v 0.425799 11.729270 -1.323728
v 0.472733 11.791901 -1.340810
v 0.594602 11.870000 -0.954600
v 0.577047 11.948099 -0.951505
v 0.527860 12.010730 -0.942832
v 0.456782 12.045487 -0.930299
v 0.377891 12.045487 -0.916388
v 0.306814 12.010730 -0.903855
v 0.257626 11.948099 -0.895182
v 0.240071 11.870000 -0.892087
v 0.257626 11.791901 -0.895182
v 0.306814 11.729270 -0.903855
v 0.377891 11.694513 -0.916388
v 0.456782 11.694513 -0.930299
v 0.527860 11.729270 -0.942832
v 0.577047 11.791901 -0.951505
v -0.950000 13.225000 -0.550000
v -0.950000 12.575000 -0.550000
v -0.968804 13.225000 -0.383109
v -0.968804 12.575000 -0.383109
v -1.024273 13.225000 -0.224587
v -1.024273 12.575000 -0.224587
v -1.113626 13.225000 -0.082383
v -1.113626 12.575000 -0.082383
v -1.232383 13.225000 0.036374
v -1.232383 12.575000 0.036374
v -1.374587 13.225000 0.125727
v -1.374587 12.575000 0.125727
v -1.533109 13.225000 0.181196
v -1.533109 12.575000 0.181196
v -1.700000 13.225000 0.200000
v -1.700000 12.575000 0.200000
v -1.866891 13.225000 0.181196
v -1.866891 12.575000 0.181196
v -2.025413 13.225000 0.125727
v -2.025413 12.575000 0.125727
v -2.167617 13.225000 0.036374
v -2.167617 12.575000 0.036374
v -2.286374 13.225000 -0.082383
v -2.286374 12.575000 -0.082383
v -2.375727 13.225000 -0.224587
v -2.375727 12.575000 -0.224587
v -2.431196 13.225000 -0.383109
v -2.431196 12.575000 -0.383109
v -2.450000 13.225000 -0.550000
v -2.450000 12.575000 -0.550000
v -2.431196 13.225000 -0.716891
v -2.431196 12.575000 -0.716891
v -2.375727 13.225000 -0.875413
v -2.375727 12.575000 -0.875413
v -2.286374 13.225000 -1.017617
v -2.286374 12.575000 -1.017617
v -2.167617 13.225000 -1.136374
v -2.167617 12.575000 -1.136374
v -2.025413 13.225000 -1.225727
v -2.025413 12.575000 -1.225727
v -1.866891 13.225000 -1.281196
v -1.866891 12.575000 -1.281196
v -1.700000 13.225000 -1.300000
v -1.700000 12.575000 -1.300000
v -1.533109 13.225000 -1.281196
v -1.533109 12.575000 -1.281196
v -1.374587 13.225000 -1.225727
v -1.374587 12.575000 -1.225727
v -1.232383 13.225000 -1.136374
v -1.232383 12.575000 -1.136374
v -1.113626 13.225000 -1.017617
v -1.113626 12.575000 -1.017617
v -1.024273 13.225000 -0.875413
v -1.024273 12.575000 -0.875413
v -0.968804 13.225000 -0.716891
v -0.968804 12.575000 -0.716891
v -1.700000 13.225000 -0.550000
v -1.700000 12.575000 -0.550000
v 3.600000 5.925000 0.340000
v 8.300000 5.925000 0.340000
v 7.850000 14.275000 0.340000
v 4.050000 14.275000 0.340000
v 3.600000 5.925000 -0.740000
v 8.300000 5.925000 -0.740000
v 7.850000 14.275000 -0.740000
v 4.050000 14.275000 -0.740000
v 3.400000 5.900000 -0.950000
v 8.500000 5.900000 -0.950000
v 8.500000 6.300000 -0.950000
v 3.400000 6.300000 -0.950000
v 3.400000 5.900000 1.450000
v 8.500000 5.900000 1.450000
v 8.500000 6.300000 1.450000
v 3.400000 6.300000 1.450000
v 4.100000 5.675000 -0.350000
v 7.800000 5.675000 -0.350000
v 7.800000 5.925000 -0.350000
v 4.100000 5.925000 -0.350000
v 4.100000 5.675000 1.350000
v 7.800000 5.675000 1.350000
v 7.800000 5.925000 1.350000
v 4.100000 5.925000 1.350000
v 4.225000 7.350000 0.380000
v 7.675000 7.350000 0.380000
v 7.275000 13.150000 0.380000
v 4.625000 13.150000 0.380000
v 4.225000 7.350000 0.060000
v 7.675000 7.350000 0.060000
v 7.275000 13.150000 0.060000
v 4.625000 13.150000 0.060000
v 6.270000 6.360000 0.980000
v 6.270000 6.200000 0.980000
v 6.250702 6.360000 1.089446
v 6.250702 6.200000 1.089446
v 6.195134 6.360000 1.185692
v 6.195134 6.200000 1.185692
v 6.110000 6.360000 1.257128
v 6.110000 6.200000 1.257128
v 6.005567 6.360000 1.295138
v 6.005567 6.200000 1.295138
v 5.894433 6.360000 1.295138
v 5.894433 6.200000 1.295138
v 5.790000 6.360000 1.257128
v 5.790000 6.200000 1.257128
v 5.704866 6.360000 1.185692
v 5.704866 6.200000 1.185692
v 5.649298 6.360000 1.089446
v 5.649298 6.200000 1.089446
v 5.630000 6.360000 0.980000
v 5.630000 6.200000 0.980000
v 5.649298 6.360000 0.870554
v 5.649298 6.200000 0.870554
v 5.704866 6.360000 0.774308
v 5.704866 6.200000 0.774308
v 5.790000 6.360000 0.702872
v 5.790000 6.200000 0.702872
v 5.894433 6.360000 0.664862
v 5.894433 6.200000 0.664862
v 6.005567 6.360000 0.664862
v 6.005567 6.200000 0.664862
v 6.110000 6.360000 0.702872
v 6.110000 6.200000 0.702872
v 6.195134 6.360000 0.774308
v 6.195134 6.200000 0.774308
v 6.250702 6.360000 0.870554
v 6.250702 6.200000 0.870554
v 5.950000 6.360000 0.980000
v 5.950000 6.200000 0.980000
v 8.900000 3.780000 7.270000
v 8.892728 3.890947 7.270000
v 8.871037 3.999996 7.270000
v 8.835298 4.105281 7.270000
v 8.786122 4.205000 7.270000
v 8.724350 4.297447 7.270000
v 8.651041 4.381041 7.270000
v 8.567447 4.454350 7.270000
v 8.475000 4.516122 7.270000
v 8.375281 4.565298 7.270000
v 8.269996 4.601037 7.270000
v 8.160947 4.622728 7.270000
v 8.050000 4.630000 7.270000
v -8.050000 4.630000 7.270000
v -8.160947 4.622728 7.270000
v -8.269996 4.601037 7.270000
v -8.375281 4.565298 7.270000
v -8.475000 4.516122 7.270000
v -8.567447 4.454350 7.270000
v -8.651041 4.381041 7.270000
v -8.724350 4.297447 7.270000
v -8.786122 4.205000 7.270000
v -8.835298 4.105281 7.270000
v -8.871037 3.999996 7.270000
v -8.892728 3.890947 7.270000
v -8.900000 3.780000 7.270000
v -8.900000 -3.420000 7.270000
v -8.892728 -3.530947 7.270000
v -8.871037 -3.639996 7.270000
v -8.835298 -3.745281 7.270000
v -8.786122 -3.845000 7.270000
v -8.724350 -3.937447 7.270000
v -8.651041 -4.021041 7.270000
v -8.567447 -4.094350 7.270000
v -8.475000 -4.156122 7.270000
v -8.375281 -4.205298 7.270000
v -8.269996 -4.241037 7.270000
v -8.160947 -4.262728 7.270000
v -8.050000 -4.270000 7.270000
v 8.050000 -4.270000 7.270000
v 8.160947 -4.262728 7.270000
v 8.269996 -4.241037 7.270000
v 8.375281 -4.205298 7.270000
v 8.475000 -4.156122 7.270000
v 8.567447 -4.094350 7.270000
v 8.651041 -4.021041 7.270000
v 8.724350 -3.937447 7.270000
v 8.786122 -3.845000 7.270000
v 8.835298 -3.745281 7.270000
v 8.871037 -3.639996 7.270000
v 8.892728 -3.530947 7.270000
v 8.900000 -3.420000 7.270000
v 8.900000 3.780000 6.930000
v 8.892728 3.890947 6.930000
v 8.871037 3.999996 6.930000
v 8.835298 4.105281 6.930000
v 8.786122 4.205000 6.930000
v 8.724350 4.297447 6.930000
v 8.651041 4.381041 6.930000
v 8.567447 4.454350 6.930000
v 8.475000 4.516122 6.930000
v 8.375281 4.565298 6.930000
v 8.269996 4.601037 6.930000
v 8.160947 4.622728 6.930000
v 8.050000 4.630000 6.930000
v -8.050000 4.630000 6.930000
v -8.160947 4.622728 6.930000
v -8.269996 4.601037 6.930000
v -8.375281 4.565298 6.930000
v -8.475000 4.516122 6.930000
v -8.567447 4.454350 6.930000
v -8.651041 4.381041 6.930000
v -8.724350 4.297447 6.930000
v -8.786122 4.205000 6.930000
v -8.835298 4.105281 6.930000
v -8.871037 3.999996 6.930000
v -8.892728 3.890947 6.930000
v -8.900000 3.780000 6.930000
v -8.900000 -3.420000 6.930000
v -8.892728 -3.530947 6.930000
v -8.871037 -3.639996 6.930000
v -8.835298 -3.745281 6.930000
v -8.786122 -3.845000 6.930000
v -8.724350 -3.937447 6.930000
v -8.651041 -4.021041 6.930000
v -8.567447 -4.094350 6.930000
v -8.475000 -4.156122 6.930000
v -8.375281 -4.205298 6.930000
v -8.269996 -4.241037 6.930000
v -8.160947 -4.262728 6.930000
v -8.050000 -4.270000 6.930000
v 8.050000 -4.270000 6.930000
v 8.160947 -4.262728 6.930000
v 8.269996 -4.241037 6.930000
v 8.375281 -4.205298 6.930000
v 8.475000 -4.156122 6.930000
v 8.567447 -4.094350 6.930000
v 8.651041 -4.021041 6.930000
v 8.724350 -3.937447 6.930000
v 8.786122 -3.845000 6.930000
v 8.835298 -3.745281 6.930000
v 8.871037 -3.639996 6.930000
v 8.892728 -3.530947 6.930000
v 8.900000 -3.420000 6.930000
v -0.000000 0.180000 7.270000
v -0.000000 0.180000 6.930000
v 7.650000 3.305000 7.180000
v 7.644696 3.385926 7.180000
v 7.628874 3.465468 7.180000
v 7.602805 3.542264 7.180000
v 7.566936 3.615000 7.180000
v 7.521879 3.682432 7.180000
v 7.468406 3.743406 7.180000
v 7.407432 3.796879 7.180000
v 7.340000 3.841936 7.180000
v 7.267264 3.877805 7.180000
v 7.190468 3.903874 7.180000
v 7.110926 3.919696 7.180000
v 7.030000 3.925000 7.180000
v -7.030000 3.925000 7.180000
v -7.110926 3.919696 7.180000
v -7.190468 3.903874 7.180000
v -7.267264 3.877805 7.180000
v -7.340000 3.841936 7.180000
v -7.407432 3.796879 7.180000
v -7.468406 3.743406 7.180000
v -7.521879 3.682432 7.180000
v -7.566936 3.615000 7.180000
v -7.602805 3.542264 7.180000
v -7.628874 3.465468 7.180000
v -7.644696 3.385926 7.180000
v -7.650000 3.305000 7.180000
v -7.650000 -2.605000 7.180000
v -7.644696 -2.685926 7.180000
v -7.628874 -2.765468 7.180000
v -7.602805 -2.842264 7.180000
v -7.566936 -2.915000 7.180000
v -7.521879 -2.982432 7.180000
v -7.468406 -3.043406 7.180000
v -7.407432 -3.096879 7.180000
v -7.340000 -3.141936 7.180000
v -7.267264 -3.177805 7.180000
v -7.190468 -3.203874 7.180000
v -7.110926 -3.219696 7.180000
v -7.030000 -3.225000 7.180000
v 7.030000 -3.225000 7.180000
v 7.110926 -3.219696 7.180000
v 7.190468 -3.203874 7.180000
v 7.267264 -3.177805 7.180000
v 7.340000 -3.141936 7.180000
v 7.407432 -3.096879 7.180000
v 7.468406 -3.043406 7.180000
v 7.521879 -2.982432 7.180000
v 7.566936 -2.915000 7.180000
v 7.602805 -2.842264 7.180000
v 7.628874 -2.765468 7.180000
v 7.644696 -2.685926 7.180000
v 7.650000 -2.605000 7.180000
v 7.650000 3.305000 7.020000
v 7.644696 3.385926 7.020000
v 7.628874 3.465468 7.020000
v 7.602805 3.542264 7.020000
v 7.566936 3.615000 7.020000
v 7.521879 3.682432 7.020000
v 7.468406 3.743406 7.020000
v 7.407432 3.796879 7.020000
v 7.340000 3.841936 7.020000
v 7.267264 3.877805 7.020000
v 7.190468 3.903874 7.020000
v 7.110926 3.919696 7.020000
v 7.030000 3.925000 7.020000
v -7.030000 3.925000 7.020000
v -7.110926 3.919696 7.020000
v -7.190468 3.903874 7.020000
v -7.267264 3.877805 7.020000
v -7.340000 3.841936 7.020000
v -7.407432 3.796879 7.020000
v -7.468406 3.743406 7.020000
v -7.521879 3.682432 7.020000
v -7.566936 3.615000 7.020000
v -7.602805 3.542264 7.020000
v -7.628874 3.465468 7.020000
v -7.644696 3.385926 7.020000
v -7.650000 3.305000 7.020000
v -7.650000 -2.605000 7.020000
v -7.644696 -2.685926 7.020000
v -7.628874 -2.765468 7.020000
v -7.602805 -2.842264 7.020000
v -7.566936 -2.915000 7.020000
v -7.521879 -2.982432 7.020000
v -7.468406 -3.043406 7.020000
v -7.407432 -3.096879 7.020000
v -7.340000 -3.141936 7.020000
v -7.267264 -3.177805 7.020000
v -7.190468 -3.203874 7.020000
v -7.110926 -3.219696 7.020000
v -7.030000 -3.225000 7.020000
v 7.030000 -3.225000 7.020000
v 7.110926 -3.219696 7.020000
v 7.190468 -3.203874 7.020000
v 7.267264 -3.177805 7.020000
v 7.340000 -3.141936 7.020000
v 7.407432 -3.096879 7.020000
v 7.468406 -3.043406 7.020000
v 7.521879 -2.982432 7.020000
v 7.566936 -2.915000 7.020000
v 7.602805 -2.842264 7.020000
v 7.628874 -2.765468 7.020000
v 7.644696 -2.685926 7.020000
v 7.650000 -2.605000 7.020000
v -0.000000 0.350000 7.180000
v -0.000000 0.350000 7.020000
v -4.600000 0.400000 4.410000
v 4.600000 0.400000 4.410000
v 4.600000 0.520000 4.410000
v -4.600000 0.520000 4.410000
v -4.600000 0.400000 4.690000
v 4.600000 0.400000 4.690000
v 4.600000 0.520000 4.690000
v -4.600000 0.520000 4.690000
v -4.600000 0.400000 9.510000
v 4.600000 0.400000 9.510000
v 4.600000 0.520000 9.510000
v -4.600000 0.520000 9.510000
v -4.600000 0.400000 9.790000
v 4.600000 0.400000 9.790000
v 4.600000 0.520000 9.790000
v -4.600000 0.520000 9.790000
v 1.280000 0.520000 7.100000
v 1.280000 0.440000 7.100000
v 1.252029 0.520000 7.366127
v 1.252029 0.440000 7.366127
v 1.169338 0.520000 7.620623
v 1.169338 0.440000 7.620623
v 1.035542 0.520000 7.852365
v 1.035542 0.440000 7.852365
v 0.856487 0.520000 8.051225
v 0.856487 0.440000 8.051225
v 0.640000 0.520000 8.208513
v 0.640000 0.440000 8.208513
v 0.395542 0.520000 8.317352
v 0.395542 0.440000 8.317352
v 0.133796 0.520000 8.372988
v 0.133796 0.440000 8.372988
v -0.133796 0.520000 8.372988
v -0.133796 0.440000 8.372988
v -0.395542 0.520000 8.317352
v -0.395542 0.440000 8.317352
v -0.640000 0.520000 8.208513
v -0.640000 0.440000 8.208513
v -0.856487 0.520000 8.051225
v -0.856487 0.440000 8.051225
v -1.035542 0.520000 7.852365
v -1.035542 0.440000 7.852365
v -1.169338 0.520000 7.620623
v -1.169338 0.440000 7.620623
v -1.252029 0.520000 7.366127
v -1.252029 0.440000 7.366127
v -1.280000 0.520000 7.100000
v -1.280000 0.440000 7.100000
v -1.252029 0.520000 6.833873
v -1.252029 0.440000 6.833873
v -1.169338 0.520000 6.579377
v -1.169338 0.440000 6.579377
v -1.035542 0.520000 6.347635
v -1.035542 0.440000 6.347635
v -0.856487 0.520000 6.148775
v -0.856487 0.440000 6.148775
v -0.640000 0.520000 5.991487
v -0.640000 0.440000 5.991487
v -0.395542 0.520000 5.882648
v -0.395542 0.440000 5.882648
v -0.133796 0.520000 5.827012
v -0.133796 0.440000 5.827012
v 0.133796 0.520000 5.827012
v 0.133796 0.440000 5.827012
v 0.395542 0.520000 5.882648
v 0.395542 0.440000 5.882648
v 0.640000 0.520000 5.991487
v 0.640000 0.440000 5.991487
v 0.856487 0.520000 6.148775
v 0.856487 0.440000 6.148775
v 1.035542 0.520000 6.347635
v 1.035542 0.440000 6.347635
v 1.169338 0.520000 6.579377
v 1.169338 0.440000 6.579377
v 1.252029 0.520000 6.833873
v 1.252029 0.440000 6.833873
v 0.000000 0.520000 7.100000
v 0.000000 0.440000 7.100000
v 1.100000 0.540000 7.100000
v 1.080902 0.598779 7.100000
v 1.030902 0.635106 7.100000
v 0.969098 0.635106 7.100000
v 0.919098 0.598779 7.100000
v 0.900000 0.540000 7.100000
v 0.919098 0.481221 7.100000
v 0.969098 0.444894 7.100000
v 1.030902 0.444894 7.100000
v 1.080902 0.481221 7.100000
v 1.072421 0.540000 7.344773
v 1.053801 0.598779 7.340523
v 1.005055 0.635106 7.329397
v 0.944801 0.635106 7.315645
v 0.896055 0.598779 7.304519
v 0.877435 0.540000 7.300269
v 0.896055 0.481221 7.304519
v 0.944801 0.444894 7.315645
v 1.005055 0.444894 7.329397
v 1.053801 0.481221 7.340523
v 0.991066 0.540000 7.577272
v 0.973859 0.598779 7.568986
v 0.928810 0.635106 7.547291
v 0.873127 0.635106 7.520476
v 0.828079 0.598779 7.498782
v 0.810872 0.540000 7.490495
v 0.828079 0.481221 7.498782
v 0.873127 0.444894 7.520476
v 0.928810 0.444894 7.547291
v 0.973859 0.481221 7.568986
v 0.860015 0.540000 7.785839
v 0.845083 0.598779 7.773931
v 0.805991 0.635106 7.742757
v 0.757672 0.635106 7.704223
v 0.718580 0.598779 7.673048
v 0.703648 0.540000 7.661141
v 0.718580 0.481221 7.673048
v 0.757672 0.444894 7.704223
v 0.805991 0.444894 7.742757
v 0.845083 0.481221 7.773931
v 0.685839 0.540000 7.960015
v 0.673931 0.598779 7.945083
v 0.642757 0.635106 7.905991
v 0.604223 0.635106 7.857672
v 0.573048 0.598779 7.818580
v 0.561141 0.540000 7.803648
v 0.573048 0.481221 7.818580
v 0.604223 0.444894 7.857672
v 0.642757 0.444894 7.905991
v 0.673931 0.481221 7.945083
v 0.477272 0.540000 8.091066
v 0.468986 0.598779 8.073859
v 0.447291 0.635106 8.028810
v 0.420476 0.635106 7.973127
v 0.398782 0.598779 7.928079
v 0.390495 0.540000 7.910872
v 0.398782 0.481221 7.928079
v 0.420476 0.444894 7.973127
v 0.447291 0.444894 8.028810
v 0.468986 0.481221 8.073859
v 0.244773 0.540000 8.172421
v 0.240523 0.598779 8.153801
v 0.229397 0.635106 8.105055
v 0.215645 0.635106 8.044801
v 0.204519 0.598779 7.996055
v 0.200269 0.540000 7.977435
v 0.204519 0.481221 7.996055
v 0.215645 0.444894 8.044801
v 0.229397 0.444894 8.105055
v 0.240523 0.481221 8.153801
v 0.000000 0.540000 8.200000
v 0.000000 0.598779 8.180902
v 0.000000 0.635106 8.130902
v 0.000000 0.635106 8.069098
v 0.000000 0.598779 8.019098
v 0.000000 0.540000 8.000000
v 0.000000 0.481221 8.019098
v 0.000000 0.444894 8.069098
v 0.000000 0.444894 8.130902
v 0.000000 0.481221 8.180902
v -0.244773 0.540000 8.172421
v -0.240523 0.598779 8.153801
v -0.229397 0.635106 8.105055
v -0.215645 0.635106 8.044801
v -0.204519 0.598779 7.996055
v -0.200269 0.540000 7.977435
v -0.204519 0.481221 7.996055
v -0.215645 0.444894 8.044801
v -0.229397 0.444894 8.105055
v -0.240523 0.481221 8.153801
v -0.477272 0.540000 8.091066
v -0.468986 0.598779 8.073859
v -0.447291 0.635106 8.028810
v -0.420476 0.635106 7.973127
v -0.398782 0.598779 7.928079
v -0.390495 0.540000 7.910872
v -0.398782 0.481221 7.928079
v -0.420476 0.444894 7.973127
v -0.447291 0.444894 8.028810
v -0.468986 0.481221 8.073859
v -0.685839 0.540000 7.960015
v -0.673931 0.598779 7.945083
v -0.642757 0.635106 7.905991
v -0.604223 0.635106 7.857672
v -0.573048 0.598779 7.818580
v -0.561141 0.540000 7.803648
v -0.573048 0.481221 7.818580
v -0.604223 0.444894 7.857672
v -0.642757 0.444894 7.905991
v -0.673931 0.481221 7.945083
v -0.860015 0.540000 7.785839
v -0.845083 0.598779 7.773931
v -0.805991 0.635106 7.742757
v -0.757672 0.635106 7.704223
v -0.718580 0.598779 7.673048
v -0.703648 0.540000 7.661141
v -0.718580 0.481221 7.673048
v -0.757672 0.444894 7.704223
v -0.805991 0.444894 7.742757
v -0.845083 0.481221 7.773931
v -0.991066 0.540000 7.577272
v -0.973859 0.598779 7.568986
v -0.928810 0.635106 7.547291
v -0.873127 0.635106 7.520476
v -0.828079 0.598779 7.498782
v -0.810872 0.540000 7.490495
v -0.828079 0.481221 7.498782
v -0.873127 0.444894 7.520476
v -0.928810 0.444894 7.547291
v -0.973859 0.481221 7.568986
v -1.072421 0.540000 7.344773
v -1.053801 0.598779 7.340523
v -1.005055 0.635106 7.329397
v -0.944801 0.635106 7.315645
v -0.896055 0.598779 7.304519
v -0.877435 0.540000 7.300269
v -0.896055 0.481221 7.304519
v -0.944801 0.444894 7.315645
v -1.005055 0.444894 7.329397
v -1.053801 0.481221 7.340523
v -1.100000 0.540000 7.100000
v -1.080902 0.598779 7.100000
v -1.030902 0.635106 7.100000
v -0.969098 0.635106 7.100000
v -0.919098 0.598779 7.100000
v -0.900000 0.540000 7.100000
v -0.919098 0.481221 7.100000
v -0.969098 0.444894 7.100000
v -1.030902 0.444894 7.100000
v -1.080902 0.481221 7.100000
v -1.072421 0.540000 6.855227
v -1.053801 0.598779 6.859477
v -1.005055 0.635106 6.870603
v -0.944801 0.635106 6.884355
v -0.896055 0.598779 6.895481
v -0.877435 0.540000 6.899731
v -0.896055 0.481221 6.895481
v -0.944801 0.444894 6.884355
v -1.005055 0.444894 6.870603
v -1.053801 0.481221 6.859477
v -0.991066 0.540000 6.622728
v -0.973859 0.598779 6.631014
v -0.928810 0.635106 6.652709
v -0.873127 0.635106 6.679524
v -0.828079 0.598779 6.701218
v -0.810872 0.540000 6.709505
v -0.828079 0.481221 6.701218
v -0.873127 0.444894 6.679524
v -0.928810 0.444894 6.652709
v -0.973859 0.481221 6.631014
v -0.860015 0.540000 6.414161
v -0.845083 0.598779 6.426069
v -0.805991 0.635106 6.457243
v -0.757672 0.635106 6.495777
v -0.718580 0.598779 6.526952
v -0.703648 0.540000 6.538859
v -0.718580 0.481221 6.526952
v -0.757672 0.444894 6.495777
v -0.805991 0.444894 6.457243
v -0.845083 0.481221 6.426069
v -0.685839 0.540000 6.239985
v -0.673931 0.598779 6.254917
v -0.642757 0.635106 6.294009
v -0.604223 0.635106 6.342328
v -0.573048 0.598779 6.381420
v -0.561141 0.540000 6.396352
v -0.573048 0.481221 6.381420
v -0.604223 0.444894 6.342328
v -0.642757 0.444894 6.294009
v -0.673931 0.481221 6.254917
v -0.477272 0.540000 6.108934
v -0.468986 0.598779 6.126141
v -0.447291 0.635106 6.171190
v -0.420476 0.635106 6.226873
v -0.398782 0.598779 6.271921
v -0.390495 0.540000 6.289128
v -0.398782 0.481221 6.271921
v -0.420476 0.444894 6.226873
v -0.447291 0.444894 6.171190
v -0.468986 0.481221 6.126141
v -0.244773 0.540000 6.027579
v -0.240523 0.598779 6.046199
v -0.229397 0.635106 6.094945
v -0.215645 0.635106 6.155199
v -0.204519 0.598779 6.203945
v -0.200269 0.540000 6.222565
v -0.204519 0.481221 6.203945
v -0.215645 0.444894 6.155199
v -0.229397 0.444894 6.094945
v -0.240523 0.481221 6.046199
v -0.000000 0.540000 6.000000
v -0.000000 0.598779 6.019098
v -0.000000 0.635106 6.069098
v -0.000000 0.635106 6.130902
v -0.000000 0.598779 6.180902
v -0.000000 0.540000 6.200000
v -0.000000 0.481221 6.180902
v -0.000000 0.444894 6.130902
v -0.000000 0.444894 6.069098
v -0.000000 0.481221 6.019098
v 0.244773 0.540000 6.027579
v 0.240523 0.598779 6.046199
v 0.229397 0.635106 6.094945
v 0.215645 0.635106 6.155199
v 0.204519 0.598779 6.203945
v 0.200269 0.540000 6.222565
v 0.204519 0.481221 6.203945
v 0.215645 0.444894 6.155199
v 0.229397 0.444894 6.094945
v 0.240523 0.481221 6.046199
v 0.477272 0.540000 6.108934
v 0.468986 0.598779 6.126141
v 0.447291 0.635106 6.171190
v 0.420476 0.635106 6.226873
v 0.398782 0.598779 6.271921
v 0.390495 0.540000 6.289128
v 0.398782 0.481221 6.271921
v 0.420476 0.444894 6.226873
v 0.447291 0.444894 6.171190
v 0.468986 0.481221 6.126141
v 0.685839 0.540000 6.239985
v 0.673931 0.598779 6.254917
v 0.642757 0.635106 6.294009
v 0.604223 0.635106 6.342328
v 0.573048 0.598779 6.381420
v 0.561141 0.540000 6.396352
v 0.573048 0.481221 6.381420
v 0.604223 0.444894 6.342328
v 0.642757 0.444894 6.294009
v 0.673931 0.481221 6.254917
v 0.860015 0.540000 6.414161
v 0.845083 0.598779 6.426069
v 0.805991 0.635106 6.457243
v 0.757672 0.635106 6.495777
v 0.718580 0.598779 6.526952
v 0.703648 0.540000 6.538859
v 0.718580 0.481221 6.526952
v 0.757672 0.444894 6.495777
v 0.805991 0.444894 6.457243
v 0.845083 0.481221 6.426069
v 0.991066 0.540000 6.622728
v 0.973859 0.598779 6.631014
v 0.928810 0.635106 6.652709
v 0.873127 0.635106 6.679524
v 0.828079 0.598779 6.701218
v 0.810872 0.540000 6.709505
v 0.828079 0.481221 6.701218
v 0.873127 0.444894 6.679524
v 0.928810 0.444894 6.652709
v 0.973859 0.481221 6.631014
v 1.072421 0.540000 6.855227
v 1.053801 0.598779 6.859477
v 1.005055 0.635106 6.870603
v 0.944801 0.635106 6.884355
v 0.896055 0.598779 6.895481
v 0.877435 0.540000 6.899731
v 0.896055 0.481221 6.895481
v 0.944801 0.444894 6.884355
v 1.005055 0.444894 6.870603
v 1.053801 0.481221 6.859477
v -10.800000 8.840000 0.170000
v -10.800000 8.560000 0.170000
v -10.564801 8.840000 0.191794
v -10.564801 8.560000 0.191794
v -10.337611 8.840000 0.256436
v -10.337611 8.560000 0.256436
v -10.126167 8.840000 0.361722
v -10.126167 8.560000 0.361722
v -9.937670 8.840000 0.504069
v -9.937670 8.560000 0.504069
v -9.778538 8.840000 0.678628
v -9.778538 8.560000 0.678628
v -9.654191 8.840000 0.879455
v -9.654191 8.560000 0.879455
v -9.568863 8.840000 1.099711
v -9.568863 8.560000 1.099711
v -9.525460 8.840000 1.331896
v -9.525460 8.560000 1.331896
v -9.525460 8.840000 1.568104
v -9.525460 8.560000 1.568104
v -9.568863 8.840000 1.800289
v -9.568863 8.560000 1.800289
v -9.654191 8.840000 2.020545
v -9.654191 8.560000 2.020545
v -9.778538 8.840000 2.221372
v -9.778538 8.560000 2.221372
v -9.937670 8.840000 2.395931
v -9.937670 8.560000 2.395931
v -10.126167 8.840000 2.538278
v -10.126167 8.560000 2.538278
v -10.337611 8.840000 2.643564
v -10.337611 8.560000 2.643564
v -10.564801 8.840000 2.708206
v -10.564801 8.560000 2.708206
v -10.800000 8.840000 2.730000
v -10.800000 8.560000 2.730000
v -11.035199 8.840000 2.708206
v -11.035199 8.560000 2.708206
v -11.262389 8.840000 2.643564
v -11.262389 8.560000 2.643564
v -11.473833 8.840000 2.538278
v -11.473833 8.560000 2.538278
v -11.662330 8.840000 2.395931
v -11.662330 8.560000 2.395931
v -11.821462 8.840000 2.221372
v -11.821462 8.560000 2.221372
v -11.945809 8.840000 2.020545
v -11.945809 8.560000 2.020545
v -12.031137 8.840000 1.800289
v -12.031137 8.560000 1.800289
v -12.074540 8.840000 1.568104
v -12.074540 8.560000 1.568104
v -12.074540 8.840000 1.331896
v -12.074540 8.560000 1.331896
v -12.031137 8.840000 1.099711
v -12.031137 8.560000 1.099711
v -11.945809 8.840000 0.879455
v -11.945809 8.560000 0.879455
v -11.821462 8.840000 0.678628
v -11.821462 8.560000 0.678628
v -11.662330 8.840000 0.504069
v -11.662330 8.560000 0.504069
v -11.473833 8.840000 0.361722
v -11.473833 8.560000 0.361722
v -11.262389 8.840000 0.256436
v -11.262389 8.560000 0.256436
v -11.035199 8.840000 0.191794
v -11.035199 8.560000 0.191794
v -10.800000 8.840000 1.450000
v -10.800000 8.560000 1.450000
v -10.800000 8.895000 0.530000
v -10.800000 8.845000 0.530000
v -10.630950 8.895000 0.545665
v -10.630950 8.845000 0.545665
v -10.467658 8.895000 0.592126
v -10.467658 8.845000 0.592126
v -10.315682 8.895000 0.667800
v -10.315682 8.845000 0.667800
v -10.180200 8.895000 0.770112
v -10.180200 8.845000 0.770112
v -10.065824 8.895000 0.895576
v -10.065824 8.845000 0.895576
v -9.976450 8.895000 1.039921
v -9.976450 8.845000 1.039921
v -9.915120 8.895000 1.198230
v -9.915120 8.845000 1.198230
v -9.883925 8.895000 1.365113
v -9.883925 8.845000 1.365113
v -9.883925 8.895000 1.534887
v -9.883925 8.845000 1.534887
v -9.915120 8.895000 1.701770
v -9.915120 8.845000 1.701770
v -9.976450 8.895000 1.860079
v -9.976450 8.845000 1.860079
v -10.065824 8.895000 2.004424
v -10.065824 8.845000 2.004424
v -10.180200 8.895000 2.129888
v -10.180200 8.845000 2.129888
v -10.315682 8.895000 2.232200
v -10.315682 8.845000 2.232200
v -10.467658 8.895000 2.307874
v -10.467658 8.845000 2.307874
v -10.630950 8.895000 2.354335
v -10.630950 8.845000 2.354335
v -10.800000 8.895000 2.370000
v -10.800000 8.845000 2.370000
v -10.969050 8.895000 2.354335
v -10.969050 8.845000 2.354335
v -11.132342 8.895000 2.307874
v -11.132342 8.845000 2.307874
v -11.284318 8.895000 2.232200
v -11.284318 8.845000 2.232200
v -11.419800 8.895000 2.129888
v -11.419800 8.845000 2.129888
v -11.534176 8.895000 2.004424
v -11.534176 8.845000 2.004424
v -11.623550 8.895000 1.860079
v -11.623550 8.845000 1.860079
v -11.684880 8.895000 1.701770
v -11.684880 8.845000 1.701770
v -11.716075 8.895000 1.534887
v -11.716075 8.845000 1.534887
v -11.716075 8.895000 1.365113
v -11.716075 8.845000 1.365113
v -11.684880 8.895000 1.198230
v -11.684880 8.845000 1.198230
v -11.623550 8.895000 1.039921
v -11.623550 8.845000 1.039921
v -11.534176 8.895000 0.895576
v -11.534176 8.845000 0.895576
v -11.419800 8.895000 0.770112
v -11.419800 8.845000 0.770112
v -11.284318 8.895000 0.667800
v -11.284318 8.845000 0.667800
v -11.132342 8.895000 0.592126
v -11.132342 8.845000 0.592126
v -10.969050 8.895000 0.545665
v -10.969050 8.845000 0.545665
v -10.800000 8.895000 1.450000
v -10.800000 8.845000 1.450000
v -10.800000 8.860000 0.490000
v -10.800000 8.895267 0.501459
v -10.800000 8.917063 0.531459
v -10.800000 8.917063 0.568541
v -10.800000 8.895267 0.598541
v -10.800000 8.860000 0.610000
v -10.800000 8.824733 0.598541
v -10.800000 8.802937 0.568541
v -10.800000 8.802937 0.531459
v -10.800000 8.824733 0.501459
v -10.551534 8.860000 0.522711
v -10.554500 8.895267 0.533780
v -10.562264 8.917063 0.562758
v -10.571862 8.917063 0.598576
v -10.579626 8.895267 0.627554
v -10.582592 8.860000 0.638622
v -10.579626 8.824733 0.627554
v -10.571862 8.802937 0.598576
v -10.562264 8.802937 0.562758
v -10.554500 8.824733 0.533780
v -10.320000 8.860000 0.618616
v -10.325729 8.895267 0.628539
v -10.340729 8.917063 0.654520
v -10.359271 8.917063 0.686634
v -10.374271 8.895267 0.712615
v -10.380000 8.860000 0.722539
v -10.374271 8.824733 0.712615
v -10.359271 8.802937 0.686634
v -10.340729 8.802937 0.654520
v -10.325729 8.824733 0.628539
v -10.121177 8.860000 0.771177
v -10.129280 8.895267 0.779280
v -10.150493 8.917063 0.800493
v -10.176714 8.917063 0.826714
v -10.197928 8.895267 0.847928
v -10.206030 8.860000 0.856030
v -10.197928 8.824733 0.847928
v -10.176714 8.802937 0.826714
v -10.150493 8.802937 0.800493
v -10.129280 8.824733 0.779280
v -9.968616 8.860000 0.970000
v -9.978539 8.895267 0.975729
v -10.004520 8.917063 0.990729
v -10.036634 8.917063 1.009271
v -10.062615 8.895267 1.024271
v -10.072539 8.860000 1.030000
v -10.062615 8.824733 1.024271
v -10.036634 8.802937 1.009271
v -10.004520 8.802937 0.990729
v -9.978539 8.824733 0.975729
v -9.872711 8.860000 1.201534
v -9.883780 8.895267 1.204500
v -9.912758 8.917063 1.212264
v -9.948576 8.917063 1.221862
v -9.977554 8.895267 1.229626
v -9.988622 8.860000 1.232592
v -9.977554 8.824733 1.229626
v -9.948576 8.802937 1.221862
v -9.912758 8.802937 1.212264
v -9.883780 8.824733 1.204500
v -9.840000 8.860000 1.450000
v -9.851459 8.895267 1.450000
v -9.881459 8.917063 1.450000
v -9.918541 8.917063 1.450000
v -9.948541 8.895267 1.450000
v -9.960000 8.860000 1.450000
v -9.948541 8.824733 1.450000
v -9.918541 8.802937 1.450000
v -9.881459 8.802937 1.450000
v -9.851459 8.824733 1.450000
v -9.872711 8.860000 1.698466
v -9.883780 8.895267 1.695500
v -9.912758 8.917063 1.687736
v -9.948576 8.917063 1.678138
v -9.977554 8.895267 1.670374
v -9.988622 8.860000 1.667408
v -9.977554 8.824733 1.670374
v -9.948576 8.802937 1.678138
v -9.912758 8.802937 1.687736
v -9.883780 8.824733 1.695500
v -9.968616 8.860000 1.930000
v -9.978539 8.895267 1.924271
v -10.004520 8.917063 1.909271
v -10.036634 8.917063 1.890729
v -10.062615 8.895267 1.875729
v -10.072539 8.860000 1.870000
v -10.062615 8.824733 1.875729
v -10.036634 8.802937 1.890729
v -10.004520 8.802937 1.909271
v -9.978539 8.824733 1.924271
v -10.121177 8.860000 2.128823
v -10.129280 8.895267 2.120720
v -10.150493 8.917063 2.099507
v -10.176714 8.917063 2.073286
v -10.197928 8.895267 2.052072
v -10.206030 8.860000 2.043970
v -10.197928 8.824733 2.052072
v -10.176714 8.802937 2.073286
v -10.150493 8.802937 2.099507
v -10.129280 8.824733 2.120720
v -10.320000 8.860000 2.281384
v -10.325729 8.895267 2.271461
v -10.340729 8.917063 2.245480
v -10.359271 8.917063 2.213366
v -10.374271 8.895267 2.187385
v -10.380000 8.860000 2.177461
v -10.374271 8.824733 2.187385
v -10.359271 8.802937 2.213366
v -10.340729 8.802937 2.245480
v -10.325729 8.824733 2.271461
v -10.551534 8.860000 2.377289
v -10.554500 8.895267 2.366220
v -10.562264 8.917063 2.337242
v -10.571862 8.917063 2.301424
v -10.579626 8.895267 2.272446
v -10.582592 8.860000 2.261378
v -10.579626 8.824733 2.272446
v -10.571862 8.802937 2.301424
v -10.562264 8.802937 2.337242
v -10.554500 8.824733 2.366220
v -10.800000 8.860000 2.410000
v -10.800000 8.895267 2.398541
v -10.800000 8.917063 2.368541
v -10.800000 8.917063 2.331459
v -10.800000 8.895267 2.301459
v -10.800000 8.860000 2.290000
v -10.800000 8.824733 2.301459
v -10.800000 8.802937 2.331459
v -10.800000 8.802937 2.368541
v -10.800000 8.824733 2.398541
v -11.048466 8.860000 2.377289
v -11.045500 8.895267 2.366220
v -11.037736 8.917063 2.337242
v -11.028138 8.917063 2.301424
v -11.020374 8.895267 2.272446
v -11.017408 8.860000 2.261378
v -11.020374 8.824733 2.272446
v -11.028138 8.802937 2.301424
v -11.037736 8.802937 2.337242
v -11.045500 8.824733 2.366220
v -11.280000 8.860000 2.281384
v -11.274271 8.895267 2.271461
v -11.259271 8.917063 2.245480
v -11.240729 8.917063 2.213366
v -11.225729 8.895267 2.187385
v -11.220000 8.860000 2.177461
v -11.225729 8.824733 2.187385
v -11.240729 8.802937 2.213366
v -11.259271 8.802937 2.245480
v -11.274271 8.824733 2.271461
v -11.478823 8.860000 2.128823
v -11.470720 8.895267 2.120720
v -11.449507 8.917063 2.099507
v -11.423286 8.917063 2.073286
v -11.402072 8.895267 2.052072
v -11.393970 8.860000 2.043970
v -11.402072 8.824733 2.052072
v -11.423286 8.802937 2.073286
v -11.449507 8.802937 2.099507
v -11.470720 8.824733 2.120720
v -11.631384 8.860000 1.930000
v -11.621461 8.895267 1.924271
v -11.595480 8.917063 1.909271
v -11.563366 8.917063 1.890729
v -11.537385 8.895267 1.875729
v -11.527461 8.860000 1.870000
v -11.537385 8.824733 1.875729
v -11.563366 8.802937 1.890729
v -11.595480 8.802937 1.909271
v -11.621461 8.824733 1.924271
v -11.727289 8.860000 1.698466
v -11.716220 8.895267 1.695500
v -11.687242 8.917063 1.687736
v -11.651424 8.917063 1.678138
v -11.622446 8.895267 1.670374
v -11.611378 8.860000 1.667408
v -11.622446 8.824733 1.670374
v -11.651424 8.802937 1.678138
v -11.687242 8.802937 1.687736
v -11.716220 8.824733 1.695500
v -11.760000 8.860000 1.450000
v -11.748541 8.895267 1.450000
v -11.718541 8.917063 1.450000
v -11.681459 8.917063 1.450000
v -11.651459 8.895267 1.450000
v -11.640000 8.860000 1.450000
v -11.651459 8.824733 1.450000
v -11.681459 8.802937 1.450000
v -11.718541 8.802937 1.450000
v -11.748541 8.824733 1.450000
v -11.727289 8.860000 1.201534
v -11.716220 8.895267 1.204500
v -11.687242 8.917063 1.212264
v -11.651424 8.917063 1.221862
v -11.622446 8.895267 1.229626
v -11.611378 8.860000 1.232592
v -11.622446 8.824733 1.229626
v -11.651424 8.802937 1.221862
v -11.687242 8.802937 1.212264
v -11.716220 8.824733 1.204500
v -11.631384 8.860000 0.970000
v -11.621461 8.895267 0.975729
v -11.595480 8.917063 0.990729
v -11.563366 8.917063 1.009271
v -11.537385 8.895267 1.024271
v -11.527461 8.860000 1.030000
v -11.537385 8.824733 1.024271
v -11.563366 8.802937 1.009271
v -11.595480 8.802937 0.990729
v -11.621461 8.824733 0.975729
v -11.478823 8.860000 0.771177
v -11.470720 8.895267 0.779280
v -11.449507 8.917063 0.800493
v -11.423286 8.917063 0.826714
v -11.402072 8.895267 0.847928
v -11.393970 8.860000 0.856030
v -11.402072 8.824733 0.847928
v -11.423286 8.802937 0.826714
v -11.449507 8.802937 0.800493
v -11.470720 8.824733 0.779280
v -11.280000 8.860000 0.618616
v -11.274271 8.895267 0.628539
v -11.259271 8.917063 0.654520
v -11.240729 8.917063 0.686634
v -11.225729 8.895267 0.712615
v -11.220000 8.860000 0.722539
v -11.225729 8.824733 0.712615
v -11.240729 8.802937 0.686634
v -11.259271 8.802937 0.654520
v -11.274271 8.824733 0.628539
v -11.048466 8.860000 0.522711
v -11.045500 8.895267 0.533780
v -11.037736 8.917063 0.562758
v -11.028138 8.917063 0.598576
v -11.020374 8.895267 0.627554
v -11.017408 8.860000 0.638622
v -11.020374 8.824733 0.627554
v -11.028138 8.802937 0.598576
v -11.037736 8.802937 0.562758
v -11.045500 8.824733 0.533780
v -8.200000 19.410000 0.420000
v -8.023966 19.374985 0.420000
v -8.057585 19.374985 0.523470
v -8.145602 19.374985 0.587419
v -8.254398 19.374985 0.587419
v -8.342415 19.374985 0.523470
v -8.376034 19.374985 0.420000
v -8.342415 19.374985 0.316530
v -8.254398 19.374985 0.252581
v -8.145602 19.374985 0.252581
v -8.057585 19.374985 0.316530
v -7.874731 19.275269 0.420000
v -7.936852 19.275269 0.611188
v -8.099486 19.275269 0.729349
v -8.300514 19.275269 0.729349
v -8.463148 19.275269 0.611188
v -8.525269 19.275269 0.420000
v -8.463148 19.275269 0.228812
v -8.300514 19.275269 0.110651
v -8.099486 19.275269 0.110651
v -7.936852 19.275269 0.228812
v -7.775015 19.126034 0.420000
v -7.856180 19.126034 0.669800
v -8.068673 19.126034 0.824184
v -8.331327 19.126034 0.824184
v -8.543820 19.126034 0.669800
v -8.624985 19.126034 0.420000
v -8.543820 19.126034 0.170200
v -8.331327 19.126034 0.015816
v -8.068673 19.126034 0.015816
v -7.856180 19.126034 0.170200
v -7.740000 18.950000 0.420000
v -7.827852 18.950000 0.690381
v -8.057852 18.950000 0.857486
v -8.342148 18.950000 0.857486
v -8.572148 18.950000 0.690381
v -8.660000 18.950000 0.420000
v -8.572148 18.950000 0.149619
v -8.342148 18.950000 -0.017486
v -8.057852 18.950000 -0.017486
v -7.827852 18.950000 0.149619
v -7.775015 18.773966 0.420000
v -7.856180 18.773966 0.669800
v -8.068673 18.773966 0.824184
v -8.331327 18.773966 0.824184
v -8.543820 18.773966 0.669800
v -8.624985 18.773966 0.420000
v -8.543820 18.773966 0.170200
v -8.331327 18.773966 0.015816
v -8.068673 18.773966 0.015816
v -7.856180 18.773966 0.170200
v -7.874731 18.624731 0.420000
v -7.936852 18.624731 0.611188
v -8.099486 18.624731 0.729349
v -8.300514 18.624731 0.729349
v -8.463148 18.624731 0.611188
v -8.525269 18.624731 0.420000
v -8.463148 18.624731 0.228812
v -8.300514 18.624731 0.110651
v -8.099486 18.624731 0.110651
v -7.936852 18.624731 0.228812
v -8.023966 18.525015 0.420000
v -8.057585 18.525015 0.523470
v -8.145602 18.525015 0.587419
v -8.254398 18.525015 0.587419
v -8.342415 18.525015 0.523470
v -8.376034 18.525015 0.420000
v -8.342415 18.525015 0.316530
v -8.254398 18.525015 0.252581
v -8.145602 18.525015 0.252581
v -8.057585 18.525015 0.316530
v -8.200000 18.490000 0.420000
v -7.400000 19.830000 0.540000
v -7.178044 19.785850 0.540000
v -7.220434 19.785850 0.670463
v -7.331412 19.785850 0.751093
v -7.468588 19.785850 0.751093
v -7.579566 19.785850 0.670463
v -7.621956 19.785850 0.540000
v -7.579566 19.785850 0.409537
v -7.468588 19.785850 0.328907
v -7.331412 19.785850 0.328907
v -7.220434 19.785850 0.409537
v -6.989878 19.660122 0.540000
v -7.068204 19.660122 0.781064
v -7.273265 19.660122 0.930049
v -7.526735 19.660122 0.930049
v -7.731796 19.660122 0.781064
v -7.810122 19.660122 0.540000
v -7.731796 19.660122 0.298936
v -7.526735 19.660122 0.149951
v -7.273265 19.660122 0.149951
v -7.068204 19.660122 0.298936
v -6.864150 19.471956 0.540000
v -6.966488 19.471956 0.854965
v -7.234413 19.471956 1.049624
v -7.565587 19.471956 1.049624
v -7.833512 19.471956 0.854965
v -7.935850 19.471956 0.540000
v -7.833512 19.471956 0.225035
v -7.565587 19.471956 0.030376
v -7.234413 19.471956 0.030376
v -6.966488 19.471956 0.225035
v -6.820000 19.250000 0.540000
v -6.930770 19.250000 0.880915
v -7.220770 19.250000 1.091613
v -7.579230 19.250000 1.091613
v -7.869230 19.250000 0.880915
v -7.980000 19.250000 0.540000
v -7.869230 19.250000 0.199085
v -7.579230 19.250000 -0.011613
v -7.220770 19.250000 -0.011613
v -6.930770 19.250000 0.199085
v -6.864150 19.028044 0.540000
v -6.966488 19.028044 0.854965
v -7.234413 19.028044 1.049624
v -7.565587 19.028044 1.049624
v -7.833512 19.028044 0.854965
v -7.935850 19.028044 0.540000
v -7.833512 19.028044 0.225035
v -7.565587 19.028044 0.030376
v -7.234413 19.028044 0.030376
v -6.966488 19.028044 0.225035
v -6.989878 18.839878 0.540000
v -7.068204 18.839878 0.781064
v -7.273265 18.839878 0.930049
v -7.526735 18.839878 0.930049
v -7.731796 18.839878 0.781064
v -7.810122 18.839878 0.540000
v -7.731796 18.839878 0.298936
v -7.526735 18.839878 0.149951
v -7.273265 18.839878 0.149951
v -7.068204 18.839878 0.298936
v -7.178044 18.714150 0.540000
v -7.220434 18.714150 0.670463
v -7.331412 18.714150 0.751093
v -7.468588 18.714150 0.751093
v -7.579566 18.714150 0.670463
v -7.621956 18.714150 0.540000
v -7.579566 18.714150 0.409537
v -7.468588 18.714150 0.328907
v -7.331412 18.714150 0.328907
v -7.220434 18.714150 0.409537
v -7.400000 18.670000 0.540000
v -6.450000 19.300000 0.370000
v -6.296927 19.269552 0.370000
v -6.326161 19.269552 0.459974
v -6.402698 19.269552 0.515581
v -6.497302 19.269552 0.515581
v -6.573839 19.269552 0.459974
v -6.603073 19.269552 0.370000
v -6.573839 19.269552 0.280026
v -6.497302 19.269552 0.224419
v -6.402698 19.269552 0.224419
v -6.326161 19.269552 0.280026
v -6.167157 19.182843 0.370000
v -6.221175 19.182843 0.536251
v -6.362597 19.182843 0.638999
v -6.537403 19.182843 0.638999
v -6.678825 19.182843 0.536251
v -6.732843 19.182843 0.370000
v -6.678825 19.182843 0.203749
v -6.537403 19.182843 0.101001
v -6.362597 19.182843 0.101001
v -6.221175 19.182843 0.203749
v -6.080448 19.053073 0.370000
v -6.151026 19.053073 0.587217
v -6.335802 19.053073 0.721465
v -6.564198 19.053073 0.721465
v -6.748974 19.053073 0.587217
v -6.819552 19.053073 0.370000
v -6.748974 19.053073 0.152783
v -6.564198 19.053073 0.018535
v -6.335802 19.053073 0.018535
v -6.151026 19.053073 0.152783
v -6.050000 18.900000 0.370000
v -6.126393 18.900000 0.605114
v -6.326393 18.900000 0.750423
v -6.573607 18.900000 0.750423
v -6.773607 18.900000 0.605114
v -6.850000 18.900000 0.370000
v -6.773607 18.900000 0.134886
v -6.573607 18.900000 -0.010423
v -6.326393 18.900000 -0.010423
v -6.126393 18.900000 0.134886
v -6.080448 18.746927 0.370000
v -6.151026 18.746927 0.587217
v -6.335802 18.746927 0.721465
v -6.564198 18.746927 0.721465
v -6.748974 18.746927 0.587217
v -6.819552 18.746927 0.370000
v -6.748974 18.746927 0.152783
v -6.564198 18.746927 0.018535
v -6.335802 18.746927 0.018535
v -6.151026 18.746927 0.152783
v -6.167157 18.617157 0.370000
v -6.221175 18.617157 0.536251
v -6.362597 18.617157 0.638999
v -6.537403 18.617157 0.638999
v -6.678825 18.617157 0.536251
v -6.732843 18.617157 0.370000
v -6.678825 18.617157 0.203749
v -6.537403 18.617157 0.101001
v -6.362597 18.617157 0.101001
v -6.221175 18.617157 0.203749
v -6.296927 18.530448 0.370000
v -6.326161 18.530448 0.459974
v -6.402698 18.530448 0.515581
v -6.497302 18.530448 0.515581
v -6.573839 18.530448 0.459974
v -6.603073 18.530448 0.370000
v -6.573839 18.530448 0.280026
v -6.497302 18.530448 0.224419
v -6.402698 18.530448 0.224419
v -6.326161 18.530448 0.280026
v -6.450000 18.500000 0.370000
v -7.100000 18.570000 0.490000
v -6.985195 18.547164 0.490000
v -7.007121 18.547164 0.557481
v -7.064523 18.547164 0.599186
v -7.135477 18.547164 0.599186
v -7.192879 18.547164 0.557481
v -7.214805 18.547164 0.490000
v -7.192879 18.547164 0.422519
v -7.135477 18.547164 0.380814
v -7.064523 18.547164 0.380814
v -7.007121 18.547164 0.422519
v -6.887868 18.482132 0.490000
v -6.928382 18.482132 0.614688
v -7.034448 18.482132 0.691750
v -7.165552 18.482132 0.691750
v -7.271618 18.482132 0.614688
v -7.312132 18.482132 0.490000
v -7.271618 18.482132 0.365312
v -7.165552 18.482132 0.288250
v -7.034448 18.482132 0.288250
v -6.928382 18.482132 0.365312
v -6.822836 18.384805 0.490000
v -6.875770 18.384805 0.652913
v -7.014352 18.384805 0.753598
v -7.185648 18.384805 0.753598
v -7.324230 18.384805 0.652913
v -7.377164 18.384805 0.490000
v -7.324230 18.384805 0.327087
v -7.185648 18.384805 0.226402
v -7.014352 18.384805 0.226402
v -6.875770 18.384805 0.327087
v -6.800000 18.270000 0.490000
v -6.857295 18.270000 0.666336
v -7.007295 18.270000 0.775317
v -7.192705 18.270000 0.775317
v -7.342705 18.270000 0.666336
v -7.400000 18.270000 0.490000
v -7.342705 18.270000 0.313664
v -7.192705 18.270000 0.204683
v -7.007295 18.270000 0.204683
v -6.857295 18.270000 0.313664
v -6.822836 18.155195 0.490000
v -6.875770 18.155195 0.652913
v -7.014352 18.155195 0.753598
v -7.185648 18.155195 0.753598
v -7.324230 18.155195 0.652913
v -7.377164 18.155195 0.490000
v -7.324230 18.155195 0.327087
v -7.185648 18.155195 0.226402
v -7.014352 18.155195 0.226402
v -6.875770 18.155195 0.327087
v -6.887868 18.057868 0.490000
v -6.928382 18.057868 0.614688
v -7.034448 18.057868 0.691750
v -7.165552 18.057868 0.691750
v -7.271618 18.057868 0.614688
v -7.312132 18.057868 0.490000
v -7.271618 18.057868 0.365312
v -7.165552 18.057868 0.288250
v -7.034448 18.057868 0.288250
v -6.928382 18.057868 0.365312
v -6.985195 17.992836 0.490000
v -7.007121 17.992836 0.557481
v -7.064523 17.992836 0.599186
v -7.135477 17.992836 0.599186
v -7.192879 17.992836 0.557481
v -7.214805 17.992836 0.490000
v -7.192879 17.992836 0.422519
v -7.135477 17.992836 0.380814
v -7.064523 17.992836 0.380814
v -7.007121 17.992836 0.422519
v -7.100000 17.970000 0.490000
v -7.850000 18.590000 0.460000
v -7.750502 18.570209 0.460000
v -7.769505 18.570209 0.518483
v -7.819254 18.570209 0.554628
v -7.880746 18.570209 0.554628
v -7.930495 18.570209 0.518483
v -7.949498 18.570209 0.460000
v -7.930495 18.570209 0.401517
v -7.880746 18.570209 0.365372
v -7.819254 18.570209 0.365372
v -7.769505 18.570209 0.401517
v -7.666152 18.513848 0.460000
v -7.701264 18.513848 0.568063
v -7.793188 18.513848 0.634850
v -7.906812 18.513848 0.634850
v -7.998736 18.513848 0.568063
v -8.033848 18.513848 0.460000
v -7.998736 18.513848 0.351937
v -7.906812 18.513848 0.285150
v -7.793188 18.513848 0.285150
v -7.701264 18.513848 0.351937
v -7.609791 18.429498 0.460000
v -7.655667 18.429498 0.601191
v -7.775771 18.429498 0.688452
v -7.924229 18.429498 0.688452
v -8.044333 18.429498 0.601191
v -8.090209 18.429498 0.460000
v -8.044333 18.429498 0.318809
v -7.924229 18.429498 0.231548
v -7.775771 18.429498 0.231548
v -7.655667 18.429498 0.318809
v -7.590000 18.330000 0.460000
v -7.639656 18.330000 0.612824
v -7.769656 18.330000 0.707275
v -7.930344 18.330000 0.707275
v -8.060344 18.330000 0.612824
v -8.110000 18.330000 0.460000
v -8.060344 18.330000 0.307176
v -7.930344 18.330000 0.212725
v -7.769656 18.330000 0.212725
v -7.639656 18.330000 0.307176
v -7.609791 18.230502 0.460000
v -7.655667 18.230502 0.601191
v -7.775771 18.230502 0.688452
v -7.924229 18.230502 0.688452
v -8.044333 18.230502 0.601191
v -8.090209 18.230502 0.460000
v -8.044333 18.230502 0.318809
v -7.924229 18.230502 0.231548
v -7.775771 18.230502 0.231548
v -7.655667 18.230502 0.318809
v -7.666152 18.146152 0.460000
v -7.701264 18.146152 0.568063
v -7.793188 18.146152 0.634850
v -7.906812 18.146152 0.634850
v -7.998736 18.146152 0.568063
v -8.033848 18.146152 0.460000
v -7.998736 18.146152 0.351937
v -7.906812 18.146152 0.285150
v -7.793188 18.146152 0.285150
v -7.701264 18.146152 0.351937
v -7.750502 18.089791 0.460000
v -7.769505 18.089791 0.518483
v -7.819254 18.089791 0.554628
v -7.880746 18.089791 0.554628
v -7.930495 18.089791 0.518483
v -7.949498 18.089791 0.460000
v -7.930495 18.089791 0.401517
v -7.880746 18.089791 0.365372
v -7.819254 18.089791 0.365372
v -7.769505 18.089791 0.401517
v -7.850000 18.070000 0.460000
v 6.535000 19.196000 0.420000
v 6.684629 19.166237 0.420000
v 6.656053 19.166237 0.507950
v 6.581238 19.166237 0.562306
v 6.488762 19.166237 0.562306
v 6.413947 19.166237 0.507950
v 6.385371 19.166237 0.420000
v 6.413947 19.166237 0.332050
v 6.488762 19.166237 0.277694
v 6.581238 19.166237 0.277694
v 6.656053 19.166237 0.332050
v 6.811479 19.081479 0.420000
v 6.758676 19.081479 0.582510
v 6.620437 19.081479 0.682947
v 6.449563 19.081479 0.682947
v 6.311324 19.081479 0.582510
v 6.258521 19.081479 0.420000
v 6.311324 19.081479 0.257490
v 6.449563 19.081479 0.157053
v 6.620437 19.081479 0.157053
v 6.758676 19.081479 0.257490
v 6.896237 18.954629 0.420000
v 6.827247 18.954629 0.632330
v 6.646628 18.954629 0.763557
v 6.423372 18.954629 0.763557
v 6.242753 18.954629 0.632330
v 6.173763 18.954629 0.420000
v 6.242753 18.954629 0.207670
v 6.423372 18.954629 0.076443
v 6.646628 18.954629 0.076443
v 6.827247 18.954629 0.207670
v 6.926000 18.805000 0.420000
v 6.851326 18.805000 0.649824
v 6.655826 18.805000 0.791863
v 6.414174 18.805000 0.791863
v 6.218674 18.805000 0.649824
v 6.144000 18.805000 0.420000
v 6.218674 18.805000 0.190176
v 6.414174 18.805000 0.048137
v 6.655826 18.805000 0.048137
v 6.851326 18.805000 0.190176
v 6.896237 18.655371 0.420000
v 6.827247 18.655371 0.632330
v 6.646628 18.655371 0.763557
v 6.423372 18.655371 0.763557
v 6.242753 18.655371 0.632330
v 6.173763 18.655371 0.420000
v 6.242753 18.655371 0.207670
v 6.423372 18.655371 0.076443
v 6.646628 18.655371 0.076443
v 6.827247 18.655371 0.207670
v 6.811479 18.528521 0.420000
v 6.758676 18.528521 0.582510
v 6.620437 18.528521 0.682947
v 6.449563 18.528521 0.682947
v 6.311324 18.528521 0.582510
v 6.258521 18.528521 0.420000
v 6.311324 18.528521 0.257490
v 6.449563 18.528521 0.157053
v 6.620437 18.528521 0.157053
v 6.758676 18.528521 0.257490
v 6.684629 18.443763 0.420000
v 6.656053 18.443763 0.507950
v 6.581238 18.443763 0.562306
v 6.488762 18.443763 0.562306
v 6.413947 18.443763 0.507950
v 6.385371 18.443763 0.420000
v 6.413947 18.443763 0.332050
v 6.488762 18.443763 0.277694
v 6.581238 18.443763 0.277694
v 6.656053 18.443763 0.332050
v 6.535000 18.414000 0.420000
v 7.215000 19.553000 0.522000
v 7.403663 19.515473 0.522000
v 7.367632 19.515473 0.632893
v 7.273300 19.515473 0.701429
v 7.156700 19.515473 0.701429
v 7.062368 19.515473 0.632893
v 7.026337 19.515473 0.522000
v 7.062368 19.515473 0.411107
v 7.156700 19.515473 0.342571
v 7.273300 19.515473 0.342571
v 7.367632 19.515473 0.411107
v 7.563604 19.408604 0.522000
v 7.497026 19.408604 0.726904
v 7.322724 19.408604 0.853542
v 7.107276 19.408604 0.853542
v 6.932974 19.408604 0.726904
v 6.866396 19.408604 0.522000
v 6.932974 19.408604 0.317096
v 7.107276 19.408604 0.190458
v 7.322724 19.408604 0.190458
v 7.497026 19.408604 0.317096
v 7.670473 19.248663 0.522000
v 7.583485 19.248663 0.789720
v 7.355749 19.248663 0.955180
v 7.074251 19.248663 0.955180
v 6.846515 19.248663 0.789720
v 6.759527 19.248663 0.522000
v 6.846515 19.248663 0.254280
v 7.074251 19.248663 0.088820
v 7.355749 19.248663 0.088820
v 7.583485 19.248663 0.254280
v 7.708000 19.060000 0.522000
v 7.613845 19.060000 0.811778
v 7.367345 19.060000 0.990871
v 7.062655 19.060000 0.990871
v 6.816155 19.060000 0.811778
v 6.722000 19.060000 0.522000
v 6.816155 19.060000 0.232222
v 7.062655 19.060000 0.053129
v 7.367345 19.060000 0.053129
v 7.613845 19.060000 0.232222
v 7.670473 18.871337 0.522000
v 7.583485 18.871337 0.789720
v 7.355749 18.871337 0.955180
v 7.074251 18.871337 0.955180
v 6.846515 18.871337 0.789720
v 6.759527 18.871337 0.522000
v 6.846515 18.871337 0.254280
v 7.074251 18.871337 0.088820
v 7.355749 18.871337 0.088820
v 7.583485 18.871337 0.254280
v 7.563604 18.711396 0.522000
v 7.497026 18.711396 0.726904
v 7.322724 18.711396 0.853542
v 7.107276 18.711396 0.853542
v 6.932974 18.711396 0.726904
v 6.866396 18.711396 0.522000
v 6.932974 18.711396 0.317096
v 7.107276 18.711396 0.190458
v 7.322724 18.711396 0.190458
v 7.497026 18.711396 0.317096
v 7.403663 18.604527 0.522000
v 7.367632 18.604527 0.632893
v 7.273300 18.604527 0.701429
v 7.156700 18.604527 0.701429
v 7.062368 18.604527 0.632893
v 7.026337 18.604527 0.522000
v 7.062368 18.604527 0.411107
v 7.156700 18.604527 0.342571
v 7.273300 18.604527 0.342571
v 7.367632 18.604527 0.411107
v 7.215000 18.567000 0.522000
v 8.022500 19.102500 0.377500
v 8.152612 19.076619 0.377500
v 8.127763 19.076619 0.453978
v 8.062707 19.076619 0.501244
v 7.982293 19.076619 0.501244
v 7.917237 19.076619 0.453978
v 7.892388 19.076619 0.377500
v 7.917237 19.076619 0.301022
v 7.982293 19.076619 0.253756
v 8.062707 19.076619 0.253756
v 8.127763 19.076619 0.301022
v 8.262916 19.002916 0.377500
v 8.217001 19.002916 0.518813
v 8.096793 19.002916 0.606149
v 7.948207 19.002916 0.606149
v 7.827999 19.002916 0.518813
v 7.782084 19.002916 0.377500
v 7.827999 19.002916 0.236187
v 7.948207 19.002916 0.148851
v 8.096793 19.002916 0.148851
v 8.217001 19.002916 0.236187
v 8.336619 18.892612 0.377500
v 8.276628 18.892612 0.562135
v 8.119568 18.892612 0.676245
v 7.925432 18.892612 0.676245
v 7.768372 18.892612 0.562135
v 7.708381 18.892612 0.377500
v 7.768372 18.892612 0.192865
v 7.925432 18.892612 0.078755
v 8.119568 18.892612 0.078755
v 8.276628 18.892612 0.192865
v 8.362500 18.762500 0.377500
v 8.297566 18.762500 0.577347
v 8.127566 18.762500 0.700859
v 7.917434 18.762500 0.700859
v 7.747434 18.762500 0.577347
v 7.682500 18.762500 0.377500
v 7.747434 18.762500 0.177653
v 7.917434 18.762500 0.054141
v 8.127566 18.762500 0.054141
v 8.297566 18.762500 0.177653
v 8.336619 18.632388 0.377500
v 8.276628 18.632388 0.562135
v 8.119568 18.632388 0.676245
v 7.925432 18.632388 0.676245
v 7.768372 18.632388 0.562135
v 7.708381 18.632388 0.377500
v 7.768372 18.632388 0.192865
v 7.925432 18.632388 0.078755
v 8.119568 18.632388 0.078755
v 8.276628 18.632388 0.192865
v 8.262916 18.522084 0.377500
v 8.217001 18.522084 0.518813
v 8.096793 18.522084 0.606149
v 7.948207 18.522084 0.606149
v 7.827999 18.522084 0.518813
v 7.782084 18.522084 0.377500
v 7.827999 18.522084 0.236187
v 7.948207 18.522084 0.148851
v 8.096793 18.522084 0.148851
v 8.217001 18.522084 0.236187
v 8.152612 18.448381 0.377500
v 8.127763 18.448381 0.453978
v 8.062707 18.448381 0.501244
v 7.982293 18.448381 0.501244
v 7.917237 18.448381 0.453978
v 7.892388 18.448381 0.377500
v 7.917237 18.448381 0.301022
v 7.982293 18.448381 0.253756
v 8.062707 18.448381 0.253756
v 8.127763 18.448381 0.301022
v 8.022500 18.422500 0.377500
v 7.470000 18.482000 0.479500
v 7.567584 18.462589 0.479500
v 7.548947 18.462589 0.536859
v 7.500155 18.462589 0.572308
v 7.439845 18.462589 0.572308
v 7.391053 18.462589 0.536859
v 7.372416 18.462589 0.479500
v 7.391053 18.462589 0.422141
v 7.439845 18.462589 0.386692
v 7.500155 18.462589 0.386692
v 7.548947 18.462589 0.422141
v 7.650312 18.407312 0.479500
v 7.615876 18.407312 0.585485
v 7.525720 18.407312 0.650987
v 7.414280 18.407312 0.650987
v 7.324124 18.407312 0.585485
v 7.289688 18.407312 0.479500
v 7.324124 18.407312 0.373515
v 7.414280 18.407312 0.308013
v 7.525720 18.407312 0.308013
v 7.615876 18.407312 0.373515
v 7.705589 18.324584 0.479500
v 7.660596 18.324584 0.617976
v 7.542801 18.324584 0.703559
v 7.397199 18.324584 0.703559
v 7.279404 18.324584 0.617976
v 7.234411 18.324584 0.479500
v 7.279404 18.324584 0.341024
v 7.397199 18.324584 0.255441
v 7.542801 18.324584 0.255441
v 7.660596 18.324584 0.341024
v 7.725000 18.227000 0.479500
v 7.676299 18.227000 0.629385
v 7.548799 18.227000 0.722019
v 7.391201 18.227000 0.722019
v 7.263701 18.227000 0.629385
v 7.215000 18.227000 0.479500
v 7.263701 18.227000 0.329615
v 7.391201 18.227000 0.236981
v 7.548799 18.227000 0.236981
v 7.676299 18.227000 0.329615
v 7.705589 18.129416 0.479500
v 7.660596 18.129416 0.617976
v 7.542801 18.129416 0.703559
v 7.397199 18.129416 0.703559
v 7.279404 18.129416 0.617976
v 7.234411 18.129416 0.479500
v 7.279404 18.129416 0.341024
v 7.397199 18.129416 0.255441
v 7.542801 18.129416 0.255441
v 7.660596 18.129416 0.341024
v 7.650312 18.046688 0.479500
v 7.615876 18.046688 0.585485
v 7.525720 18.046688 0.650987
v 7.414280 18.046688 0.650987
v 7.324124 18.046688 0.585485
v 7.289688 18.046688 0.479500
v 7.324124 18.046688 0.373515
v 7.414280 18.046688 0.308013
v 7.525720 18.046688 0.308013
v 7.615876 18.046688 0.373515
v 7.567584 17.991411 0.479500
v 7.548947 17.991411 0.536859
v 7.500155 17.991411 0.572308
v 7.439845 17.991411 0.572308
v 7.391053 17.991411 0.536859
v 7.372416 17.991411 0.479500
v 7.391053 17.991411 0.422141
v 7.439845 17.991411 0.386692
v 7.500155 17.991411 0.386692
v 7.548947 17.991411 0.422141
v 7.470000 17.972000 0.479500
v 6.832500 18.499000 0.454000
v 6.917073 18.482177 0.454000
v 6.900921 18.482177 0.503711
v 6.858635 18.482177 0.534434
v 6.806365 18.482177 0.534434
v 6.764079 18.482177 0.503711
v 6.747927 18.482177 0.454000
v 6.764079 18.482177 0.404289
v 6.806365 18.482177 0.373566
v 6.858635 18.482177 0.373566
v 6.900921 18.482177 0.404289
v 6.988771 18.434271 0.454000
v 6.958926 18.434271 0.545854
v 6.880790 18.434271 0.602622
v 6.784210 18.434271 0.602622
v 6.706074 18.434271 0.545854
v 6.676229 18.434271 0.454000
v 6.706074 18.434271 0.362146
v 6.784210 18.434271 0.305378
v 6.880790 18.434271 0.305378
v 6.958926 18.434271 0.362146
v 7.036677 18.362573 0.454000
v 6.997683 18.362573 0.574012
v 6.895594 18.362573 0.648184
v 6.769406 18.362573 0.648184
v 6.667317 18.362573 0.574012
v 6.628323 18.362573 0.454000
v 6.667317 18.362573 0.333988
v 6.769406 18.362573 0.259816
v 6.895594 18.362573 0.259816
v 6.997683 18.362573 0.333988
v 7.053500 18.278000 0.454000
v 7.011293 18.278000 0.583901
v 6.900793 18.278000 0.664183
v 6.764207 18.278000 0.664183
v 6.653707 18.278000 0.583901
v 6.611500 18.278000 0.454000
v 6.653707 18.278000 0.324099
v 6.764207 18.278000 0.243817
v 6.900793 18.278000 0.243817
v 7.011293 18.278000 0.324099
v 7.036677 18.193427 0.454000
v 6.997683 18.193427 0.574012
v 6.895594 18.193427 0.648184
v 6.769406 18.193427 0.648184
v 6.667317 18.193427 0.574012
v 6.628323 18.193427 0.454000
v 6.667317 18.193427 0.333988
v 6.769406 18.193427 0.259816
v 6.895594 18.193427 0.259816
v 6.997683 18.193427 0.333988
v 6.988771 18.121729 0.454000
v 6.958926 18.121729 0.545854
v 6.880790 18.121729 0.602622
v 6.784210 18.121729 0.602622
v 6.706074 18.121729 0.545854
v 6.676229 18.121729 0.454000
v 6.706074 18.121729 0.362146
v 6.784210 18.121729 0.305378
v 6.880790 18.121729 0.305378
v 6.958926 18.121729 0.362146
v 6.917073 18.073823 0.454000
v 6.900921 18.073823 0.503711
v 6.858635 18.073823 0.534434
v 6.806365 18.073823 0.534434
v 6.764079 18.073823 0.503711
v 6.747927 18.073823 0.454000
v 6.764079 18.073823 0.404289
v 6.806365 18.073823 0.373566
v 6.858635 18.073823 0.373566
v 6.900921 18.073823 0.404289
v 6.832500 18.057000 0.454000
f 89 1 2
f 90 46 45
f 45 46 2 1
f 89 2 3
f 90 47 46
f 46 47 3 2
f 89 3 4
f 90 48 47
f 47 48 4 3
f 89 4 5
f 90 49 48
f 48 49 5 4
f 89 5 6
f 90 50 49
f 49 50 6 5
f 89 6 7
f 90 51 50
f 50 51 7 6
f 89 7 8
f 90 52 51
f 51 52 8 7
f 89 8 9
f 90 53 52
f 52 53 9 8
f 89 9 10
f 90 54 53
f 53 54 10 9
f 89 10 11
f 90 55 54
f 54 55 11 10
f 89 11 12
f 90 56 55
f 55 56 12 11
f 89 12 13
f 90 57 56
f 56 57 13 12
f 89 13 14
f 90 58 57
f 57 58 14 13
f 89 14 15
f 90 59 58
f 58 59 15 14
f 89 15 16
f 90 60 59
f 59 60 16 15
f 89 16 17
f 90 61 60
f 60 61 17 16
f 89 17 18
f 90 62 61
f 61 62 18 17
f 89 18 19
f 90 63 62
f 62 63 19 18
f 89 19 20
f 90 64 63
f 63 64 20 19
f 89 20 21
f 90 65 64
f 64 65 21 20
f 89 21 22
f 90 66 65
f 65 66 22 21
f 89 22 23
f 90 67 66
f 66 67 23 22
f 89 23 24
f 90 68 67
f 67 68 24 23
f 89 24 25
f 90 69 68
f 68 69 25 24
f 89 25 26
f 90 70 69
f 69 70 26 25
f 89 26 27
f 90 71 70
f 70 71 27 26
f 89 27 28
f 90 72 71
f 71 72 28 27
f 89 28 29
f 90 73 72
f 72 73 29 28
f 89 29 30
f 90 74 73
f 73 74 30 29
f 89 30 31
f 90 75 74
f 74 75 31 30
f 89 31 32
f 90 76 75
f 75 76 32 31
f 89 32 33
f 90 77 76
f 76 77 33 32
f 89 33 34
f 90 78 77
f 77 78 34 33
f 89 34 35
f 90 79 78
f 78 79 35 34
f 89 35 36
f 90 80 79
f 79 80 36 35
f 89 36 37
f 90 81 80
f 80 81 37 36
f 89 37 38
f 90 82 81
f 81 82 38 37
f 89 38 39
f 90 83 82
f 82 83 39 38
f 89 39 40
f 90 84 83
f 83 84 40 39
f 89 40 41
f 90 85 84
f 84 85 41 40
f 89 41 42
f 90 86 85
f 85 86 42 41
f 89 42 43
f 90 87 86
f 86 87 43 42
f 89 43 44
f 90 88 87
f 87 88 44 43
f 89 44 1
f 90 45 88
f 88 45 1 44
f 179 91 92
f 180 136 135
f 135 136 92 91
f 179 92 93
f 180 137 136
f 136 137 93 92
f 179 93 94
f 180 138 137
f 137 138 94 93
f 179 94 95
f 180 139 138
f 138 139 95 94
f 179 95 96
f 180 140 139
f 139 140 96 95
f 179 96 97
f 180 141 140
f 140 141 97 96
f 179 97 98
f 180 142 141
f 141 142 98 97
f 179 98 99
f 180 143 142
f 142 143 99 98
f 179 99 100
f 180 144 143
f 143 144 100 99
f 179 100 101
f 180 145 144
f 144 145 101 100
f 179 101 102
f 180 146 145
f 145 146 102 101
f 179 102 103
f 180 147 146
f 146 147 103 102
f 179 103 104
f 180 148 147
f 147 148 104 103
f 179 104 105
f 180 149 148
f 148 149 105 104
f 179 105 106
f 180 150 149
f 149 150 106 105
f 179 106 107
f 180 151 150
f 150 151 107 106
f 179 107 108
f 180 152 151
f 151 152 108 107
f 179 108 109
f 180 153 152
f 152 153 109 108
f 179 109 110
f 180 154 153
f 153 154 110 109
f 179 110 111
f 180 155 154
f 154 155 111 110
f 179 111 112
f 180 156 155
f 155 156 112 111
f 179 112 113
f 180 157 156
f 156 157 113 112
f 179 113 114
f 180 158 157
f 157 158 114 113
f 179 114 115
f 180 159 158
f 158 159 115 114
f 179 115 116
f 180 160 159
f 159 160 116 115
f 179 116 117
f 180 161 160
f 160 161 117 116
f 179 117 118
f 180 162 161
f 161 162 118 117
f 179 118 119
f 180 163 162
f 162 163 119 118
f 179 119 120
f 180 164 163
f 163 164 120 119
f 179 120 121
f 180 165 164
f 164 165 121 120
f 179 121 122
f 180 166 165
f 165 166 122 121
f 179 122 123
f 180 167 166
f 166 167 123 122
f 179 123 124
f 180 168 167
f 167 168 124 123
f 179 124 125
f 180 169 168
f 168 169 125 124
f 179 125 126
f 180 170 169
f 169 170 126 125
f 179 126 127
f 180 171 170
f 170 171 127 126
f 179 127 128
f 180 172 171
f 171 172 128 127
f 179 128 129
f 180 173 172
f 172 173 129 128
f 179 129 130
f 180 174 173
f 173 174 130 129
f 179 130 131
f 180 175 174
f 174 175 131 130
f 179 131 132
f 180 176 175
f 175 176 132 131
f 179 132 133
f 180 177 176
f 176 177 133 132
f 179 133 134
f 180 178 177
f 177 178 134 133
f 179 134 91
f 180 135 178
f 178 135 91 134
f 269 181 182
f 270 226 225
f 225 226 182 181
f 269 182 183
f 270 227 226
f 226 227 183 182
f 269 183 184
f 270 228 227
f 227 228 184 183
f 269 184 185
f 270 229 228
f 228 229 185 184
f 269 185 186
f 270 230 229
f 229 230 186 185
f 269 186 187
f 270 231 230
f 230 231 187 186
f 269 187 188
f 270 232 231
f 231 232 188 187
f 269 188 189
f 270 233 232
f 232 233 189 188
f 269 189 190
f 270 234 233
f 233 234 190 189
f 269 190 191
f 270 235 234
f 234 235 191 190
f 269 191 192
f 270 236 235
f 235 236 192 191
f 269 192 193
f 270 237 236
f 236 237 193 192
f 269 193 194
f 270 238 237
f 237 238 194 193
f 269 194 195
f 270 239 238
f 238 239 195 194
f 269 195 196
f 270 240 239
f 239 240 196 195
f 269 196 197
f 270 241 240
f 240 241 197 196
f 269 197 198
f 270 242 241
f 241 242 198 197
f 269 198 199
f 270 243 242
f 242 243 199 198
f 269 199 200
f 270 244 243
f 243 244 200 199
f 269 200 201
f 270 245 244
f 244 245 201 200
f 269 201 202
f 270 246 245
f 245 246 202 201
f 269 202 203
f 270 247 246
f 246 247 203 202
f 269 203 204
f 270 248 247
f 247 248 204 203
f 269 204 205
f 270 249 248
f 248 249 205 204
f 269 205 206
f 270 250 249
f 249 250 206 205
f 269 206 207
f 270 251 250
f 250 251 207 206
f 269 207 208
f 270 252 251
f 251 252 208 207
f 269 208 209
f 270 253 252
f 252 253 209 208
f 269 209 210
f 270 254 253
f 253 254 210 209
f 269 210 211
f 270 255 254
f 254 255 211 210
f 269 211 212
f 270 256 255
f 255 256 212 211
f 269 212 213
f 270 257 256
f 256 257 213 212
f 269 213 214
f 270 258 257
f 257 258 214 213
f 269 214 215
f 270 259 258
f 258 259 215 214
f 269 215 216
f 270 260 259
f 259 260 216 215
f 269 216 217
f 270 261 260
f 260 261 217 216
f 269 217 218
f 270 262 261
f 261 262 218 217
f 269 218 219
f 270 263 262
f 262 263 219 218
f 269 219 220
f 270 264 263
f 263 264 220 219
f 269 220 221
f 270 265 264
f 264 265 221 220
f 269 221 222
f 270 266 265
f 265 266 222 221
f 269 222 223
f 270 267 266
f 266 267 223 222
f 269 223 224
f 270 268 267
f 267 268 224 223
f 269 224 181
f 270 225 268
f 268 225 181 224
f 271 272 273 274
f 278 277 276 275
f 275 276 272 271
f 276 277 273 272
f 277 278 274 273
f 278 275 271 274
f 279 280 281 282
f 286 285 284 283
f 283 284 280 279
f 284 285 281 280
f 285 286 282 281
f 286 283 279 282
f 287 288 289 290
f 294 293 292 291
f 291 292 288 287
f 292 293 289 288
f 293 294 290 289
f 294 291 287 290
f 415 295 296
f 416 356 355
f 355 356 296 295
f 415 296 297
f 416 357 356
f 356 357 297 296
f 415 297 298
f 416 358 357
f 357 358 298 297
f 415 298 299
f 416 359 358
f 358 359 299 298
f 415 299 300
f 416 360 359
f 359 360 300 299
f 415 300 301
f 416 361 360
f 360 361 301 300
f 415 301 302
f 416 362 361
f 361 362 302 301
f 415 302 303
f 416 363 362
f 362 363 303 302
f 415 303 304
f 416 364 363
f 363 364 304 303
f 415 304 305
f 416 365 364
f 364 365 305 304
f 415 305 306
f 416 366 365
f 365 366 306 305
f 415 306 307
f 416 367 366
f 366 367 307 306
f 415 307 308
f 416 368 367
f 367 368 308 307
f 415 308 309
f 416 369 368
f 368 369 309 308
f 415 309 310
f 416 370 369
f 369 370 310 309
f 415 310 311
f 416 371 370
f 370 371 311 310
f 415 311 312
f 416 372 371
f 371 372 312 311
f 415 312 313
f 416 373 372
f 372 373 313 312
f 415 313 314
f 416 374 373
f 373 374 314 313
f 415 314 315
f 416 375 374
f 374 375 315 314
f 415 315 316
f 416 376 375
f 375 376 316 315
f 415 316 317
f 416 377 376
f 376 377 317 316
f 415 317 318
f 416 378 377
f 377 378 318 317
f 415 318 319
f 416 379 378
f 378 379 319 318
f 415 319 320
f 416 380 379
f 379 380 320 319
f 415 320 321
f 416 381 380
f 380 381 321 320
f 415 321 322
f 416 382 381
f 381 382 322 321
f 415 322 323
f 416 383 382
f 382 383 323 322
f 415 323 324
f 416 384 383
f 383 384 324 323
f 415 324 325
f 416 385 384
f 384 385 325 324
f 415 325 326
f 416 386 385
f 385 386 326 325
f 415 326 327
f 416 387 386
f 386 387 327 326
f 415 327 328
f 416 388 387
f 387 388 328 327
f 415 328 329
f 416 389 388
f 388 389 329 328
f 415 329 330
f 416 390 389
f 389 390 330 329
f 415 330 331
f 416 391 390
f 390 391 331 330
f 415 331 332
f 416 392 391
f 391 392 332 331
f 415 332 333
f 416 393 392
f 392 393 333 332
f 415 333 334
f 416 394 393
f 393 394 334 333
f 415 334 335
f 416 395 394
f 394 395 335 334
f 415 335 336
f 416 396 395
f 395 396 336 335
f 415 336 337
f 416 397 396
f 396 397 337 336
f 415 337 338
f 416 398 397
f 397 398 338 337
f 415 338 339
f 416 399 398
f 398 399 339 338
f 415 339 340
f 416 400 399
f 399 400 340 339
f 415 340 341
f 416 401 400
f 400 401 341 340
f 415 341 342
f 416 402 401
f 401 402 342 341
f 415 342 343
f 416 403 402
f 402 403 343 342
f 415 343 344
f 416 404 403
f 403 404 344 343
f 415 344 345
f 416 405 404
f 404 405 345 344
f 415 345 346
f 416 406 405
f 405 406 346 345
f 415 346 347
f 416 407 406
f 406 407 347 346
f 415 347 348
f 416 408 407
f 407 408 348 347
f 415 348 349
f 416 409 408
f 408 409 349 348
f 415 349 350
f 416 410 409
f 409 410 350 349
f 415 350 351
f 416 411 410
f 410 411 351 350
f 415 351 352
f 416 412 411
f 411 412 352 351
f 415 352 353
f 416 413 412
f 412 413 353 352
f 415 353 354
f 416 414 413
f 413 414 354 353
f 415 354 295
f 416 355 414
f 414 355 295 354
f 417 418 419 420
f 424 423 422 421
f 421 422 418 417
f 422 423 419 418
f 423 424 420 419
f 424 421 417 420
f 425 426 427 428
f 429 432 431 430
f 425 429 430 426
f 426 430 431 427
f 427 431 432 428
f 429 425 428 432
f 433 434 435
f 433 435 436
f 433 436 437
f 433 437 438
f 433 438 439
f 433 439 440
f 433 440 441
f 433 441 442
f 433 442 443
f 433 443 434
f 434 435 445 444
f 435 436 446 445
f 436 437 447 446
f 437 438 448 447
f 438 439 449 448
f 439 440 450 449
f 440 441 451 450
f 441 442 452 451
f 442 443 453 452
f 443 434 444 453
f 444 445 455 454
f 445 446 456 455
f 446 447 457 456
f 447 448 458 457
f 448 449 459 458
f 449 450 460 459
f 450 451 461 460
f 451 452 462 461
f 452 453 463 462
f 453 444 454 463
f 454 455 465 464
f 455 456 466 465
f 456 457 467 466
f 457 458 468 467
f 458 459 469 468
f 459 460 470 469
f 460 461 471 470
f 461 462 472 471
f 462 463 473 472
f 463 454 464 473
f 464 465 475 474
f 465 466 476 475
f 466 467 477 476
f 467 468 478 477
f 468 469 479 478
f 469 470 480 479
f 470 471 481 480
f 471 472 482 481
f 472 473 483 482
f 473 464 474 483
f 474 475 485 484
f 475 476 486 485
f 476 477 487 486
f 477 478 488 487
f 478 479 489 488
f 479 480 490 489
f 480 481 491 490
f 481 482 492 491
f 482 483 493 492
f 483 474 484 493
f 484 485 495 494
f 485 486 496 495
f 486 487 497 496
f 487 488 498 497
f 488 489 499 498
f 489 490 500 499
f 490 491 501 500
f 491 492 502 501
f 492 493 503 502
f 493 484 494 503
f 504 495 494
f 504 496 495
f 504 497 496
f 504 498 497
f 504 499 498
f 504 500 499
f 504 501 500
f 504 502 501
f 504 503 502
f 504 494 503
f 505 506 507
f 505 507 508
f 505 508 509
f 505 509 510
f 505 510 511
f 505 511 512
f 505 512 513
f 505 513 514
f 505 514 515
f 505 515 506
f 506 507 517 516
f 507 508 518 517
f 508 509 519 518
f 509 510 520 519
f 510 511 521 520
f 511 512 522 521
f 512 513 523 522
f 513 514 524 523
f 514 515 525 524
f 515 506 516 525
f 516 517 527 526
f 517 518 528 527
f 518 519 529 528
f 519 520 530 529
f 520 521 531 530
f 521 522 532 531
f 522 523 533 532
f 523 524 534 533
f 524 525 535 534
f 525 516 526 535
f 526 527 537 536
f 527 528 538 537
f 528 529 539 538
f 529 530 540 539
f 530 531 541 540
f 531 532 542 541
f 532 533 543 542
f 533 534 544 543
f 534 535 545 544
f 535 526 536 545
f 536 537 547 546
f 537 538 548 547
f 538 539 549 548
f 539 540 550 549
f 540 541 551 550
f 541 542 552 551
f 542 543 553 552
f 543 544 554 553
f 544 545 555 554
f 545 536 546 555
f 546 547 557 556
f 547 548 558 557
f 548 549 559 558
f 549 550 560 559
f 550 551 561 560
f 551 552 562 561
f 552 553 563 562
f 553 554 564 563
f 554 555 565 564
f 555 546 556 565
f 556 557 567 566
f 557 558 568 567
f 558 559 569 568
f 559 560 570 569
f 560 561 571 570
f 561 562 572 571
f 562 563 573 572
f 563 564 574 573
f 564 565 575 574
f 565 556 566 575
f 576 567 566
f 576 568 567
f 576 569 568
f 576 570 569
f 576 571 570
f 576 572 571
f 576 573 572
f 576 574 573
f 576 575 574
f 576 566 575
f 577 578 579
f 577 579 580
f 577 580 581
f 577 581 582
f 577 582 583
f 577 583 584
f 577 584 585
f 577 585 586
f 577 586 587
f 577 587 578
f 578 579 589 588
f 579 580 590 589
f 580 581 591 590
f 581 582 592 591
f 582 583 593 592
f 583 584 594 593
f 584 585 595 594
f 585 586 596 595
f 586 587 597 596
f 587 578 588 597
f 588 589 599 598
f 589 590 600 599
f 590 591 601 600
f 591 592 602 601
f 592 593 603 602
f 593 594 604 603
f 594 595 605 604
f 595 596 606 605
f 596 597 607 606
f 597 588 598 607
f 598 599 609 608
f 599 600 610 609
f 600 601 611 610
f 601 602 612 611
f 602 603 613 612
f 603 604 614 613
f 604 605 615 614
f 605 606 616 615
f 606 607 617 616
f 607 598 608 617
f 608 609 619 618
f 609 610 620 619
f 610 611 621 620
f 611 612 622 621
f 612 613 623 622
f 613 614 624 623
f 614 615 625 624
f 615 616 626 625
f 616 617 627 626
f 617 608 618 627
f 618 619 629 628
f 619 620 630 629
f 620 621 631 630
f 621 622 632 631
f 622 623 633 632
f 623 624 634 633
f 624 625 635 634
f 625 626 636 635
f 626 627 637 636
f 627 618 628 637
f 628 629 639 638
f 629 630 640 639
f 630 631 641 640
f 631 632 642 641
f 632 633 643 642
f 633 634 644 643
f 634 635 645 644
f 635 636 646 645
f 636 637 647 646
f 637 628 638 647
f 648 639 638
f 648 640 639
f 648 641 640
f 648 642 641
f 648 643 642
f 648 644 643
f 648 645 644
f 648 646 645
f 648 647 646
f 648 638 647
f 649 650 651
f 649 651 652
f 649 652 653
f 649 653 654
f 649 654 655
f 649 655 656
f 649 656 657
f 649 657 658
f 649 658 659
f 649 659 650
f 650 651 661 660
f 651 652 662 661
f 652 653 663 662
f 653 654 664 663
f 654 655 665 664
f 655 656 666 665
f 656 657 667 666
f 657 658 668 667
f 658 659 669 668
f 659 650 660 669
f 660 661 671 670
f 661 662 672 671
f 662 663 673 672
f 663 664 674 673
f 664 665 675 674
f 665 666 676 675
f 666 667 677 676
f 667 668 678 677
f 668 669 679 678
f 669 660 670 679
f 670 671 681 680
f 671 672 682 681
f 672 673 683 682
f 673 674 684 683
f 674 675 685 684
f 675 676 686 685
f 676 677 687 686
f 677 678 688 687
f 678 679 689 688
f 679 670 680 689
f 680 681 691 690
f 681 682 692 691
f 682 683 693 692
f 683 684 694 693
f 684 685 695 694
f 685 686 696 695
f 686 687 697 696
f 687 688 698 697
f 688 689 699 698
f 689 680 690 699
f 690 691 701 700
f 691 692 702 701
f 692 693 703 702
f 693 694 704 703
f 694 695 705 704
f 695 696 706 705
f 696 697 707 706
f 697 698 708 707
f 698 699 709 708
f 699 690 700 709
f 700 701 711 710
f 701 702 712 711
f 702 703 713 712
f 703 704 714 713
f 704 705 715 714
f 705 706 716 715
f 706 707 717 716
f 707 708 718 717
f 708 709 719 718
f 709 700 710 719
f 720 711 710
f 720 712 711
f 720 713 712
f 720 714 713
f 720 715 714
f 720 716 715
f 720 717 716
f 720 718 717
f 720 719 718
f 720 710 719
f 721 722 723
f 721 723 724
f 721 724 725
f 721 725 726
f 721 726 727
f 721 727 728
f 721 728 729
f 721 729 730
f 721 730 731
f 721 731 722
f 722 723 733 732
f 723 724 734 733
f 724 725 735 734
f 725 726 736 735
f 726 727 737 736
f 727 728 738 737
f 728 729 739 738
f 729 730 740 739
f 730 731 741 740
f 731 722 732 741
f 732 733 743 742
f 733 734 744 743
f 734 735 745 744
f 735 736 746 745
f 736 737 747 746
f 737 738 748 747
f 738 739 749 748
f 739 740 750 749
f 740 741 751 750
f 741 732 742 751
f 742 743 753 752
f 743 744 754 753
f 744 745 755 754
f 745 746 756 755
f 746 747 757 756
f 747 748 758 757
f 748 749 759 758
f 749 750 760 759
f 750 751 761 760
f 751 742 752 761
f 752 753 763 762
f 753 754 764 763
f 754 755 765 764
f 755 756 766 765
f 756 757 767 766
f 757 758 768 767
f 758 759 769 768
f 759 760 770 769
f 760 761 771 770
f 761 752 762 771
f 762 763 773 772
f 763 764 774 773
f 764 765 775 774
f 765 766 776 775
f 766 767 777 776
f 767 768 778 777
f 768 769 779 778
f 769 770 780 779
f 770 771 781 780
f 771 762 772 781
f 772 773 783 782
f 773 774 784 783
f 774 775 785 784
f 775 776 786 785
f 776 777 787 786
f 777 778 788 787
f 778 779 789 788
f 779 780 790 789
f 780 781 791 790
f 781 772 782 791
f 792 783 782
f 792 784 783
f 792 785 784
f 792 786 785
f 792 787 786
f 792 788 787
f 792 789 788
f 792 790 789
f 792 791 790
f 792 782 791
f 793 794 795
f 793 795 796
f 793 796 797
f 793 797 798
f 793 798 799
f 793 799 800
f 793 800 801
f 793 801 802
f 793 802 803
f 793 803 794
f 794 795 805 804
f 795 796 806 805
f 796 797 807 806
f 797 798 808 807
f 798 799 809 808
f 799 800 810 809
f 800 801 811 810
f 801 802 812 811
f 802 803 813 812
f 803 794 804 813
f 804 805 815 814
f 805 806 816 815
f 806 807 817 816
f 807 808 818 817
f 808 809 819 818
f 809 810 820 819
f 810 811 821 820
f 811 812 822 821
f 812 813 823 822
f 813 804 814 823
f 814 815 825 824
f 815 816 826 825
f 816 817 827 826
f 817 818 828 827
f 818 819 829 828
f 819 820 830 829
f 820 821 831 830
f 821 822 832 831
f 822 823 833 832
f 823 814 824 833
f 824 825 835 834
f 825 826 836 835
f 826 827 837 836
f 827 828 838 837
f 828 829 839 838
f 829 830 840 839
f 830 831 841 840
f 831 832 842 841
f 832 833 843 842
f 833 824 834 843
f 834 835 845 844
f 835 836 846 845
f 836 837 847 846
f 837 838 848 847
f 838 839 849 848
f 839 840 850 849
f 840 841 851 850
f 841 842 852 851
f 842 843 853 852
f 843 834 844 853
f 844 845 855 854
f 845 846 856 855
f 846 847 857 856
f 847 848 858 857
f 848 849 859 858
f 849 850 860 859
f 850 851 861 860
f 851 852 862 861
f 852 853 863 862
f 853 844 854 863
f 864 855 854
f 864 856 855
f 864 857 856
f 864 858 857
f 864 859 858
f 864 860 859
f 864 861 860
f 864 862 861
f 864 863 862
f 864 854 863
f 865 866 867 868
f 872 871 870 869
f 869 870 866 865
f 870 871 867 866
f 871 872 868 867
f 872 869 865 868
f 873 874 875 876
f 877 880 879 878
f 873 877 878 874
f 874 878 879 875
f 875 879 880 876
f 877 873 876 880
f 882 884 883 881
f 937 881 883
f 938 884 882
f 884 886 885 883
f 937 883 885
f 938 886 884
f 886 888 887 885
f 937 885 887
f 938 888 886
f 888 890 889 887
f 937 887 889
f 938 890 888
f 890 892 891 889
f 937 889 891
f 938 892 890
f 892 894 893 891
f 937 891 893
f 938 894 892
f 894 896 895 893
f 937 893 895
f 938 896 894
f 896 898 897 895
f 937 895 897
f 938 898 896
f 898 900 899 897
f 937 897 899
f 938 900 898
f 900 902 901 899
f 937 899 901
f 938 902 900
f 902 904 903 901
f 937 901 903
f 938 904 902
f 904 906 905 903
f 937 903 905
f 938 906 904
f 906 908 907 905
f 937 905 907
f 938 908 906
f 908 910 909 907
f 937 907 909
f 938 910 908
f 910 912 911 909
f 937 909 911
f 938 912 910
f 912 914 913 911
f 937 911 913
f 938 914 912
f 914 916 915 913
f 937 913 915
f 938 916 914
f 916 918 917 915
f 937 915 917
f 938 918 916
f 918 920 919 917
f 937 917 919
f 938 920 918
f 920 922 921 919
f 937 919 921
f 938 922 920
f 922 924 923 921
f 937 921 923
f 938 924 922
f 924 926 925 923
f 937 923 925
f 938 926 924
f 926 928 927 925
f 937 925 927
f 938 928 926
f 928 930 929 927
f 937 927 929
f 938 930 928
f 930 932 931 929
f 937 929 931
f 938 932 930
f 932 934 933 931
f 937 931 933
f 938 934 932
f 934 936 935 933
f 937 933 935
f 938 936 934
f 936 882 881 935
f 937 935 881
f 938 882 936
f 939 940 941 942
f 943 946 945 944
f 939 943 944 940
f 940 944 945 941
f 941 945 946 942
f 943 939 942 946
f 948 950 949 947
f 995 947 949
f 996 950 948
f 950 952 951 949
f 995 949 951
f 996 952 950
f 952 954 953 951
f 995 951 953
f 996 954 952
f 954 956 955 953
f 995 953 955
f 996 956 954
f 956 958 957 955
f 995 955 957
f 996 958 956
f 958 960 959 957
f 995 957 959
f 996 960 958
f 960 962 961 959
f 995 959 961
f 996 962 960
f 962 964 963 961
f 995 961 963
f 996 964 962
f 964 966 965 963
f 995 963 965
f 996 966 964
f 966 968 967 965
f 995 965 967
f 996 968 966
f 968 970 969 967
f 995 967 969
f 996 970 968
f 970 972 971 969
f 995 969 971
f 996 972 970
f 972 974 973 971
f 995 971 973
f 996 974 972
f 974 976 975 973
f 995 973 975
f 996 976 974
f 976 978 977 975
f 995 975 977
f 996 978 976
f 978 980 979 977
f 995 977 979
f 996 980 978
f 980 982 981 979
f 995 979 981
f 996 982 980
f 982 984 983 981
f 995 981 983
f 996 984 982
f 984 986 985 983
f 995 983 985
f 996 986 984
f 986 988 987 985
f 995 985 987
f 996 988 986
f 988 990 989 987
f 995 987 989
f 996 990 988
f 990 992 991 989
f 995 989 991
f 996 992 990
f 992 994 993 991
f 995 991 993
f 996 994 992
f 994 948 947 993
f 995 993 947
f 996 948 994
f 997 998 999 1000
f 1004 1003 1002 1001
f 1001 1002 998 997
f 1002 1003 999 998
f 1003 1004 1000 999
f 1004 1001 997 1000
f 1005 1006 1007 1008
f 1009 1012 1011 1010
f 1005 1009 1010 1006
f 1006 1010 1011 1007
f 1007 1011 1012 1008
f 1009 1005 1008 1012
f 1014 1016 1015 1013
f 1069 1013 1015
f 1070 1016 1014
f 1016 1018 1017 1015
f 1069 1015 1017
f 1070 1018 1016
f 1018 1020 1019 1017
f 1069 1017 1019
f 1070 1020 1018
f 1020 1022 1021 1019
f 1069 1019 1021
f 1070 1022 1020
f 1022 1024 1023 1021
f 1069 1021 1023
f 1070 1024 1022
f 1024 1026 1025 1023
f 1069 1023 1025
f 1070 1026 1024
f 1026 1028 1027 1025
f 1069 1025 1027
f 1070 1028 1026
f 1028 1030 1029 1027
f 1069 1027 1029
f 1070 1030 1028
f 1030 1032 1031 1029
f 1069 1029 1031
f 1070 1032 1030
f 1032 1034 1033 1031
f 1069 1031 1033
f 1070 1034 1032
f 1034 1036 1035 1033
f 1069 1033 1035
f 1070 1036 1034
f 1036 1038 1037 1035
f 1069 1035 1037
f 1070 1038 1036
f 1038 1040 1039 1037
f 1069 1037 1039
f 1070 1040 1038
f 1040 1042 1041 1039
f 1069 1039 1041
f 1070 1042 1040
f 1042 1044 1043 1041
f 1069 1041 1043
f 1070 1044 1042
f 1044 1046 1045 1043
f 1069 1043 1045
f 1070 1046 1044
f 1046 1048 1047 1045
f 1069 1045 1047
f 1070 1048 1046
f 1048 1050 1049 1047
f 1069 1047 1049
f 1070 1050 1048
f 1050 1052 1051 1049
f 1069 1049 1051
f 1070 1052 1050
f 1052 1054 1053 1051
f 1069 1051 1053
f 1070 1054 1052
f 1054 1056 1055 1053
f 1069 1053 1055
f 1070 1056 1054
f 1056 1058 1057 1055
f 1069 1055 1057
f 1070 1058 1056
f 1058 1060 1059 1057
f 1069 1057 1059
f 1070 1060 1058
f 1060 1062 1061 1059
f 1069 1059 1061
f 1070 1062 1060
f 1062 1064 1063 1061
f 1069 1061 1063
f 1070 1064 1062
f 1064 1066 1065 1063
f 1069 1063 1065
f 1070 1066 1064
f 1066 1068 1067 1065
f 1069 1065 1067
f 1070 1068 1066
f 1068 1014 1013 1067
f 1069 1067 1013
f 1070 1014 1068
f 1071 1072 1073 1074
f 1075 1078 1077 1076
f 1071 1075 1076 1072
f 1072 1076 1077 1073
f 1073 1077 1078 1074
f 1075 1071 1074 1078
f 1080 1082 1081 1079
f 1127 1079 1081
f 1128 1082 1080
f 1082 1084 1083 1081
f 1127 1081 1083
f 1128 1084 1082
f 1084 1086 1085 1083
f 1127 1083 1085
f 1128 1086 1084
f 1086 1088 1087 1085
f 1127 1085 1087
f 1128 1088 1086
f 1088 1090 1089 1087
f 1127 1087 1089
f 1128 1090 1088
f 1090 1092 1091 1089
f 1127 1089 1091
f 1128 1092 1090
f 1092 1094 1093 1091
f 1127 1091 1093
f 1128 1094 1092
f 1094 1096 1095 1093
f 1127 1093 1095
f 1128 1096 1094
f 1096 1098 1097 1095
f 1127 1095 1097
f 1128 1098 1096
f 1098 1100 1099 1097
f 1127 1097 1099
f 1128 1100 1098
f 1100 1102 1101 1099
f 1127 1099 1101
f 1128 1102 1100
f 1102 1104 1103 1101
f 1127 1101 1103
f 1128 1104 1102
f 1104 1106 1105 1103
f 1127 1103 1105
f 1128 1106 1104
f 1106 1108 1107 1105
f 1127 1105 1107
f 1128 1108 1106
f 1108 1110 1109 1107
f 1127 1107 1109
f 1128 1110 1108
f 1110 1112 1111 1109
f 1127 1109 1111
f 1128 1112 1110
f 1112 1114 1113 1111
f 1127 1111 1113
f 1128 1114 1112
f 1114 1116 1115 1113
f 1127 1113 1115
f 1128 1116 1114
f 1116 1118 1117 1115
f 1127 1115 1117
f 1128 1118 1116
f 1118 1120 1119 1117
f 1127 1117 1119
f 1128 1120 1118
f 1120 1122 1121 1119
f 1127 1119 1121
f 1128 1122 1120
f 1122 1124 1123 1121
f 1127 1121 1123
f 1128 1124 1122
f 1124 1126 1125 1123
f 1127 1123 1125
f 1128 1126 1124
f 1126 1080 1079 1125
f 1127 1125 1079
f 1128 1080 1126
f 1129 1130 1131 1132
f 1136 1135 1134 1133
f 1133 1134 1130 1129
f 1134 1135 1131 1130
f 1135 1136 1132 1131
f 1136 1133 1129 1132
f 1137 1138 1139 1140
f 1141 1144 1143 1142
f 1137 1141 1142 1138
f 1138 1142 1143 1139
f 1139 1143 1144 1140
f 1141 1137 1140 1144
f 1146 1148 1147 1145
f 1201 1145 1147
f 1202 1148 1146
f 1148 1150 1149 1147
f 1201 1147 1149
f 1202 1150 1148
f 1150 1152 1151 1149
f 1201 1149 1151
f 1202 1152 1150
f 1152 1154 1153 1151
f 1201 1151 1153
f 1202 1154 1152
f 1154 1156 1155 1153
f 1201 1153 1155
f 1202 1156 1154
f 1156 1158 1157 1155
f 1201 1155 1157
f 1202 1158 1156
f 1158 1160 1159 1157
f 1201 1157 1159
f 1202 1160 1158
f 1160 1162 1161 1159
f 1201 1159 1161
f 1202 1162 1160
f 1162 1164 1163 1161
f 1201 1161 1163
f 1202 1164 1162
f 1164 1166 1165 1163
f 1201 1163 1165
f 1202 1166 1164
f 1166 1168 1167 1165
f 1201 1165 1167
f 1202 1168 1166
f 1168 1170 1169 1167
f 1201 1167 1169
f 1202 1170 1168
f 1170 1172 1171 1169
f 1201 1169 1171
f 1202 1172 1170
f 1172 1174 1173 1171
f 1201 1171 1173
f 1202 1174 1172
f 1174 1176 1175 1173
f 1201 1173 1175
f 1202 1176 1174
f 1176 1178 1177 1175
f 1201 1175 1177
f 1202 1178 1176
f 1178 1180 1179 1177
f 1201 1177 1179
f 1202 1180 1178
f 1180 1182 1181 1179
f 1201 1179 1181
f 1202 1182 1180
f 1182 1184 1183 1181
f 1201 1181 1183
f 1202 1184 1182
f 1184 1186 1185 1183
f 1201 1183 1185
f 1202 1186 1184
f 1186 1188 1187 1185
f 1201 1185 1187
f 1202 1188 1186
f 1188 1190 1189 1187
f 1201 1187 1189
f 1202 1190 1188
f 1190 1192 1191 1189
f 1201 1189 1191
f 1202 1192 1190
f 1192 1194 1193 1191
f 1201 1191 1193
f 1202 1194 1192
f 1194 1196 1195 1193
f 1201 1193 1195
f 1202 1196 1194
f 1196 1198 1197 1195
f 1201 1195 1197
f 1202 1198 1196
f 1198 1200 1199 1197
f 1201 1197 1199
f 1202 1200 1198
f 1200 1146 1145 1199
f 1201 1199 1145
f 1202 1146 1200
f 1203 1204 1205 1206
f 1207 1210 1209 1208
f 1203 1207 1208 1204
f 1204 1208 1209 1205
f 1205 1209 1210 1206
f 1207 1203 1206 1210
f 1212 1214 1213 1211
f 1259 1211 1213
f 1260 1214 1212
f 1214 1216 1215 1213
f 1259 1213 1215
f 1260 1216 1214
f 1216 1218 1217 1215
f 1259 1215 1217
f 1260 1218 1216
f 1218 1220 1219 1217
f 1259 1217 1219
f 1260 1220 1218
f 1220 1222 1221 1219
f 1259 1219 1221
f 1260 1222 1220
f 1222 1224 1223 1221
f 1259 1221 1223
f 1260 1224 1222
f 1224 1226 1225 1223
f 1259 1223 1225
f 1260 1226 1224
f 1226 1228 1227 1225
f 1259 1225 1227
f 1260 1228 1226
f 1228 1230 1229 1227
f 1259 1227 1229
f 1260 1230 1228
f 1230 1232 1231 1229
f 1259 1229 1231
f 1260 1232 1230
f 1232 1234 1233 1231
f 1259 1231 1233
f 1260 1234 1232
f 1234 1236 1235 1233
f 1259 1233 1235
f 1260 1236 1234
f 1236 1238 1237 1235
f 1259 1235 1237
f 1260 1238 1236
f 1238 1240 1239 1237
f 1259 1237 1239
f 1260 1240 1238
f 1240 1242 1241 1239
f 1259 1239 1241
f 1260 1242 1240
f 1242 1244 1243 1241
f 1259 1241 1243
f 1260 1244 1242
f 1244 1246 1245 1243
f 1259 1243 1245
f 1260 1246 1244
f 1246 1248 1247 1245
f 1259 1245 1247
f 1260 1248 1246
f 1248 1250 1249 1247
f 1259 1247 1249
f 1260 1250 1248
f 1250 1252 1251 1249
f 1259 1249 1251
f 1260 1252 1250
f 1252 1254 1253 1251
f 1259 1251 1253
f 1260 1254 1252
f 1254 1256 1255 1253
f 1259 1253 1255
f 1260 1256 1254
f 1256 1258 1257 1255
f 1259 1255 1257
f 1260 1258 1256
f 1258 1212 1211 1257
f 1259 1257 1211
f 1260 1212 1258
f 1261 1262 1263 1264
f 1268 1267 1266 1265
f 1265 1266 1262 1261
f 1266 1267 1263 1262
f 1267 1268 1264 1263
f 1268 1265 1261 1264
f 1269 1270 1271 1272
f 1273 1276 1275 1274
f 1269 1273 1274 1270
f 1270 1274 1275 1271
f 1271 1275 1276 1272
f 1273 1269 1272 1276
f 1278 1280 1279 1277
f 1333 1277 1279
f 1334 1280 1278
f 1280 1282 1281 1279
f 1333 1279 1281
f 1334 1282 1280
f 1282 1284 1283 1281
f 1333 1281 1283
f 1334 1284 1282
f 1284 1286 1285 1283
f 1333 1283 1285
f 1334 1286 1284
f 1286 1288 1287 1285
f 1333 1285 1287
f 1334 1288 1286
f 1288 1290 1289 1287
f 1333 1287 1289
f 1334 1290 1288
f 1290 1292 1291 1289
f 1333 1289 1291
f 1334 1292 1290
f 1292 1294 1293 1291
f 1333 1291 1293
f 1334 1294 1292
f 1294 1296 1295 1293
f 1333 1293 1295
f 1334 1296 1294
f 1296 1298 1297 1295
f 1333 1295 1297
f 1334 1298 1296
f 1298 1300 1299 1297
f 1333 1297 1299
f 1334 1300 1298
f 1300 1302 1301 1299
f 1333 1299 1301
f 1334 1302 1300
f 1302 1304 1303 1301
f 1333 1301 1303
f 1334 1304 1302
f 1304 1306 1305 1303
f 1333 1303 1305
f 1334 1306 1304
f 1306 1308 1307 1305
f 1333 1305 1307
f 1334 1308 1306
f 1308 1310 1309 1307
f 1333 1307 1309
f 1334 1310 1308
f 1310 1312 1311 1309
f 1333 1309 1311
f 1334 1312 1310
f 1312 1314 1313 1311
f 1333 1311 1313
f 1334 1314 1312
f 1314 1316 1315 1313
f 1333 1313 1315
f 1334 1316 1314
f 1316 1318 1317 1315
f 1333 1315 1317
f 1334 1318 1316
f 1318 1320 1319 1317
f 1333 1317 1319
f 1334 1320 1318
f 1320 1322 1321 1319
f 1333 1319 1321
f 1334 1322 1320
f 1322 1324 1323 1321
f 1333 1321 1323
f 1334 1324 1322
f 1324 1326 1325 1323
f 1333 1323 1325
f 1334 1326 1324
f 1326 1328 1327 1325
f 1333 1325 1327
f 1334 1328 1326
f 1328 1330 1329 1327
f 1333 1327 1329
f 1334 1330 1328
f 1330 1332 1331 1329
f 1333 1329 1331
f 1334 1332 1330
f 1332 1278 1277 1331
f 1333 1331 1277
f 1334 1278 1332
f 1335 1336 1337 1338
f 1339 1342 1341 1340
f 1335 1339 1340 1336
f 1336 1340 1341 1337
f 1337 1341 1342 1338
f 1339 1335 1338 1342
f 1344 1346 1345 1343
f 1391 1343 1345
f 1392 1346 1344
f 1346 1348 1347 1345
f 1391 1345 1347
f 1392 1348 1346
f 1348 1350 1349 1347
f 1391 1347 1349
f 1392 1350 1348
f 1350 1352 1351 1349
f 1391 1349 1351
f 1392 1352 1350
f 1352 1354 1353 1351
f 1391 1351 1353
f 1392 1354 1352
f 1354 1356 1355 1353
f 1391 1353 1355
f 1392 1356 1354
f 1356 1358 1357 1355
f 1391 1355 1357
f 1392 1358 1356
f 1358 1360 1359 1357
f 1391 1357 1359
f 1392 1360 1358
f 1360 1362 1361 1359
f 1391 1359 1361
f 1392 1362 1360
f 1362 1364 1363 1361
f 1391 1361 1363
f 1392 1364 1362
f 1364 1366 1365 1363
f 1391 1363 1365
f 1392 1366 1364
f 1366 1368 1367 1365
f 1391 1365 1367
f 1392 1368 1366
f 1368 1370 1369 1367
f 1391 1367 1369
f 1392 1370 1368
f 1370 1372 1371 1369
f 1391 1369 1371
f 1392 1372 1370
f 1372 1374 1373 1371
f 1391 1371 1373
f 1392 1374 1372
f 1374 1376 1375 1373
f 1391 1373 1375
f 1392 1376 1374
f 1376 1378 1377 1375
f 1391 1375 1377
f 1392 1378 1376
f 1378 1380 1379 1377
f 1391 1377 1379
f 1392 1380 1378
f 1380 1382 1381 1379
f 1391 1379 1381
f 1392 1382 1380
f 1382 1384 1383 1381
f 1391 1381 1383
f 1392 1384 1382
f 1384 1386 1385 1383
f 1391 1383 1385
f 1392 1386 1384
f 1386 1388 1387 1385
f 1391 1385 1387
f 1392 1388 1386
f 1388 1390 1389 1387
f 1391 1387 1389
f 1392 1390 1388
f 1390 1344 1343 1389
f 1391 1389 1343
f 1392 1344 1390
f 1393 1394 1395 1396
f 1400 1399 1398 1397
f 1397 1398 1394 1393
f 1398 1399 1395 1394
f 1399 1400 1396 1395
f 1400 1397 1393 1396
f 1401 1402 1403 1404
f 1408 1407 1406 1405
f 1405 1406 1402 1401
f 1406 1407 1403 1402
f 1407 1408 1404 1403
f 1408 1405 1401 1404
f 1409 1410 1411 1412
f 1413 1416 1415 1414
f 1409 1413 1414 1410
f 1410 1414 1415 1411
f 1411 1415 1416 1412
f 1413 1409 1412 1416
f 1417 1418 1419 1420
f 1421 1424 1423 1422
f 1417 1421 1422 1418
f 1418 1422 1423 1419
f 1419 1423 1424 1420
f 1421 1417 1420 1424
f 1425 1426 1427 1428
f 1429 1432 1431 1430
f 1425 1429 1430 1426
f 1426 1430 1431 1427
f 1427 1431 1432 1428
f 1429 1425 1428 1432
f 1433 1434 1435 1436
f 1440 1439 1438 1437
f 1437 1438 1434 1433
f 1438 1439 1435 1434
f 1439 1440 1436 1435
f 1440 1437 1433 1436
f 1441 1442 1443 1444
f 1448 1447 1446 1445
f 1445 1446 1442 1441
f 1446 1447 1443 1442
f 1447 1448 1444 1443
f 1448 1445 1441 1444
f 1449 1450 1451 1452
f 1456 1455 1454 1453
f 1453 1454 1450 1449
f 1454 1455 1451 1450
f 1455 1456 1452 1451
f 1456 1453 1449 1452
f 1457 1458 1459 1460
f 1461 1464 1463 1462
f 1457 1461 1462 1458
f 1458 1462 1463 1459
f 1459 1463 1464 1460
f 1461 1457 1460 1464
f 1465 1466 1467 1468
f 1469 1472 1471 1470
f 1465 1469 1470 1466
f 1466 1470 1471 1467
f 1467 1471 1472 1468
f 1469 1465 1468 1472
f 1474 1476 1475 1473
f 1553 1473 1475
f 1554 1476 1474
f 1476 1478 1477 1475
f 1553 1475 1477
f 1554 1478 1476
f 1478 1480 1479 1477
f 1553 1477 1479
f 1554 1480 1478
f 1480 1482 1481 1479
f 1553 1479 1481
f 1554 1482 1480
f 1482 1484 1483 1481
f 1553 1481 1483
f 1554 1484 1482
f 1484 1486 1485 1483
f 1553 1483 1485
f 1554 1486 1484
f 1486 1488 1487 1485
f 1553 1485 1487
f 1554 1488 1486
f 1488 1490 1489 1487
f 1553 1487 1489
f 1554 1490 1488
f 1490 1492 1491 1489
f 1553 1489 1491
f 1554 1492 1490
f 1492 1494 1493 1491
f 1553 1491 1493
f 1554 1494 1492
f 1494 1496 1495 1493
f 1553 1493 1495
f 1554 1496 1494
f 1496 1498 1497 1495
f 1553 1495 1497
f 1554 1498 1496
f 1498 1500 1499 1497
f 1553 1497 1499
f 1554 1500 1498
f 1500 1502 1501 1499
f 1553 1499 1501
f 1554 1502 1500
f 1502 1504 1503 1501
f 1553 1501 1503
f 1554 1504 1502
f 1504 1506 1505 1503
f 1553 1503 1505
f 1554 1506 1504
f 1506 1508 1507 1505
f 1553 1505 1507
f 1554 1508 1506
f 1508 1510 1509 1507
f 1553 1507 1509
f 1554 1510 1508
f 1510 1512 1511 1509
f 1553 1509 1511
f 1554 1512 1510
f 1512 1514 1513 1511
f 1553 1511 1513
f 1554 1514 1512
f 1514 1516 1515 1513
f 1553 1513 1515
f 1554 1516 1514
f 1516 1518 1517 1515
f 1553 1515 1517
f 1554 1518 1516
f 1518 1520 1519 1517
f 1553 1517 1519
f 1554 1520 1518
f 1520 1522 1521 1519
f 1553 1519 1521
f 1554 1522 1520
f 1522 1524 1523 1521
f 1553 1521 1523
f 1554 1524 1522
f 1524 1526 1525 1523
f 1553 1523 1525
f 1554 1526 1524
f 1526 1528 1527 1525
f 1553 1525 1527
f 1554 1528 1526
f 1528 1530 1529 1527
f 1553 1527 1529
f 1554 1530 1528
f 1530 1532 1531 1529
f 1553 1529 1531
f 1554 1532 1530
f 1532 1534 1533 1531
f 1553 1531 1533
f 1554 1534 1532
f 1534 1536 1535 1533
f 1553 1533 1535
f 1554 1536 1534
f 1536 1538 1537 1535
f 1553 1535 1537
f 1554 1538 1536
f 1538 1540 1539 1537
f 1553 1537 1539
f 1554 1540 1538
f 1540 1542 1541 1539
f 1553 1539 1541
f 1554 1542 1540
f 1542 1544 1543 1541
f 1553 1541 1543
f 1554 1544 1542
f 1544 1546 1545 1543
f 1553 1543 1545
f 1554 1546 1544
f 1546 1548 1547 1545
f 1553 1545 1547
f 1554 1548 1546
f 1548 1550 1549 1547
f 1553 1547 1549
f 1554 1550 1548
f 1550 1552 1551 1549
f 1553 1549 1551
f 1554 1552 1550
f 1552 1474 1473 1551
f 1553 1551 1473
f 1554 1474 1552
f 1556 1558 1557 1555
f 1635 1555 1557
f 1636 1558 1556
f 1558 1560 1559 1557
f 1635 1557 1559
f 1636 1560 1558
f 1560 1562 1561 1559
f 1635 1559 1561
f 1636 1562 1560
f 1562 1564 1563 1561
f 1635 1561 1563
f 1636 1564 1562
f 1564 1566 1565 1563
f 1635 1563 1565
f 1636 1566 1564
f 1566 1568 1567 1565
f 1635 1565 1567
f 1636 1568 1566
f 1568 1570 1569 1567
f 1635 1567 1569
f 1636 1570 1568
f 1570 1572 1571 1569
f 1635 1569 1571
f 1636 1572 1570
f 1572 1574 1573 1571
f 1635 1571 1573
f 1636 1574 1572
f 1574 1576 1575 1573
f 1635 1573 1575
f 1636 1576 1574
f 1576 1578 1577 1575
f 1635 1575 1577
f 1636 1578 1576
f 1578 1580 1579 1577
f 1635 1577 1579
f 1636 1580 1578
f 1580 1582 1581 1579
f 1635 1579 1581
f 1636 1582 1580
f 1582 1584 1583 1581
f 1635 1581 1583
f 1636 1584 1582
f 1584 1586 1585 1583
f 1635 1583 1585
f 1636 1586 1584
f 1586 1588 1587 1585
f 1635 1585 1587
f 1636 1588 1586
f 1588 1590 1589 1587
f 1635 1587 1589
f 1636 1590 1588
f 1590 1592 1591 1589
f 1635 1589 1591
f 1636 1592 1590
f 1592 1594 1593 1591
f 1635 1591 1593
f 1636 1594 1592
f 1594 1596 1595 1593
f 1635 1593 1595
f 1636 1596 1594
f 1596 1598 1597 1595
f 1635 1595 1597
f 1636 1598 1596
f 1598 1600 1599 1597
f 1635 1597 1599
f 1636 1600 1598
f 1600 1602 1601 1599
f 1635 1599 1601
f 1636 1602 1600
f 1602 1604 1603 1601
f 1635 1601 1603
f 1636 1604 1602
f 1604 1606 1605 1603
f 1635 1603 1605
f 1636 1606 1604
f 1606 1608 1607 1605
f 1635 1605 1607
f 1636 1608 1606
f 1608 1610 1609 1607
f 1635 1607 1609
f 1636 1610 1608
f 1610 1612 1611 1609
f 1635 1609 1611
f 1636 1612 1610
f 1612 1614 1613 1611
f 1635 1611 1613
f 1636 1614 1612
f 1614 1616 1615 1613
f 1635 1613 1615
f 1636 1616 1614
f 1616 1618 1617 1615
f 1635 1615 1617
f 1636 1618 1616
f 1618 1620 1619 1617
f 1635 1617 1619
f 1636 1620 1618
f 1620 1622 1621 1619
f 1635 1619 1621
f 1636 1622 1620
f 1622 1624 1623 1621
f 1635 1621 1623
f 1636 1624 1622
f 1624 1626 1625 1623
f 1635 1623 1625
f 1636 1626 1624
f 1626 1628 1627 1625
f 1635 1625 1627
f 1636 1628 1626
f 1628 1630 1629 1627
f 1635 1627 1629
f 1636 1630 1628
f 1630 1632 1631 1629
f 1635 1629 1631
f 1636 1632 1630
f 1632 1634 1633 1631
f 1635 1631 1633
f 1636 1634 1632
f 1634 1556 1555 1633
f 1635 1633 1555
f 1636 1556 1634
f 1637 1638 1652 1651
f 1638 1639 1653 1652
f 1639 1640 1654 1653
f 1640 1641 1655 1654
f 1641 1642 1656 1655
f 1642 1643 1657 1656
f 1643 1644 1658 1657
f 1644 1645 1659 1658
f 1645 1646 1660 1659
f 1646 1647 1661 1660
f 1647 1648 1662 1661
f 1648 1649 1663 1662
f 1649 1650 1664 1663
f 1650 1637 1651 1664
f 1651 1652 1666 1665
f 1652 1653 1667 1666
f 1653 1654 1668 1667
f 1654 1655 1669 1668
f 1655 1656 1670 1669
f 1656 1657 1671 1670
f 1657 1658 1672 1671
f 1658 1659 1673 1672
f 1659 1660 1674 1673
f 1660 1661 1675 1674
f 1661 1662 1676 1675
f 1662 1663 1677 1676
f 1663 1664 1678 1677
f 1664 1651 1665 1678
f 1665 1666 1680 1679
f 1666 1667 1681 1680
f 1667 1668 1682 1681
f 1668 1669 1683 1682
f 1669 1670 1684 1683
f 1670 1671 1685 1684
f 1671 1672 1686 1685
f 1672 1673 1687 1686
f 1673 1674 1688 1687
f 1674 1675 1689 1688
f 1675 1676 1690 1689
f 1676 1677 1691 1690
f 1677 1678 1692 1691
f 1678 1665 1679 1692
f 1679 1680 1694 1693
f 1680 1681 1695 1694
f 1681 1682 1696 1695
f 1682 1683 1697 1696
f 1683 1684 1698 1697
f 1684 1685 1699 1698
f 1685 1686 1700 1699
f 1686 1687 1701 1700
f 1687 1688 1702 1701
f 1688 1689 1703 1702
f 1689 1690 1704 1703
f 1690 1691 1705 1704
f 1691 1692 1706 1705
f 1692 1679 1693 1706
f 1693 1694 1708 1707
f 1694 1695 1709 1708
f 1695 1696 1710 1709
f 1696 1697 1711 1710
f 1697 1698 1712 1711
f 1698 1699 1713 1712
f 1699 1700 1714 1713
f 1700 1701 1715 1714
f 1701 1702 1716 1715
f 1702 1703 1717 1716
f 1703 1704 1718 1717
f 1704 1705 1719 1718
f 1705 1706 1720 1719
f 1706 1693 1707 1720
f 1707 1708 1722 1721
f 1708 1709 1723 1722
f 1709 1710 1724 1723
f 1710 1711 1725 1724
f 1711 1712 1726 1725
f 1712 1713 1727 1726
f 1713 1714 1728 1727
f 1714 1715 1729 1728
f 1715 1716 1730 1729
f 1716 1717 1731 1730
f 1717 1718 1732 1731
f 1718 1719 1733 1732
f 1719 1720 1734 1733
f 1720 1707 1721 1734
f 1721 1722 1736 1735
f 1722 1723 1737 1736
f 1723 1724 1738 1737
f 1724 1725 1739 1738
f 1725 1726 1740 1739
f 1726 1727 1741 1740
f 1727 1728 1742 1741
f 1728 1729 1743 1742
f 1729 1730 1744 1743
f 1730 1731 1745 1744
f 1731 1732 1746 1745
f 1732 1733 1747 1746
f 1733 1734 1748 1747
f 1734 1721 1735 1748
f 1735 1736 1750 1749
f 1736 1737 1751 1750
f 1737 1738 1752 1751
f 1738 1739 1753 1752
f 1739 1740 1754 1753
f 1740 1741 1755 1754
f 1741 1742 1756 1755
f 1742 1743 1757 1756
f 1743 1744 1758 1757
f 1744 1745 1759 1758
f 1745 1746 1760 1759
f 1746 1747 1761 1760
f 1747 1748 1762 1761
f 1748 1735 1749 1762
f 1749 1750 1764 1763
f 1750 1751 1765 1764
f 1751 1752 1766 1765
f 1752 1753 1767 1766
f 1753 1754 1768 1767
f 1754 1755 1769 1768
f 1755 1756 1770 1769
f 1756 1757 1771 1770
f 1757 1758 1772 1771
f 1758 1759 1773 1772
f 1759 1760 1774 1773
f 1760 1761 1775 1774
f 1761 1762 1776 1775
f 1762 1749 1763 1776
f 1763 1764 1778 1777
f 1764 1765 1779 1778
f 1765 1766 1780 1779
f 1766 1767 1781 1780
f 1767 1768 1782 1781
f 1768 1769 1783 1782
f 1769 1770 1784 1783
f 1770 1771 1785 1784
f 1771 1772 1786 1785
f 1772 1773 1787 1786
f 1773 1774 1788 1787
f 1774 1775 1789 1788
f 1775 1776 1790 1789
f 1776 1763 1777 1790
f 1777 1778 1792 1791
f 1778 1779 1793 1792
f 1779 1780 1794 1793
f 1780 1781 1795 1794
f 1781 1782 1796 1795
f 1782 1783 1797 1796
f 1783 1784 1798 1797
f 1784 1785 1799 1798
f 1785 1786 1800 1799
f 1786 1787 1801 1800
f 1787 1788 1802 1801
f 1788 1789 1803 1802
f 1789 1790 1804 1803
f 1790 1777 1791 1804
f 1791 1792 1806 1805
f 1792 1793 1807 1806
f 1793 1794 1808 1807
f 1794 1795 1809 1808
f 1795 1796 1810 1809
f 1796 1797 1811 1810
f 1797 1798 1812 1811
f 1798 1799 1813 1812
f 1799 1800 1814 1813
f 1800 1801 1815 1814
f 1801 1802 1816 1815
f 1802 1803 1817 1816
f 1803 1804 1818 1817
f 1804 1791 1805 1818
f 1805 1806 1820 1819
f 1806 1807 1821 1820
f 1807 1808 1822 1821
f 1808 1809 1823 1822
f 1809 1810 1824 1823
f 1810 1811 1825 1824
f 1811 1812 1826 1825
f 1812 1813 1827 1826
f 1813 1814 1828 1827
f 1814 1815 1829 1828
f 1815 1816 1830 1829
f 1816 1817 1831 1830
f 1817 1818 1832 1831
f 1818 1805 1819 1832
f 1819 1820 1834 1833
f 1820 1821 1835 1834
f 1821 1822 1836 1835
f 1822 1823 1837 1836
f 1823 1824 1838 1837
f 1824 1825 1839 1838
f 1825 1826 1840 1839
f 1826 1827 1841 1840
f 1827 1828 1842 1841
f 1828 1829 1843 1842
f 1829 1830 1844 1843
f 1830 1831 1845 1844
f 1831 1832 1846 1845
f 1832 1819 1833 1846
f 1833 1834 1848 1847
f 1834 1835 1849 1848
f 1835 1836 1850 1849
f 1836 1837 1851 1850
f 1837 1838 1852 1851
f 1838 1839 1853 1852
f 1839 1840 1854 1853
f 1840 1841 1855 1854
f 1841 1842 1856 1855
f 1842 1843 1857 1856
f 1843 1844 1858 1857
f 1844 1845 1859 1858
f 1845 1846 1860 1859
f 1846 1833 1847 1860
f 1847 1848 1862 1861
f 1848 1849 1863 1862
f 1849 1850 1864 1863
f 1850 1851 1865 1864
f 1851 1852 1866 1865
f 1852 1853 1867 1866
f 1853 1854 1868 1867
f 1854 1855 1869 1868
f 1855 1856 1870 1869
f 1856 1857 1871 1870
f 1857 1858 1872 1871
f 1858 1859 1873 1872
f 1859 1860 1874 1873
f 1860 1847 1861 1874
f 1861 1862 1876 1875
f 1862 1863 1877 1876
f 1863 1864 1878 1877
f 1864 1865 1879 1878
f 1865 1866 1880 1879
f 1866 1867 1881 1880
f 1867 1868 1882 1881
f 1868 1869 1883 1882
f 1869 1870 1884 1883
f 1870 1871 1885 1884
f 1871 1872 1886 1885
f 1872 1873 1887 1886
f 1873 1874 1888 1887
f 1874 1861 1875 1888
f 1875 1876 1890 1889
f 1876 1877 1891 1890
f 1877 1878 1892 1891
f 1878 1879 1893 1892
f 1879 1880 1894 1893
f 1880 1881 1895 1894
f 1881 1882 1896 1895
f 1882 1883 1897 1896
f 1883 1884 1898 1897
f 1884 1885 1899 1898
f 1885 1886 1900 1899
f 1886 1887 1901 1900
f 1887 1888 1902 1901
f 1888 1875 1889 1902
f 1889 1890 1904 1903
f 1890 1891 1905 1904
f 1891 1892 1906 1905
f 1892 1893 1907 1906
f 1893 1894 1908 1907
f 1894 1895 1909 1908
f 1895 1896 1910 1909
f 1896 1897 1911 1910
f 1897 1898 1912 1911
f 1898 1899 1913 1912
f 1899 1900 1914 1913
f 1900 1901 1915 1914
f 1901 1902 1916 1915
f 1902 1889 1903 1916
f 1903 1904 1918 1917
f 1904 1905 1919 1918
f 1905 1906 1920 1919
f 1906 1907 1921 1920
f 1907 1908 1922 1921
f 1908 1909 1923 1922
f 1909 1910 1924 1923
f 1910 1911 1925 1924
f 1911 1912 1926 1925
f 1912 1913 1927 1926
f 1913 1914 1928 1927
f 1914 1915 1929 1928
f 1915 1916 1930 1929
f 1916 1903 1917 1930
f 1917 1918 1932 1931
f 1918 1919 1933 1932
f 1919 1920 1934 1933
f 1920 1921 1935 1934
f 1921 1922 1936 1935
f 1922 1923 1937 1936
f 1923 1924 1938 1937
f 1924 1925 1939 1938
f 1925 1926 1940 1939
f 1926 1927 1941 1940
f 1927 1928 1942 1941
f 1928 1929 1943 1942
f 1929 1930 1944 1943
f 1930 1917 1931 1944
f 1931 1932 1946 1945
f 1932 1933 1947 1946
f 1933 1934 1948 1947
f 1934 1935 1949 1948
f 1935 1936 1950 1949
f 1936 1937 1951 1950
f 1937 1938 1952 1951
f 1938 1939 1953 1952
f 1939 1940 1954 1953
f 1940 1941 1955 1954
f 1941 1942 1956 1955
f 1942 1943 1957 1956
f 1943 1944 1958 1957
f 1944 1931 1945 1958
f 1945 1946 1960 1959
f 1946 1947 1961 1960
f 1947 1948 1962 1961
f 1948 1949 1963 1962
f 1949 1950 1964 1963
f 1950 1951 1965 1964
f 1951 1952 1966 1965
f 1952 1953 1967 1966
f 1953 1954 1968 1967
f 1954 1955 1969 1968
f 1955 1956 1970 1969
f 1956 1957 1971 1970
f 1957 1958 1972 1971
f 1958 1945 1959 1972
f 1959 1960 1974 1973
f 1960 1961 1975 1974
f 1961 1962 1976 1975
f 1962 1963 1977 1976
f 1963 1964 1978 1977
f 1964 1965 1979 1978
f 1965 1966 1980 1979
f 1966 1967 1981 1980
f 1967 1968 1982 1981
f 1968 1969 1983 1982
f 1969 1970 1984 1983
f 1970 1971 1985 1984
f 1971 1972 1986 1985
f 1972 1959 1973 1986
f 1973 1974 1988 1987
f 1974 1975 1989 1988
f 1975 1976 1990 1989
f 1976 1977 1991 1990
f 1977 1978 1992 1991
f 1978 1979 1993 1992
f 1979 1980 1994 1993
f 1980 1981 1995 1994
f 1981 1982 1996 1995
f 1982 1983 1997 1996
f 1983 1984 1998 1997
f 1984 1985 1999 1998
f 1985 1986 2000 1999
f 1986 1973 1987 2000
f 1987 1988 2002 2001
f 1988 1989 2003 2002
f 1989 1990 2004 2003
f 1990 1991 2005 2004
f 1991 1992 2006 2005
f 1992 1993 2007 2006
f 1993 1994 2008 2007
f 1994 1995 2009 2008
f 1995 1996 2010 2009
f 1996 1997 2011 2010
f 1997 1998 2012 2011
f 1998 1999 2013 2012
f 1999 2000 2014 2013
f 2000 1987 2001 2014
f 2001 2002 2016 2015
f 2002 2003 2017 2016
f 2003 2004 2018 2017
f 2004 2005 2019 2018
f 2005 2006 2020 2019
f 2006 2007 2021 2020
f 2007 2008 2022 2021
f 2008 2009 2023 2022
f 2009 2010 2024 2023
f 2010 2011 2025 2024
f 2011 2012 2026 2025
f 2012 2013 2027 2026
f 2013 2014 2028 2027
f 2014 2001 2015 2028
f 2015 2016 2030 2029
f 2016 2017 2031 2030
f 2017 2018 2032 2031
f 2018 2019 2033 2032
f 2019 2020 2034 2033
f 2020 2021 2035 2034
f 2021 2022 2036 2035
f 2022 2023 2037 2036
f 2023 2024 2038 2037
f 2024 2025 2039 2038
f 2025 2026 2040 2039
f 2026 2027 2041 2040
f 2027 2028 2042 2041
f 2028 2015 2029 2042
f 2029 2030 2044 2043
f 2030 2031 2045 2044
f 2031 2032 2046 2045
f 2032 2033 2047 2046
f 2033 2034 2048 2047
f 2034 2035 2049 2048
f 2035 2036 2050 2049
f 2036 2037 2051 2050
f 2037 2038 2052 2051
f 2038 2039 2053 2052
f 2039 2040 2054 2053
f 2040 2041 2055 2054
f 2041 2042 2056 2055
f 2042 2029 2043 2056
f 2043 2044 2058 2057
f 2044 2045 2059 2058
f 2045 2046 2060 2059
f 2046 2047 2061 2060
f 2047 2048 2062 2061
f 2048 2049 2063 2062
f 2049 2050 2064 2063
f 2050 2051 2065 2064
f 2051 2052 2066 2065
f 2052 2053 2067 2066
f 2053 2054 2068 2067
f 2054 2055 2069 2068
f 2055 2056 2070 2069
f 2056 2043 2057 2070
f 2057 2058 2072 2071
f 2058 2059 2073 2072
f 2059 2060 2074 2073
f 2060 2061 2075 2074
f 2061 2062 2076 2075
f 2062 2063 2077 2076
f 2063 2064 2078 2077
f 2064 2065 2079 2078
f 2065 2066 2080 2079
f 2066 2067 2081 2080
f 2067 2068 2082 2081
f 2068 2069 2083 2082
f 2069 2070 2084 2083
f 2070 2057 2071 2084
f 2071 2072 2086 2085
f 2072 2073 2087 2086
f 2073 2074 2088 2087
f 2074 2075 2089 2088
f 2075 2076 2090 2089
f 2076 2077 2091 2090
f 2077 2078 2092 2091
f 2078 2079 2093 2092
f 2079 2080 2094 2093
f 2080 2081 2095 2094
f 2081 2082 2096 2095
f 2082 2083 2097 2096
f 2083 2084 2098 2097
f 2084 2071 2085 2098
f 2085 2086 2100 2099
f 2086 2087 2101 2100
f 2087 2088 2102 2101
f 2088 2089 2103 2102
f 2089 2090 2104 2103
f 2090 2091 2105 2104
f 2091 2092 2106 2105
f 2092 2093 2107 2106
f 2093 2094 2108 2107
f 2094 2095 2109 2108
f 2095 2096 2110 2109
f 2096 2097 2111 2110
f 2097 2098 2112 2111
f 2098 2085 2099 2112
f 2099 2100 2114 2113
f 2100 2101 2115 2114
f 2101 2102 2116 2115
f 2102 2103 2117 2116
f 2103 2104 2118 2117
f 2104 2105 2119 2118
f 2105 2106 2120 2119
f 2106 2107 2121 2120
f 2107 2108 2122 2121
f 2108 2109 2123 2122
f 2109 2110 2124 2123
f 2110 2111 2125 2124
f 2111 2112 2126 2125
f 2112 2099 2113 2126
f 2113 2114 2128 2127
f 2114 2115 2129 2128
f 2115 2116 2130 2129
f 2116 2117 2131 2130
f 2117 2118 2132 2131
f 2118 2119 2133 2132
f 2119 2120 2134 2133
f 2120 2121 2135 2134
f 2121 2122 2136 2135
f 2122 2123 2137 2136
f 2123 2124 2138 2137
f 2124 2125 2139 2138
f 2125 2126 2140 2139
f 2126 2113 2127 2140
f 2127 2128 1638 1637
f 2128 2129 1639 1638
f 2129 2130 1640 1639
f 2130 2131 1641 1640
f 2131 2132 1642 1641
f 2132 2133 1643 1642
f 2133 2134 1644 1643
f 2134 2135 1645 1644
f 2135 2136 1646 1645
f 2136 2137 1647 1646
f 2137 2138 1648 1647
f 2138 2139 1649 1648
f 2139 2140 1650 1649
f 2140 2127 1637 1650
f 2142 2144 2143 2141
f 2144 2146 2145 2143
f 2146 2148 2147 2145
f 2148 2150 2149 2147
f 2150 2152 2151 2149
f 2152 2154 2153 2151
f 2154 2156 2155 2153
f 2156 2158 2157 2155
f 2158 2160 2159 2157
f 2160 2162 2161 2159
f 2162 2164 2163 2161
f 2164 2166 2165 2163
f 2166 2168 2167 2165
f 2168 2170 2169 2167
f 2170 2172 2171 2169
f 2172 2174 2173 2171
f 2174 2176 2175 2173
f 2176 2178 2177 2175
f 2178 2180 2179 2177
f 2180 2182 2181 2179
f 2182 2184 2183 2181
f 2184 2186 2185 2183
f 2186 2188 2187 2185
f 2188 2190 2189 2187
f 2190 2192 2191 2189
f 2192 2194 2193 2191
f 2194 2196 2195 2193
f 2196 2198 2197 2195
f 2198 2200 2199 2197
f 2200 2202 2201 2199
f 2202 2204 2203 2201
f 2204 2206 2205 2203
f 2206 2208 2207 2205
f 2208 2210 2209 2207
f 2210 2212 2211 2209
f 2212 2214 2213 2211
f 2214 2216 2215 2213
f 2216 2218 2217 2215
f 2218 2220 2219 2217
f 2220 2142 2141 2219
f 2222 2224 2223 2221
f 2301 2221 2223
f 2302 2224 2222
f 2224 2226 2225 2223
f 2301 2223 2225
f 2302 2226 2224
f 2226 2228 2227 2225
f 2301 2225 2227
f 2302 2228 2226
f 2228 2230 2229 2227
f 2301 2227 2229
f 2302 2230 2228
f 2230 2232 2231 2229
f 2301 2229 2231
f 2302 2232 2230
f 2232 2234 2233 2231
f 2301 2231 2233
f 2302 2234 2232
f 2234 2236 2235 2233
f 2301 2233 2235
f 2302 2236 2234
f 2236 2238 2237 2235
f 2301 2235 2237
f 2302 2238 2236
f 2238 2240 2239 2237
f 2301 2237 2239
f 2302 2240 2238
f 2240 2242 2241 2239
f 2301 2239 2241
f 2302 2242 2240
f 2242 2244 2243 2241
f 2301 2241 2243
f 2302 2244 2242
f 2244 2246 2245 2243
f 2301 2243 2245
f 2302 2246 2244
f 2246 2248 2247 2245
f 2301 2245 2247
f 2302 2248 2246
f 2248 2250 2249 2247
f 2301 2247 2249
f 2302 2250 2248
f 2250 2252 2251 2249
f 2301 2249 2251
f 2302 2252 2250
f 2252 2254 2253 2251
f 2301 2251 2253
f 2302 2254 2252
f 2254 2256 2255 2253
f 2301 2253 2255
f 2302 2256 2254
f 2256 2258 2257 2255
f 2301 2255 2257
f 2302 2258 2256
f 2258 2260 2259 2257
f 2301 2257 2259
f 2302 2260 2258
f 2260 2262 2261 2259
f 2301 2259 2261
f 2302 2262 2260
f 2262 2264 2263 2261
f 2301 2261 2263
f 2302 2264 2262
f 2264 2266 2265 2263
f 2301 2263 2265
f 2302 2266 2264
f 2266 2268 2267 2265
f 2301 2265 2267
f 2302 2268 2266
f 2268 2270 2269 2267
f 2301 2267 2269
f 2302 2270 2268
f 2270 2272 2271 2269
f 2301 2269 2271
f 2302 2272 2270
f 2272 2274 2273 2271
f 2301 2271 2273
f 2302 2274 2272
f 2274 2276 2275 2273
f 2301 2273 2275
f 2302 2276 2274
f 2276 2278 2277 2275
f 2301 2275 2277
f 2302 2278 2276
f 2278 2280 2279 2277
f 2301 2277 2279
f 2302 2280 2278
f 2280 2282 2281 2279
f 2301 2279 2281
f 2302 2282 2280
f 2282 2284 2283 2281
f 2301 2281 2283
f 2302 2284 2282
f 2284 2286 2285 2283
f 2301 2283 2285
f 2302 2286 2284
f 2286 2288 2287 2285
f 2301 2285 2287
f 2302 2288 2286
f 2288 2290 2289 2287
f 2301 2287 2289
f 2302 2290 2288
f 2290 2292 2291 2289
f 2301 2289 2291
f 2302 2292 2290
f 2292 2294 2293 2291
f 2301 2291 2293
f 2302 2294 2292
f 2294 2296 2295 2293
f 2301 2293 2295
f 2302 2296 2294
f 2296 2298 2297 2295
f 2301 2295 2297
f 2302 2298 2296
f 2298 2300 2299 2297
f 2301 2297 2299
f 2302 2300 2298
f 2300 2222 2221 2299
f 2301 2299 2221
f 2302 2222 2300
f 2304 2306 2305 2303
f 2383 2303 2305
f 2384 2306 2304
f 2306 2308 2307 2305
f 2383 2305 2307
f 2384 2308 2306
f 2308 2310 2309 2307
f 2383 2307 2309
f 2384 2310 2308
f 2310 2312 2311 2309
f 2383 2309 2311
f 2384 2312 2310
f 2312 2314 2313 2311
f 2383 2311 2313
f 2384 2314 2312
f 2314 2316 2315 2313
f 2383 2313 2315
f 2384 2316 2314
f 2316 2318 2317 2315
f 2383 2315 2317
f 2384 2318 2316
f 2318 2320 2319 2317
f 2383 2317 2319
f 2384 2320 2318
f 2320 2322 2321 2319
f 2383 2319 2321
f 2384 2322 2320
f 2322 2324 2323 2321
f 2383 2321 2323
f 2384 2324 2322
f 2324 2326 2325 2323
f 2383 2323 2325
f 2384 2326 2324
f 2326 2328 2327 2325
f 2383 2325 2327
f 2384 2328 2326
f 2328 2330 2329 2327
f 2383 2327 2329
f 2384 2330 2328
f 2330 2332 2331 2329
f 2383 2329 2331
f 2384 2332 2330
f 2332 2334 2333 2331
f 2383 2331 2333
f 2384 2334 2332
f 2334 2336 2335 2333
f 2383 2333 2335
f 2384 2336 2334
f 2336 2338 2337 2335
f 2383 2335 2337
f 2384 2338 2336
f 2338 2340 2339 2337
f 2383 2337 2339
f 2384 2340 2338
f 2340 2342 2341 2339
f 2383 2339 2341
f 2384 2342 2340
f 2342 2344 2343 2341
f 2383 2341 2343
f 2384 2344 2342
f 2344 2346 2345 2343
f 2383 2343 2345
f 2384 2346 2344
f 2346 2348 2347 2345
f 2383 2345 2347
f 2384 2348 2346
f 2348 2350 2349 2347
f 2383 2347 2349
f 2384 2350 2348
f 2350 2352 2351 2349
f 2383 2349 2351
f 2384 2352 2350
f 2352 2354 2353 2351
f 2383 2351 2353
f 2384 2354 2352
f 2354 2356 2355 2353
f 2383 2353 2355
f 2384 2356 2354
f 2356 2358 2357 2355
f 2383 2355 2357
f 2384 2358 2356
f 2358 2360 2359 2357
f 2383 2357 2359
f 2384 2360 2358
f 2360 2362 2361 2359
f 2383 2359 2361
f 2384 2362 2360
f 2362 2364 2363 2361
f 2383 2361 2363
f 2384 2364 2362
f 2364 2366 2365 2363
f 2383 2363 2365
f 2384 2366 2364
f 2366 2368 2367 2365
f 2383 2365 2367
f 2384 2368 2366
f 2368 2370 2369 2367
f 2383 2367 2369
f 2384 2370 2368
f 2370 2372 2371 2369
f 2383 2369 2371
f 2384 2372 2370
f 2372 2374 2373 2371
f 2383 2371 2373
f 2384 2374 2372
f 2374 2376 2375 2373
f 2383 2373 2375
f 2384 2376 2374
f 2376 2378 2377 2375
f 2383 2375 2377
f 2384 2378 2376
f 2378 2380 2379 2377
f 2383 2377 2379
f 2384 2380 2378
f 2380 2382 2381 2379
f 2383 2379 2381
f 2384 2382 2380
f 2382 2304 2303 2381
f 2383 2381 2303
f 2384 2304 2382
f 2385 2386 2400 2399
f 2386 2387 2401 2400
f 2387 2388 2402 2401
f 2388 2389 2403 2402
f 2389 2390 2404 2403
f 2390 2391 2405 2404
f 2391 2392 2406 2405
f 2392 2393 2407 2406
f 2393 2394 2408 2407
f 2394 2395 2409 2408
f 2395 2396 2410 2409
f 2396 2397 2411 2410
f 2397 2398 2412 2411
f 2398 2385 2399 2412
f 2399 2400 2414 2413
f 2400 2401 2415 2414
f 2401 2402 2416 2415
f 2402 2403 2417 2416
f 2403 2404 2418 2417
f 2404 2405 2419 2418
f 2405 2406 2420 2419
f 2406 2407 2421 2420
f 2407 2408 2422 2421
f 2408 2409 2423 2422
f 2409 2410 2424 2423
f 2410 2411 2425 2424
f 2411 2412 2426 2425
f 2412 2399 2413 2426
f 2413 2414 2428 2427
f 2414 2415 2429 2428
f 2415 2416 2430 2429
f 2416 2417 2431 2430
f 2417 2418 2432 2431
f 2418 2419 2433 2432
f 2419 2420 2434 2433
f 2420 2421 2435 2434
f 2421 2422 2436 2435
f 2422 2423 2437 2436
f 2423 2424 2438 2437
f 2424 2425 2439 2438
f 2425 2426 2440 2439
f 2426 2413 2427 2440
f 2427 2428 2442 2441
f 2428 2429 2443 2442
f 2429 2430 2444 2443
f 2430 2431 2445 2444
f 2431 2432 2446 2445
f 2432 2433 2447 2446
f 2433 2434 2448 2447
f 2434 2435 2449 2448
f 2435 2436 2450 2449
f 2436 2437 2451 2450
f 2437 2438 2452 2451
f 2438 2439 2453 2452
f 2439 2440 2454 2453
f 2440 2427 2441 2454
f 2441 2442 2456 2455
f 2442 2443 2457 2456
f 2443 2444 2458 2457
f 2444 2445 2459 2458
f 2445 2446 2460 2459
f 2446 2447 2461 2460
f 2447 2448 2462 2461
f 2448 2449 2463 2462
f 2449 2450 2464 2463
f 2450 2451 2465 2464
f 2451 2452 2466 2465
f 2452 2453 2467 2466
f 2453 2454 2468 2467
f 2454 2441 2455 2468
f 2455 2456 2470 2469
f 2456 2457 2471 2470
f 2457 2458 2472 2471
f 2458 2459 2473 2472
f 2459 2460 2474 2473
f 2460 2461 2475 2474
f 2461 2462 2476 2475
f 2462 2463 2477 2476
f 2463 2464 2478 2477
f 2464 2465 2479 2478
f 2465 2466 2480 2479
f 2466 2467 2481 2480
f 2467 2468 2482 2481
f 2468 2455 2469 2482
f 2469 2470 2484 2483
f 2470 2471 2485 2484
f 2471 2472 2486 2485
f 2472 2473 2487 2486
f 2473 2474 2488 2487
f 2474 2475 2489 2488
f 2475 2476 2490 2489
f 2476 2477 2491 2490
f 2477 2478 2492 2491
f 2478 2479 2493 2492
f 2479 2480 2494 2493
f 2480 2481 2495 2494
f 2481 2482 2496 2495
f 2482 2469 2483 2496
f 2483 2484 2498 2497
f 2484 2485 2499 2498
f 2485 2486 2500 2499
f 2486 2487 2501 2500
f 2487 2488 2502 2501
f 2488 2489 2503 2502
f 2489 2490 2504 2503
f 2490 2491 2505 2504
f 2491 2492 2506 2505
f 2492 2493 2507 2506
f 2493 2494 2508 2507
f 2494 2495 2509 2508
f 2495 2496 2510 2509
f 2496 2483 2497 2510
f 2497 2498 2512 2511
f 2498 2499 2513 2512
f 2499 2500 2514 2513
f 2500 2501 2515 2514
f 2501 2502 2516 2515
f 2502 2503 2517 2516
f 2503 2504 2518 2517
f 2504 2505 2519 2518
f 2505 2506 2520 2519
f 2506 2507 2521 2520
f 2507 2508 2522 2521
f 2508 2509 2523 2522
f 2509 2510 2524 2523
f 2510 2497 2511 2524
f 2511 2512 2526 2525
f 2512 2513 2527 2526
f 2513 2514 2528 2527
f 2514 2515 2529 2528
f 2515 2516 2530 2529
f 2516 2517 2531 2530
f 2517 2518 2532 2531
f 2518 2519 2533 2532
f 2519 2520 2534 2533
f 2520 2521 2535 2534
f 2521 2522 2536 2535
f 2522 2523 2537 2536
f 2523 2524 2538 2537
f 2524 2511 2525 2538
f 2525 2526 2540 2539
f 2526 2527 2541 2540
f 2527 2528 2542 2541
f 2528 2529 2543 2542
f 2529 2530 2544 2543
f 2530 2531 2545 2544
f 2531 2532 2546 2545
f 2532 2533 2547 2546
f 2533 2534 2548 2547
f 2534 2535 2549 2548
f 2535 2536 2550 2549
f 2536 2537 2551 2550
f 2537 2538 2552 2551
f 2538 2525 2539 2552
f 2539 2540 2554 2553
f 2540 2541 2555 2554
f 2541 2542 2556 2555
f 2542 2543 2557 2556
f 2543 2544 2558 2557
f 2544 2545 2559 2558
f 2545 2546 2560 2559
f 2546 2547 2561 2560
f 2547 2548 2562 2561
f 2548 2549 2563 2562
f 2549 2550 2564 2563
f 2550 2551 2565 2564
f 2551 2552 2566 2565
f 2552 2539 2553 2566
f 2553 2554 2568 2567
f 2554 2555 2569 2568
f 2555 2556 2570 2569
f 2556 2557 2571 2570
f 2557 2558 2572 2571
f 2558 2559 2573 2572
f 2559 2560 2574 2573
f 2560 2561 2575 2574
f 2561 2562 2576 2575
f 2562 2563 2577 2576
f 2563 2564 2578 2577
f 2564 2565 2579 2578
f 2565 2566 2580 2579
f 2566 2553 2567 2580
f 2567 2568 2582 2581
f 2568 2569 2583 2582
f 2569 2570 2584 2583
f 2570 2571 2585 2584
f 2571 2572 2586 2585
f 2572 2573 2587 2586
f 2573 2574 2588 2587
f 2574 2575 2589 2588
f 2575 2576 2590 2589
f 2576 2577 2591 2590
f 2577 2578 2592 2591
f 2578 2579 2593 2592
f 2579 2580 2594 2593
f 2580 2567 2581 2594
f 2581 2582 2596 2595
f 2582 2583 2597 2596
f 2583 2584 2598 2597
f 2584 2585 2599 2598
f 2585 2586 2600 2599
f 2586 2587 2601 2600
f 2587 2588 2602 2601
f 2588 2589 2603 2602
f 2589 2590 2604 2603
f 2590 2591 2605 2604
f 2591 2592 2606 2605
f 2592 2593 2607 2606
f 2593 2594 2608 2607
f 2594 2581 2595 2608
f 2595 2596 2610 2609
f 2596 2597 2611 2610
f 2597 2598 2612 2611
f 2598 2599 2613 2612
f 2599 2600 2614 2613
f 2600 2601 2615 2614
f 2601 2602 2616 2615
f 2602 2603 2617 2616
f 2603 2604 2618 2617
f 2604 2605 2619 2618
f 2605 2606 2620 2619
f 2606 2607 2621 2620
f 2607 2608 2622 2621
f 2608 2595 2609 2622
f 2609 2610 2624 2623
f 2610 2611 2625 2624
f 2611 2612 2626 2625
f 2612 2613 2627 2626
f 2613 2614 2628 2627
f 2614 2615 2629 2628
f 2615 2616 2630 2629
f 2616 2617 2631 2630
f 2617 2618 2632 2631
f 2618 2619 2633 2632
f 2619 2620 2634 2633
f 2620 2621 2635 2634
f 2621 2622 2636 2635
f 2622 2609 2623 2636
f 2623 2624 2638 2637
f 2624 2625 2639 2638
f 2625 2626 2640 2639
f 2626 2627 2641 2640
f 2627 2628 2642 2641
f 2628 2629 2643 2642
f 2629 2630 2644 2643
f 2630 2631 2645 2644
f 2631 2632 2646 2645
f 2632 2633 2647 2646
f 2633 2634 2648 2647
f 2634 2635 2649 2648
f 2635 2636 2650 2649
f 2636 2623 2637 2650
f 2637 2638 2652 2651
f 2638 2639 2653 2652
f 2639 2640 2654 2653
f 2640 2641 2655 2654
f 2641 2642 2656 2655
f 2642 2643 2657 2656
f 2643 2644 2658 2657
f 2644 2645 2659 2658
f 2645 2646 2660 2659
f 2646 2647 2661 2660
f 2647 2648 2662 2661
f 2648 2649 2663 2662
f 2649 2650 2664 2663
f 2650 2637 2651 2664
f 2651 2652 2666 2665
f 2652 2653 2667 2666
f 2653 2654 2668 2667
f 2654 2655 2669 2668
f 2655 2656 2670 2669
f 2656 2657 2671 2670
f 2657 2658 2672 2671
f 2658 2659 2673 2672
f 2659 2660 2674 2673
f 2660 2661 2675 2674
f 2661 2662 2676 2675
f 2662 2663 2677 2676
f 2663 2664 2678 2677
f 2664 2651 2665 2678
f 2665 2666 2680 2679
f 2666 2667 2681 2680
f 2667 2668 2682 2681
f 2668 2669 2683 2682
f 2669 2670 2684 2683
f 2670 2671 2685 2684
f 2671 2672 2686 2685
f 2672 2673 2687 2686
f 2673 2674 2688 2687
f 2674 2675 2689 2688
f 2675 2676 2690 2689
f 2676 2677 2691 2690
f 2677 2678 2692 2691
f 2678 2665 2679 2692
f 2679 2680 2694 2693
f 2680 2681 2695 2694
f 2681 2682 2696 2695
f 2682 2683 2697 2696
f 2683 2684 2698 2697
f 2684 2685 2699 2698
f 2685 2686 2700 2699
f 2686 2687 2701 2700
f 2687 2688 2702 2701
f 2688 2689 2703 2702
f 2689 2690 2704 2703
f 2690 2691 2705 2704
f 2691 2692 2706 2705
f 2692 2679 2693 2706
f 2693 2694 2708 2707
f 2694 2695 2709 2708
f 2695 2696 2710 2709
f 2696 2697 2711 2710
f 2697 2698 2712 2711
f 2698 2699 2713 2712
f 2699 2700 2714 2713
f 2700 2701 2715 2714
f 2701 2702 2716 2715
f 2702 2703 2717 2716
f 2703 2704 2718 2717
f 2704 2705 2719 2718
f 2705 2706 2720 2719
f 2706 2693 2707 2720
f 2707 2708 2722 2721
f 2708 2709 2723 2722
f 2709 2710 2724 2723
f 2710 2711 2725 2724
f 2711 2712 2726 2725
f 2712 2713 2727 2726
f 2713 2714 2728 2727
f 2714 2715 2729 2728
f 2715 2716 2730 2729
f 2716 2717 2731 2730
f 2717 2718 2732 2731
f 2718 2719 2733 2732
f 2719 2720 2734 2733
f 2720 2707 2721 2734
f 2721 2722 2736 2735
f 2722 2723 2737 2736
f 2723 2724 2738 2737
f 2724 2725 2739 2738
f 2725 2726 2740 2739
f 2726 2727 2741 2740
f 2727 2728 2742 2741
f 2728 2729 2743 2742
f 2729 2730 2744 2743
f 2730 2731 2745 2744
f 2731 2732 2746 2745
f 2732 2733 2747 2746
f 2733 2734 2748 2747
f 2734 2721 2735 2748
f 2735 2736 2750 2749
f 2736 2737 2751 2750
f 2737 2738 2752 2751
f 2738 2739 2753 2752
f 2739 2740 2754 2753
f 2740 2741 2755 2754
f 2741 2742 2756 2755
f 2742 2743 2757 2756
f 2743 2744 2758 2757
f 2744 2745 2759 2758
f 2745 2746 2760 2759
f 2746 2747 2761 2760
f 2747 2748 2762 2761
f 2748 2735 2749 2762
f 2749 2750 2764 2763
f 2750 2751 2765 2764
f 2751 2752 2766 2765
f 2752 2753 2767 2766
f 2753 2754 2768 2767
f 2754 2755 2769 2768
f 2755 2756 2770 2769
f 2756 2757 2771 2770
f 2757 2758 2772 2771
f 2758 2759 2773 2772
f 2759 2760 2774 2773
f 2760 2761 2775 2774
f 2761 2762 2776 2775
f 2762 2749 2763 2776
f 2763 2764 2778 2777
f 2764 2765 2779 2778
f 2765 2766 2780 2779
f 2766 2767 2781 2780
f 2767 2768 2782 2781
f 2768 2769 2783 2782
f 2769 2770 2784 2783
f 2770 2771 2785 2784
f 2771 2772 2786 2785
f 2772 2773 2787 2786
f 2773 2774 2788 2787
f 2774 2775 2789 2788
f 2775 2776 2790 2789
f 2776 2763 2777 2790
f 2777 2778 2792 2791
f 2778 2779 2793 2792
f 2779 2780 2794 2793
f 2780 2781 2795 2794
f 2781 2782 2796 2795
f 2782 2783 2797 2796
f 2783 2784 2798 2797
f 2784 2785 2799 2798
f 2785 2786 2800 2799
f 2786 2787 2801 2800
f 2787 2788 2802 2801
f 2788 2789 2803 2802
f 2789 2790 2804 2803
f 2790 2777 2791 2804
f 2791 2792 2806 2805
f 2792 2793 2807 2806
f 2793 2794 2808 2807
f 2794 2795 2809 2808
f 2795 2796 2810 2809
f 2796 2797 2811 2810
f 2797 2798 2812 2811
f 2798 2799 2813 2812
f 2799 2800 2814 2813
f 2800 2801 2815 2814
f 2801 2802 2816 2815
f 2802 2803 2817 2816
f 2803 2804 2818 2817
f 2804 2791 2805 2818
f 2805 2806 2820 2819
f 2806 2807 2821 2820
f 2807 2808 2822 2821
f 2808 2809 2823 2822
f 2809 2810 2824 2823
f 2810 2811 2825 2824
f 2811 2812 2826 2825
f 2812 2813 2827 2826
f 2813 2814 2828 2827
f 2814 2815 2829 2828
f 2815 2816 2830 2829
f 2816 2817 2831 2830
f 2817 2818 2832 2831
f 2818 2805 2819 2832
f 2819 2820 2834 2833
f 2820 2821 2835 2834
f 2821 2822 2836 2835
f 2822 2823 2837 2836
f 2823 2824 2838 2837
f 2824 2825 2839 2838
f 2825 2826 2840 2839
f 2826 2827 2841 2840
f 2827 2828 2842 2841
f 2828 2829 2843 2842
f 2829 2830 2844 2843
f 2830 2831 2845 2844
f 2831 2832 2846 2845
f 2832 2819 2833 2846
f 2833 2834 2848 2847
f 2834 2835 2849 2848
f 2835 2836 2850 2849
f 2836 2837 2851 2850
f 2837 2838 2852 2851
f 2838 2839 2853 2852
f 2839 2840 2854 2853
f 2840 2841 2855 2854
f 2841 2842 2856 2855
f 2842 2843 2857 2856
f 2843 2844 2858 2857
f 2844 2845 2859 2858
f 2845 2846 2860 2859
f 2846 2833 2847 2860
f 2847 2848 2862 2861
f 2848 2849 2863 2862
f 2849 2850 2864 2863
f 2850 2851 2865 2864
f 2851 2852 2866 2865
f 2852 2853 2867 2866
f 2853 2854 2868 2867
f 2854 2855 2869 2868
f 2855 2856 2870 2869
f 2856 2857 2871 2870
f 2857 2858 2872 2871
f 2858 2859 2873 2872
f 2859 2860 2874 2873
f 2860 2847 2861 2874
f 2861 2862 2876 2875
f 2862 2863 2877 2876
f 2863 2864 2878 2877
f 2864 2865 2879 2878
f 2865 2866 2880 2879
f 2866 2867 2881 2880
f 2867 2868 2882 2881
f 2868 2869 2883 2882
f 2869 2870 2884 2883
f 2870 2871 2885 2884
f 2871 2872 2886 2885
f 2872 2873 2887 2886
f 2873 2874 2888 2887
f 2874 2861 2875 2888
f 2875 2876 2386 2385
f 2876 2877 2387 2386
f 2877 2878 2388 2387
f 2878 2879 2389 2388
f 2879 2880 2390 2389
f 2880 2881 2391 2390
f 2881 2882 2392 2391
f 2882 2883 2393 2392
f 2883 2884 2394 2393
f 2884 2885 2395 2394
f 2885 2886 2396 2395
f 2886 2887 2397 2396
f 2887 2888 2398 2397
f 2888 2875 2385 2398
f 2890 2892 2891 2889
f 2945 2889 2891
f 2946 2892 2890
f 2892 2894 2893 2891
f 2945 2891 2893
f 2946 2894 2892
f 2894 2896 2895 2893
f 2945 2893 2895
f 2946 2896 2894
f 2896 2898 2897 2895
f 2945 2895 2897
f 2946 2898 2896
f 2898 2900 2899 2897
f 2945 2897 2899
f 2946 2900 2898
f 2900 2902 2901 2899
f 2945 2899 2901
f 2946 2902 2900
f 2902 2904 2903 2901
f 2945 2901 2903
f 2946 2904 2902
f 2904 2906 2905 2903
f 2945 2903 2905
f 2946 2906 2904
f 2906 2908 2907 2905
f 2945 2905 2907
f 2946 2908 2906
f 2908 2910 2909 2907
f 2945 2907 2909
f 2946 2910 2908
f 2910 2912 2911 2909
f 2945 2909 2911
f 2946 2912 2910
f 2912 2914 2913 2911
f 2945 2911 2913
f 2946 2914 2912
f 2914 2916 2915 2913
f 2945 2913 2915
f 2946 2916 2914
f 2916 2918 2917 2915
f 2945 2915 2917
f 2946 2918 2916
f 2918 2920 2919 2917
f 2945 2917 2919
f 2946 2920 2918
f 2920 2922 2921 2919
f 2945 2919 2921
f 2946 2922 2920
f 2922 2924 2923 2921
f 2945 2921 2923
f 2946 2924 2922
f 2924 2926 2925 2923
f 2945 2923 2925
f 2946 2926 2924
f 2926 2928 2927 2925
f 2945 2925 2927
f 2946 2928 2926
f 2928 2930 2929 2927
f 2945 2927 2929
f 2946 2930 2928
f 2930 2932 2931 2929
f 2945 2929 2931
f 2946 2932 2930
f 2932 2934 2933 2931
f 2945 2931 2933
f 2946 2934 2932
f 2934 2936 2935 2933
f 2945 2933 2935
f 2946 2936 2934
f 2936 2938 2937 2935
f 2945 2935 2937
f 2946 2938 2936
f 2938 2940 2939 2937
f 2945 2937 2939
f 2946 2940 2938
f 2940 2942 2941 2939
f 2945 2939 2941
f 2946 2942 2940
f 2942 2944 2943 2941
f 2945 2941 2943
f 2946 2944 2942
f 2944 2890 2889 2943
f 2945 2943 2889
f 2946 2890 2944
f 2947 2948 2949 2950
f 2954 2953 2952 2951
f 2951 2952 2948 2947
f 2952 2953 2949 2948
f 2953 2954 2950 2949
f 2954 2951 2947 2950
f 2955 2956 2957 2958
f 2959 2962 2961 2960
f 2955 2959 2960 2956
f 2956 2960 2961 2957
f 2957 2961 2962 2958
f 2959 2955 2958 2962
f 2963 2964 2965 2966
f 2967 2970 2969 2968
f 2963 2967 2968 2964
f 2964 2968 2969 2965
f 2965 2969 2970 2966
f 2967 2963 2966 2970
f 2971 2972 2973 2974
f 2978 2977 2976 2975
f 2975 2976 2972 2971
f 2976 2977 2973 2972
f 2977 2978 2974 2973
f 2978 2975 2971 2974
f 2980 2982 2981 2979
f 3015 2979 2981
f 3016 2982 2980
f 2982 2984 2983 2981
f 3015 2981 2983
f 3016 2984 2982
f 2984 2986 2985 2983
f 3015 2983 2985
f 3016 2986 2984
f 2986 2988 2987 2985
f 3015 2985 2987
f 3016 2988 2986
f 2988 2990 2989 2987
f 3015 2987 2989
f 3016 2990 2988
f 2990 2992 2991 2989
f 3015 2989 2991
f 3016 2992 2990
f 2992 2994 2993 2991
f 3015 2991 2993
f 3016 2994 2992
f 2994 2996 2995 2993
f 3015 2993 2995
f 3016 2996 2994
f 2996 2998 2997 2995
f 3015 2995 2997
f 3016 2998 2996
f 2998 3000 2999 2997
f 3015 2997 2999
f 3016 3000 2998
f 3000 3002 3001 2999
f 3015 2999 3001
f 3016 3002 3000
f 3002 3004 3003 3001
f 3015 3001 3003
f 3016 3004 3002
f 3004 3006 3005 3003
f 3015 3003 3005
f 3016 3006 3004
f 3006 3008 3007 3005
f 3015 3005 3007
f 3016 3008 3006
f 3008 3010 3009 3007
f 3015 3007 3009
f 3016 3010 3008
f 3010 3012 3011 3009
f 3015 3009 3011
f 3016 3012 3010
f 3012 3014 3013 3011
f 3015 3011 3013
f 3016 3014 3012
f 3014 2980 2979 3013
f 3015 3013 2979
f 3016 2980 3014
f 3121 3017 3018
f 3122 3070 3069
f 3069 3070 3018 3017
f 3121 3018 3019
f 3122 3071 3070
f 3070 3071 3019 3018
f 3121 3019 3020
f 3122 3072 3071
f 3071 3072 3020 3019
f 3121 3020 3021
f 3122 3073 3072
f 3072 3073 3021 3020
f 3121 3021 3022
f 3122 3074 3073
f 3073 3074 3022 3021
f 3121 3022 3023
f 3122 3075 3074
f 3074 3075 3023 3022
f 3121 3023 3024
f 3122 3076 3075
f 3075 3076 3024 3023
f 3121 3024 3025
f 3122 3077 3076
f 3076 3077 3025 3024
f 3121 3025 3026
f 3122 3078 3077
f 3077 3078 3026 3025
f 3121 3026 3027
f 3122 3079 3078
f 3078 3079 3027 3026
f 3121 3027 3028
f 3122 3080 3079
f 3079 3080 3028 3027
f 3121 3028 3029
f 3122 3081 3080
f 3080 3081 3029 3028
f 3121 3029 3030
f 3122 3082 3081
f 3081 3082 3030 3029
f 3121 3030 3031
f 3122 3083 3082
f 3082 3083 3031 3030
f 3121 3031 3032
f 3122 3084 3083
f 3083 3084 3032 3031
f 3121 3032 3033
f 3122 3085 3084
f 3084 3085 3033 3032
f 3121 3033 3034
f 3122 3086 3085
f 3085 3086 3034 3033
f 3121 3034 3035
f 3122 3087 3086
f 3086 3087 3035 3034
f 3121 3035 3036
f 3122 3088 3087
f 3087 3088 3036 3035
f 3121 3036 3037
f 3122 3089 3088
f 3088 3089 3037 3036
f 3121 3037 3038
f 3122 3090 3089
f 3089 3090 3038 3037
f 3121 3038 3039
f 3122 3091 3090
f 3090 3091 3039 3038
f 3121 3039 3040
f 3122 3092 3091
f 3091 3092 3040 3039
f 3121 3040 3041
f 3122 3093 3092
f 3092 3093 3041 3040
f 3121 3041 3042
f 3122 3094 3093
f 3093 3094 3042 3041
f 3121 3042 3043
f 3122 3095 3094
f 3094 3095 3043 3042
f 3121 3043 3044
f 3122 3096 3095
f 3095 3096 3044 3043
f 3121 3044 3045
f 3122 3097 3096
f 3096 3097 3045 3044
f 3121 3045 3046
f 3122 3098 3097
f 3097 3098 3046 3045
f 3121 3046 3047
f 3122 3099 3098
f 3098 3099 3047 3046
f 3121 3047 3048
f 3122 3100 3099
f 3099 3100 3048 3047
f 3121 3048 3049
f 3122 3101 3100
f 3100 3101 3049 3048
f 3121 3049 3050
f 3122 3102 3101
f 3101 3102 3050 3049
f 3121 3050 3051
f 3122 3103 3102
f 3102 3103 3051 3050
f 3121 3051 3052
f 3122 3104 3103
f 3103 3104 3052 3051
f 3121 3052 3053
f 3122 3105 3104
f 3104 3105 3053 3052
f 3121 3053 3054
f 3122 3106 3105
f 3105 3106 3054 3053
f 3121 3054 3055
f 3122 3107 3106
f 3106 3107 3055 3054
f 3121 3055 3056
f 3122 3108 3107
f 3107 3108 3056 3055
f 3121 3056 3057
f 3122 3109 3108
f 3108 3109 3057 3056
f 3121 3057 3058
f 3122 3110 3109
f 3109 3110 3058 3057
f 3121 3058 3059
f 3122 3111 3110
f 3110 3111 3059 3058
f 3121 3059 3060
f 3122 3112 3111
f 3111 3112 3060 3059
f 3121 3060 3061
f 3122 3113 3112
f 3112 3113 3061 3060
f 3121 3061 3062
f 3122 3114 3113
f 3113 3114 3062 3061
f 3121 3062 3063
f 3122 3115 3114
f 3114 3115 3063 3062
f 3121 3063 3064
f 3122 3116 3115
f 3115 3116 3064 3063
f 3121 3064 3065
f 3122 3117 3116
f 3116 3117 3065 3064
f 3121 3065 3066
f 3122 3118 3117
f 3117 3118 3066 3065
f 3121 3066 3067
f 3122 3119 3118
f 3118 3119 3067 3066
f 3121 3067 3068
f 3122 3120 3119
f 3119 3120 3068 3067
f 3121 3068 3017
f 3122 3069 3120
f 3120 3069 3017 3068
f 3227 3123 3124
f 3228 3176 3175
f 3175 3176 3124 3123
f 3227 3124 3125
f 3228 3177 3176
f 3176 3177 3125 3124
f 3227 3125 3126
f 3228 3178 3177
f 3177 3178 3126 3125
f 3227 3126 3127
f 3228 3179 3178
f 3178 3179 3127 3126
f 3227 3127 3128
f 3228 3180 3179
f 3179 3180 3128 3127
f 3227 3128 3129
f 3228 3181 3180
f 3180 3181 3129 3128
f 3227 3129 3130
f 3228 3182 3181
f 3181 3182 3130 3129
f 3227 3130 3131
f 3228 3183 3182
f 3182 3183 3131 3130
f 3227 3131 3132
f 3228 3184 3183
f 3183 3184 3132 3131
f 3227 3132 3133
f 3228 3185 3184
f 3184 3185 3133 3132
f 3227 3133 3134
f 3228 3186 3185
f 3185 3186 3134 3133
f 3227 3134 3135
f 3228 3187 3186
f 3186 3187 3135 3134
f 3227 3135 3136
f 3228 3188 3187
f 3187 3188 3136 3135
f 3227 3136 3137
f 3228 3189 3188
f 3188 3189 3137 3136
f 3227 3137 3138
f 3228 3190 3189
f 3189 3190 3138 3137
f 3227 3138 3139
f 3228 3191 3190
f 3190 3191 3139 3138
f 3227 3139 3140
f 3228 3192 3191
f 3191 3192 3140 3139
f 3227 3140 3141
f 3228 3193 3192
f 3192 3193 3141 3140
f 3227 3141 3142
f 3228 3194 3193
f 3193 3194 3142 3141
f 3227 3142 3143
f 3228 3195 3194
f 3194 3195 3143 3142
f 3227 3143 3144
f 3228 3196 3195
f 3195 3196 3144 3143
f 3227 3144 3145
f 3228 3197 3196
f 3196 3197 3145 3144
f 3227 3145 3146
f 3228 3198 3197
f 3197 3198 3146 3145
f 3227 3146 3147
f 3228 3199 3198
f 3198 3199 3147 3146
f 3227 3147 3148
f 3228 3200 3199
f 3199 3200 3148 3147
f 3227 3148 3149
f 3228 3201 3200
f 3200 3201 3149 3148
f 3227 3149 3150
f 3228 3202 3201
f 3201 3202 3150 3149
f 3227 3150 3151
f 3228 3203 3202
f 3202 3203 3151 3150
f 3227 3151 3152
f 3228 3204 3203
f 3203 3204 3152 3151
f 3227 3152 3153
f 3228 3205 3204
f 3204 3205 3153 3152
f 3227 3153 3154
f 3228 3206 3205
f 3205 3206 3154 3153
f 3227 3154 3155
f 3228 3207 3206
f 3206 3207 3155 3154
f 3227 3155 3156
f 3228 3208 3207
f 3207 3208 3156 3155
f 3227 3156 3157
f 3228 3209 3208
f 3208 3209 3157 3156
f 3227 3157 3158
f 3228 3210 3209
f 3209 3210 3158 3157
f 3227 3158 3159
f 3228 3211 3210
f 3210 3211 3159 3158
f 3227 3159 3160
f 3228 3212 3211
f 3211 3212 3160 3159
f 3227 3160 3161
f 3228 3213 3212
f 3212 3213 3161 3160
f 3227 3161 3162
f 3228 3214 3213
f 3213 3214 3162 3161
f 3227 3162 3163
f 3228 3215 3214
f 3214 3215 3163 3162
f 3227 3163 3164
f 3228 3216 3215
f 3215 3216 3164 3163
f 3227 3164 3165
f 3228 3217 3216
f 3216 3217 3165 3164
f 3227 3165 3166
f 3228 3218 3217
f 3217 3218 3166 3165
f 3227 3166 3167
f 3228 3219 3218
f 3218 3219 3167 3166
f 3227 3167 3168
f 3228 3220 3219
f 3219 3220 3168 3167
f 3227 3168 3169
f 3228 3221 3220
f 3220 3221 3169 3168
f 3227 3169 3170
f 3228 3222 3221
f 3221 3222 3170 3169
f 3227 3170 3171
f 3228 3223 3222
f 3222 3223 3171 3170
f 3227 3171 3172
f 3228 3224 3223
f 3223 3224 3172 3171
f 3227 3172 3173
f 3228 3225 3224
f 3224 3225 3173 3172
f 3227 3173 3174
f 3228 3226 3225
f 3225 3226 3174 3173
f 3227 3174 3123
f 3228 3175 3226
f 3226 3175 3123 3174
f 3229 3230 3231 3232
f 3233 3236 3235 3234
f 3229 3233 3234 3230
f 3230 3234 3235 3231
f 3231 3235 3236 3232
f 3233 3229 3232 3236
f 3237 3238 3239 3240
f 3241 3244 3243 3242
f 3237 3241 3242 3238
f 3238 3242 3243 3239
f 3239 3243 3244 3240
f 3241 3237 3240 3244
f 3246 3248 3247 3245
f 3305 3245 3247
f 3306 3248 3246
f 3248 3250 3249 3247
f 3305 3247 3249
f 3306 3250 3248
f 3250 3252 3251 3249
f 3305 3249 3251
f 3306 3252 3250
f 3252 3254 3253 3251
f 3305 3251 3253
f 3306 3254 3252
f 3254 3256 3255 3253
f 3305 3253 3255
f 3306 3256 3254
f 3256 3258 3257 3255
f 3305 3255 3257
f 3306 3258 3256
f 3258 3260 3259 3257
f 3305 3257 3259
f 3306 3260 3258
f 3260 3262 3261 3259
f 3305 3259 3261
f 3306 3262 3260
f 3262 3264 3263 3261
f 3305 3261 3263
f 3306 3264 3262
f 3264 3266 3265 3263
f 3305 3263 3265
f 3306 3266 3264
f 3266 3268 3267 3265
f 3305 3265 3267
f 3306 3268 3266
f 3268 3270 3269 3267
f 3305 3267 3269
f 3306 3270 3268
f 3270 3272 3271 3269
f 3305 3269 3271
f 3306 3272 3270
f 3272 3274 3273 3271
f 3305 3271 3273
f 3306 3274 3272
f 3274 3276 3275 3273
f 3305 3273 3275
f 3306 3276 3274
f 3276 3278 3277 3275
f 3305 3275 3277
f 3306 3278 3276
f 3278 3280 3279 3277
f 3305 3277 3279
f 3306 3280 3278
f 3280 3282 3281 3279
f 3305 3279 3281
f 3306 3282 3280
f 3282 3284 3283 3281
f 3305 3281 3283
f 3306 3284 3282
f 3284 3286 3285 3283
f 3305 3283 3285
f 3306 3286 3284
f 3286 3288 3287 3285
f 3305 3285 3287
f 3306 3288 3286
f 3288 3290 3289 3287
f 3305 3287 3289
f 3306 3290 3288
f 3290 3292 3291 3289
f 3305 3289 3291
f 3306 3292 3290
f 3292 3294 3293 3291
f 3305 3291 3293
f 3306 3294 3292
f 3294 3296 3295 3293
f 3305 3293 3295
f 3306 3296 3294
f 3296 3298 3297 3295
f 3305 3295 3297
f 3306 3298 3296
f 3298 3300 3299 3297
f 3305 3297 3299
f 3306 3300 3298
f 3300 3302 3301 3299
f 3305 3299 3301
f 3306 3302 3300
f 3302 3304 3303 3301
f 3305 3301 3303
f 3306 3304 3302
f 3304 3246 3245 3303
f 3305 3303 3245
f 3306 3246 3304
f 3307 3308 3318 3317
f 3308 3309 3319 3318
f 3309 3310 3320 3319
f 3310 3311 3321 3320
f 3311 3312 3322 3321
f 3312 3313 3323 3322
f 3313 3314 3324 3323
f 3314 3315 3325 3324
f 3315 3316 3326 3325
f 3316 3307 3317 3326
f 3317 3318 3328 3327
f 3318 3319 3329 3328
f 3319 3320 3330 3329
f 3320 3321 3331 3330
f 3321 3322 3332 3331
f 3322 3323 3333 3332
f 3323 3324 3334 3333
f 3324 3325 3335 3334
f 3325 3326 3336 3335
f 3326 3317 3327 3336
f 3327 3328 3338 3337
f 3328 3329 3339 3338
f 3329 3330 3340 3339
f 3330 3331 3341 3340
f 3331 3332 3342 3341
f 3332 3333 3343 3342
f 3333 3334 3344 3343
f 3334 3335 3345 3344
f 3335 3336 3346 3345
f 3336 3327 3337 3346
f 3337 3338 3348 3347
f 3338 3339 3349 3348
f 3339 3340 3350 3349
f 3340 3341 3351 3350
f 3341 3342 3352 3351
f 3342 3343 3353 3352
f 3343 3344 3354 3353
f 3344 3345 3355 3354
f 3345 3346 3356 3355
f 3346 3337 3347 3356
f 3347 3348 3358 3357
f 3348 3349 3359 3358
f 3349 3350 3360 3359
f 3350 3351 3361 3360
f 3351 3352 3362 3361
f 3352 3353 3363 3362
f 3353 3354 3364 3363
f 3354 3355 3365 3364
f 3355 3356 3366 3365
f 3356 3347 3357 3366
f 3357 3358 3368 3367
f 3358 3359 3369 3368
f 3359 3360 3370 3369
f 3360 3361 3371 3370
f 3361 3362 3372 3371
f 3362 3363 3373 3372
f 3363 3364 3374 3373
f 3364 3365 3375 3374
f 3365 3366 3376 3375
f 3366 3357 3367 3376
f 3367 3368 3378 3377
f 3368 3369 3379 3378
f 3369 3370 3380 3379
f 3370 3371 3381 3380
f 3371 3372 3382 3381
f 3372 3373 3383 3382
f 3373 3374 3384 3383
f 3374 3375 3385 3384
f 3375 3376 3386 3385
f 3376 3367 3377 3386
f 3377 3378 3388 3387
f 3378 3379 3389 3388
f 3379 3380 3390 3389
f 3380 3381 3391 3390
f 3381 3382 3392 3391
f 3382 3383 3393 3392
f 3383 3384 3394 3393
f 3384 3385 3395 3394
f 3385 3386 3396 3395
f 3386 3377 3387 3396
f 3387 3388 3398 3397
f 3388 3389 3399 3398
f 3389 3390 3400 3399
f 3390 3391 3401 3400
f 3391 3392 3402 3401
f 3392 3393 3403 3402
f 3393 3394 3404 3403
f 3394 3395 3405 3404
f 3395 3396 3406 3405
f 3396 3387 3397 3406
f 3397 3398 3408 3407
f 3398 3399 3409 3408
f 3399 3400 3410 3409
f 3400 3401 3411 3410
f 3401 3402 3412 3411
f 3402 3403 3413 3412
f 3403 3404 3414 3413
f 3404 3405 3415 3414
f 3405 3406 3416 3415
f 3406 3397 3407 3416
f 3407 3408 3418 3417
f 3408 3409 3419 3418
f 3409 3410 3420 3419
f 3410 3411 3421 3420
f 3411 3412 3422 3421
f 3412 3413 3423 3422
f 3413 3414 3424 3423
f 3414 3415 3425 3424
f 3415 3416 3426 3425
f 3416 3407 3417 3426
f 3417 3418 3428 3427
f 3418 3419 3429 3428
f 3419 3420 3430 3429
f 3420 3421 3431 3430
f 3421 3422 3432 3431
f 3422 3423 3433 3432
f 3423 3424 3434 3433
f 3424 3425 3435 3434
f 3425 3426 3436 3435
f 3426 3417 3427 3436
f 3427 3428 3438 3437
f 3428 3429 3439 3438
f 3429 3430 3440 3439
f 3430 3431 3441 3440
f 3431 3432 3442 3441
f 3432 3433 3443 3442
f 3433 3434 3444 3443
f 3434 3435 3445 3444
f 3435 3436 3446 3445
f 3436 3427 3437 3446
f 3437 3438 3448 3447
f 3438 3439 3449 3448
f 3439 3440 3450 3449
f 3440 3441 3451 3450
f 3441 3442 3452 3451
f 3442 3443 3453 3452
f 3443 3444 3454 3453
f 3444 3445 3455 3454
f 3445 3446 3456 3455
f 3446 3437 3447 3456
f 3447 3448 3458 3457
f 3448 3449 3459 3458
f 3449 3450 3460 3459
f 3450 3451 3461 3460
f 3451 3452 3462 3461
f 3452 3453 3463 3462
f 3453 3454 3464 3463
f 3454 3455 3465 3464
f 3455 3456 3466 3465
f 3456 3447 3457 3466
f 3457 3458 3468 3467
f 3458 3459 3469 3468
f 3459 3460 3470 3469
f 3460 3461 3471 3470
f 3461 3462 3472 3471
f 3462 3463 3473 3472
f 3463 3464 3474 3473
f 3464 3465 3475 3474
f 3465 3466 3476 3475
f 3466 3457 3467 3476
f 3467 3468 3478 3477
f 3468 3469 3479 3478
f 3469 3470 3480 3479
f 3470 3471 3481 3480
f 3471 3472 3482 3481
f 3472 3473 3483 3482
f 3473 3474 3484 3483
f 3474 3475 3485 3484
f 3475 3476 3486 3485
f 3476 3467 3477 3486
f 3477 3478 3488 3487
f 3478 3479 3489 3488
f 3479 3480 3490 3489
f 3480 3481 3491 3490
f 3481 3482 3492 3491
f 3482 3483 3493 3492
f 3483 3484 3494 3493
f 3484 3485 3495 3494
f 3485 3486 3496 3495
f 3486 3477 3487 3496
f 3487 3488 3498 3497
f 3488 3489 3499 3498
f 3489 3490 3500 3499
f 3490 3491 3501 3500
f 3491 3492 3502 3501
f 3492 3493 3503 3502
f 3493 3494 3504 3503
f 3494 3495 3505 3504
f 3495 3496 3506 3505
f 3496 3487 3497 3506
f 3497 3498 3508 3507
f 3498 3499 3509 3508
f 3499 3500 3510 3509
f 3500 3501 3511 3510
f 3501 3502 3512 3511
f 3502 3503 3513 3512
f 3503 3504 3514 3513
f 3504 3505 3515 3514
f 3505 3506 3516 3515
f 3506 3497 3507 3516
f 3507 3508 3518 3517
f 3508 3509 3519 3518
f 3509 3510 3520 3519
f 3510 3511 3521 3520
f 3511 3512 3522 3521
f 3512 3513 3523 3522
f 3513 3514 3524 3523
f 3514 3515 3525 3524
f 3515 3516 3526 3525
f 3516 3507 3517 3526
f 3517 3518 3528 3527
f 3518 3519 3529 3528
f 3519 3520 3530 3529
f 3520 3521 3531 3530
f 3521 3522 3532 3531
f 3522 3523 3533 3532
f 3523 3524 3534 3533
f 3524 3525 3535 3534
f 3525 3526 3536 3535
f 3526 3517 3527 3536
f 3527 3528 3538 3537
f 3528 3529 3539 3538
f 3529 3530 3540 3539
f 3530 3531 3541 3540
f 3531 3532 3542 3541
f 3532 3533 3543 3542
f 3533 3534 3544 3543
f 3534 3535 3545 3544
f 3535 3536 3546 3545
f 3536 3527 3537 3546
f 3537 3538 3548 3547
f 3538 3539 3549 3548
f 3539 3540 3550 3549
f 3540 3541 3551 3550
f 3541 3542 3552 3551
f 3542 3543 3553 3552
f 3543 3544 3554 3553
f 3544 3545 3555 3554
f 3545 3546 3556 3555
f 3546 3537 3547 3556
f 3547 3548 3558 3557
f 3548 3549 3559 3558
f 3549 3550 3560 3559
f 3550 3551 3561 3560
f 3551 3552 3562 3561
f 3552 3553 3563 3562
f 3553 3554 3564 3563
f 3554 3555 3565 3564
f 3555 3556 3566 3565
f 3556 3547 3557 3566
f 3557 3558 3568 3567
f 3558 3559 3569 3568
f 3559 3560 3570 3569
f 3560 3561 3571 3570
f 3561 3562 3572 3571
f 3562 3563 3573 3572
f 3563 3564 3574 3573
f 3564 3565 3575 3574
f 3565 3566 3576 3575
f 3566 3557 3567 3576
f 3567 3568 3578 3577
f 3568 3569 3579 3578
f 3569 3570 3580 3579
f 3570 3571 3581 3580
f 3571 3572 3582 3581
f 3572 3573 3583 3582
f 3573 3574 3584 3583
f 3574 3575 3585 3584
f 3575 3576 3586 3585
f 3576 3567 3577 3586
f 3577 3578 3308 3307
f 3578 3579 3309 3308
f 3579 3580 3310 3309
f 3580 3581 3311 3310
f 3581 3582 3312 3311
f 3582 3583 3313 3312
f 3583 3584 3314 3313
f 3584 3585 3315 3314
f 3585 3586 3316 3315
f 3586 3577 3307 3316
f 3588 3590 3589 3587
f 3655 3587 3589
f 3656 3590 3588
f 3590 3592 3591 3589
f 3655 3589 3591
f 3656 3592 3590
f 3592 3594 3593 3591
f 3655 3591 3593
f 3656 3594 3592
f 3594 3596 3595 3593
f 3655 3593 3595
f 3656 3596 3594
f 3596 3598 3597 3595
f 3655 3595 3597
f 3656 3598 3596
f 3598 3600 3599 3597
f 3655 3597 3599
f 3656 3600 3598
f 3600 3602 3601 3599
f 3655 3599 3601
f 3656 3602 3600
f 3602 3604 3603 3601
f 3655 3601 3603
f 3656 3604 3602
f 3604 3606 3605 3603
f 3655 3603 3605
f 3656 3606 3604
f 3606 3608 3607 3605
f 3655 3605 3607
f 3656 3608 3606
f 3608 3610 3609 3607
f 3655 3607 3609
f 3656 3610 3608
f 3610 3612 3611 3609
f 3655 3609 3611
f 3656 3612 3610
f 3612 3614 3613 3611
f 3655 3611 3613
f 3656 3614 3612
f 3614 3616 3615 3613
f 3655 3613 3615
f 3656 3616 3614
f 3616 3618 3617 3615
f 3655 3615 3617
f 3656 3618 3616
f 3618 3620 3619 3617
f 3655 3617 3619
f 3656 3620 3618
f 3620 3622 3621 3619
f 3655 3619 3621
f 3656 3622 3620
f 3622 3624 3623 3621
f 3655 3621 3623
f 3656 3624 3622
f 3624 3626 3625 3623
f 3655 3623 3625
f 3656 3626 3624
f 3626 3628 3627 3625
f 3655 3625 3627
f 3656 3628 3626
f 3628 3630 3629 3627
f 3655 3627 3629
f 3656 3630 3628
f 3630 3632 3631 3629
f 3655 3629 3631
f 3656 3632 3630
f 3632 3634 3633 3631
f 3655 3631 3633
f 3656 3634 3632
f 3634 3636 3635 3633
f 3655 3633 3635
f 3656 3636 3634
f 3636 3638 3637 3635
f 3655 3635 3637
f 3656 3638 3636
f 3638 3640 3639 3637
f 3655 3637 3639
f 3656 3640 3638
f 3640 3642 3641 3639
f 3655 3639 3641
f 3656 3642 3640
f 3642 3644 3643 3641
f 3655 3641 3643
f 3656 3644 3642
f 3644 3646 3645 3643
f 3655 3643 3645
f 3656 3646 3644
f 3646 3648 3647 3645
f 3655 3645 3647
f 3656 3648 3646
f 3648 3650 3649 3647
f 3655 3647 3649
f 3656 3650 3648
f 3650 3652 3651 3649
f 3655 3649 3651
f 3656 3652 3650
f 3652 3654 3653 3651
f 3655 3651 3653
f 3656 3654 3652
f 3654 3588 3587 3653
f 3655 3653 3587
f 3656 3588 3654
f 3658 3660 3659 3657
f 3725 3657 3659
f 3726 3660 3658
f 3660 3662 3661 3659
f 3725 3659 3661
f 3726 3662 3660
f 3662 3664 3663 3661
f 3725 3661 3663
f 3726 3664 3662
f 3664 3666 3665 3663
f 3725 3663 3665
f 3726 3666 3664
f 3666 3668 3667 3665
f 3725 3665 3667
f 3726 3668 3666
f 3668 3670 3669 3667
f 3725 3667 3669
f 3726 3670 3668
f 3670 3672 3671 3669
f 3725 3669 3671
f 3726 3672 3670
f 3672 3674 3673 3671
f 3725 3671 3673
f 3726 3674 3672
f 3674 3676 3675 3673
f 3725 3673 3675
f 3726 3676 3674
f 3676 3678 3677 3675
f 3725 3675 3677
f 3726 3678 3676
f 3678 3680 3679 3677
f 3725 3677 3679
f 3726 3680 3678
f 3680 3682 3681 3679
f 3725 3679 3681
f 3726 3682 3680
f 3682 3684 3683 3681
f 3725 3681 3683
f 3726 3684 3682
f 3684 3686 3685 3683
f 3725 3683 3685
f 3726 3686 3684
f 3686 3688 3687 3685
f 3725 3685 3687
f 3726 3688 3686
f 3688 3690 3689 3687
f 3725 3687 3689
f 3726 3690 3688
f 3690 3692 3691 3689
f 3725 3689 3691
f 3726 3692 3690
f 3692 3694 3693 3691
f 3725 3691 3693
f 3726 3694 3692
f 3694 3696 3695 3693
f 3725 3693 3695
f 3726 3696 3694
f 3696 3698 3697 3695
f 3725 3695 3697
f 3726 3698 3696
f 3698 3700 3699 3697
f 3725 3697 3699
f 3726 3700 3698
f 3700 3702 3701 3699
f 3725 3699 3701
f 3726 3702 3700
f 3702 3704 3703 3701
f 3725 3701 3703
f 3726 3704 3702
f 3704 3706 3705 3703
f 3725 3703 3705
f 3726 3706 3704
f 3706 3708 3707 3705
f 3725 3705 3707
f 3726 3708 3706
f 3708 3710 3709 3707
f 3725 3707 3709
f 3726 3710 3708
f 3710 3712 3711 3709
f 3725 3709 3711
f 3726 3712 3710
f 3712 3714 3713 3711
f 3725 3711 3713
f 3726 3714 3712
f 3714 3716 3715 3713
f 3725 3713 3715
f 3726 3716 3714
f 3716 3718 3717 3715
f 3725 3715 3717
f 3726 3718 3716
f 3718 3720 3719 3717
f 3725 3717 3719
f 3726 3720 3718
f 3720 3722 3721 3719
f 3725 3719 3721
f 3726 3722 3720
f 3722 3724 3723 3721
f 3725 3721 3723
f 3726 3724 3722
f 3724 3658 3657 3723
f 3725 3723 3657
f 3726 3658 3724
f 3727 3728 3738 3737
f 3728 3729 3739 3738
f 3729 3730 3740 3739
f 3730 3731 3741 3740
f 3731 3732 3742 3741
f 3732 3733 3743 3742
f 3733 3734 3744 3743
f 3734 3735 3745 3744
f 3735 3736 3746 3745
f 3736 3727 3737 3746
f 3737 3738 3748 3747
f 3738 3739 3749 3748
f 3739 3740 3750 3749
f 3740 3741 3751 3750
f 3741 3742 3752 3751
f 3742 3743 3753 3752
f 3743 3744 3754 3753
f 3744 3745 3755 3754
f 3745 3746 3756 3755
f 3746 3737 3747 3756
f 3747 3748 3758 3757
f 3748 3749 3759 3758
f 3749 3750 3760 3759
f 3750 3751 3761 3760
f 3751 3752 3762 3761
f 3752 3753 3763 3762
f 3753 3754 3764 3763
f 3754 3755 3765 3764
f 3755 3756 3766 3765
f 3756 3747 3757 3766
f 3757 3758 3768 3767
f 3758 3759 3769 3768
f 3759 3760 3770 3769
f 3760 3761 3771 3770
f 3761 3762 3772 3771
f 3762 3763 3773 3772
f 3763 3764 3774 3773
f 3764 3765 3775 3774
f 3765 3766 3776 3775
f 3766 3757 3767 3776
f 3767 3768 3778 3777
f 3768 3769 3779 3778
f 3769 3770 3780 3779
f 3770 3771 3781 3780
f 3771 3772 3782 3781
f 3772 3773 3783 3782
f 3773 3774 3784 3783
f 3774 3775 3785 3784
f 3775 3776 3786 3785
f 3776 3767 3777 3786
f 3777 3778 3788 3787
f 3778 3779 3789 3788
f 3779 3780 3790 3789
f 3780 3781 3791 3790
f 3781 3782 3792 3791
f 3782 3783 3793 3792
f 3783 3784 3794 3793
f 3784 3785 3795 3794
f 3785 3786 3796 3795
f 3786 3777 3787 3796
f 3787 3788 3798 3797
f 3788 3789 3799 3798
f 3789 3790 3800 3799
f 3790 3791 3801 3800
f 3791 3792 3802 3801
f 3792 3793 3803 3802
f 3793 3794 3804 3803
f 3794 3795 3805 3804
f 3795 3796 3806 3805
f 3796 3787 3797 3806
f 3797 3798 3808 3807
f 3798 3799 3809 3808
f 3799 3800 3810 3809
f 3800 3801 3811 3810
f 3801 3802 3812 3811
f 3802 3803 3813 3812
f 3803 3804 3814 3813
f 3804 3805 3815 3814
f 3805 3806 3816 3815
f 3806 3797 3807 3816
f 3807 3808 3818 3817
f 3808 3809 3819 3818
f 3809 3810 3820 3819
f 3810 3811 3821 3820
f 3811 3812 3822 3821
f 3812 3813 3823 3822
f 3813 3814 3824 3823
f 3814 3815 3825 3824
f 3815 3816 3826 3825
f 3816 3807 3817 3826
f 3817 3818 3828 3827
f 3818 3819 3829 3828
f 3819 3820 3830 3829
f 3820 3821 3831 3830
f 3821 3822 3832 3831
f 3822 3823 3833 3832
f 3823 3824 3834 3833
f 3824 3825 3835 3834
f 3825 3826 3836 3835
f 3826 3817 3827 3836
f 3827 3828 3838 3837
f 3828 3829 3839 3838
f 3829 3830 3840 3839
f 3830 3831 3841 3840
f 3831 3832 3842 3841
f 3832 3833 3843 3842
f 3833 3834 3844 3843
f 3834 3835 3845 3844
f 3835 3836 3846 3845
f 3836 3827 3837 3846
f 3837 3838 3848 3847
f 3838 3839 3849 3848
f 3839 3840 3850 3849
f 3840 3841 3851 3850
f 3841 3842 3852 3851
f 3842 3843 3853 3852
f 3843 3844 3854 3853
f 3844 3845 3855 3854
f 3845 3846 3856 3855
f 3846 3837 3847 3856
f 3847 3848 3858 3857
f 3848 3849 3859 3858
f 3849 3850 3860 3859
f 3850 3851 3861 3860
f 3851 3852 3862 3861
f 3852 3853 3863 3862
f 3853 3854 3864 3863
f 3854 3855 3865 3864
f 3855 3856 3866 3865
f 3856 3847 3857 3866
f 3857 3858 3868 3867
f 3858 3859 3869 3868
f 3859 3860 3870 3869
f 3860 3861 3871 3870
f 3861 3862 3872 3871
f 3862 3863 3873 3872
f 3863 3864 3874 3873
f 3864 3865 3875 3874
f 3865 3866 3876 3875
f 3866 3857 3867 3876
f 3867 3868 3878 3877
f 3868 3869 3879 3878
f 3869 3870 3880 3879
f 3870 3871 3881 3880
f 3871 3872 3882 3881
f 3872 3873 3883 3882
f 3873 3874 3884 3883
f 3874 3875 3885 3884
f 3875 3876 3886 3885
f 3876 3867 3877 3886
f 3877 3878 3888 3887
f 3878 3879 3889 3888
f 3879 3880 3890 3889
f 3880 3881 3891 3890
f 3881 3882 3892 3891
f 3882 3883 3893 3892
f 3883 3884 3894 3893
f 3884 3885 3895 3894
f 3885 3886 3896 3895
f 3886 3877 3887 3896
f 3887 3888 3898 3897
f 3888 3889 3899 3898
f 3889 3890 3900 3899
f 3890 3891 3901 3900
f 3891 3892 3902 3901
f 3892 3893 3903 3902
f 3893 3894 3904 3903
f 3894 3895 3905 3904
f 3895 3896 3906 3905
f 3896 3887 3897 3906
f 3897 3898 3908 3907
f 3898 3899 3909 3908
f 3899 3900 3910 3909
f 3900 3901 3911 3910
f 3901 3902 3912 3911
f 3902 3903 3913 3912
f 3903 3904 3914 3913
f 3904 3905 3915 3914
f 3905 3906 3916 3915
f 3906 3897 3907 3916
f 3907 3908 3918 3917
f 3908 3909 3919 3918
f 3909 3910 3920 3919
f 3910 3911 3921 3920
f 3911 3912 3922 3921
f 3912 3913 3923 3922
f 3913 3914 3924 3923
f 3914 3915 3925 3924
f 3915 3916 3926 3925
f 3916 3907 3917 3926
f 3917 3918 3928 3927
f 3918 3919 3929 3928
f 3919 3920 3930 3929
f 3920 3921 3931 3930
f 3921 3922 3932 3931
f 3922 3923 3933 3932
f 3923 3924 3934 3933
f 3924 3925 3935 3934
f 3925 3926 3936 3935
f 3926 3917 3927 3936
f 3927 3928 3938 3937
f 3928 3929 3939 3938
f 3929 3930 3940 3939
f 3930 3931 3941 3940
f 3931 3932 3942 3941
f 3932 3933 3943 3942
f 3933 3934 3944 3943
f 3934 3935 3945 3944
f 3935 3936 3946 3945
f 3936 3927 3937 3946
f 3937 3938 3948 3947
f 3938 3939 3949 3948
f 3939 3940 3950 3949
f 3940 3941 3951 3950
f 3941 3942 3952 3951
f 3942 3943 3953 3952
f 3943 3944 3954 3953
f 3944 3945 3955 3954
f 3945 3946 3956 3955
f 3946 3937 3947 3956
f 3947 3948 3958 3957
f 3948 3949 3959 3958
f 3949 3950 3960 3959
f 3950 3951 3961 3960
f 3951 3952 3962 3961
f 3952 3953 3963 3962
f 3953 3954 3964 3963
f 3954 3955 3965 3964
f 3955 3956 3966 3965
f 3956 3947 3957 3966
f 3957 3958 3728 3727
f 3958 3959 3729 3728
f 3959 3960 3730 3729
f 3960 3961 3731 3730
f 3961 3962 3732 3731
f 3962 3963 3733 3732
f 3963 3964 3734 3733
f 3964 3965 3735 3734
f 3965 3966 3736 3735
f 3966 3957 3727 3736
f 3967 3968 3969
f 3967 3969 3970
f 3967 3970 3971
f 3967 3971 3972
f 3967 3972 3973
f 3967 3973 3974
f 3967 3974 3975
f 3967 3975 3976
f 3967 3976 3977
f 3967 3977 3968
f 3968 3969 3979 3978
f 3969 3970 3980 3979
f 3970 3971 3981 3980
f 3971 3972 3982 3981
f 3972 3973 3983 3982
f 3973 3974 3984 3983
f 3974 3975 3985 3984
f 3975 3976 3986 3985
f 3976 3977 3987 3986
f 3977 3968 3978 3987
f 3978 3979 3989 3988
f 3979 3980 3990 3989
f 3980 3981 3991 3990
f 3981 3982 3992 3991
f 3982 3983 3993 3992
f 3983 3984 3994 3993
f 3984 3985 3995 3994
f 3985 3986 3996 3995
f 3986 3987 3997 3996
f 3987 3978 3988 3997
f 3988 3989 3999 3998
f 3989 3990 4000 3999
f 3990 3991 4001 4000
f 3991 3992 4002 4001
f 3992 3993 4003 4002
f 3993 3994 4004 4003
f 3994 3995 4005 4004
f 3995 3996 4006 4005
f 3996 3997 4007 4006
f 3997 3988 3998 4007
f 3998 3999 4009 4008
f 3999 4000 4010 4009
f 4000 4001 4011 4010
f 4001 4002 4012 4011
f 4002 4003 4013 4012
f 4003 4004 4014 4013
f 4004 4005 4015 4014
f 4005 4006 4016 4015
f 4006 4007 4017 4016
f 4007 3998 4008 4017
f 4008 4009 4019 4018
f 4009 4010 4020 4019
f 4010 4011 4021 4020
f 4011 4012 4022 4021
f 4012 4013 4023 4022
f 4013 4014 4024 4023
f 4014 4015 4025 4024
f 4015 4016 4026 4025
f 4016 4017 4027 4026
f 4017 4008 4018 4027
f 4018 4019 4029 4028
f 4019 4020 4030 4029
f 4020 4021 4031 4030
f 4021 4022 4032 4031
f 4022 4023 4033 4032
f 4023 4024 4034 4033
f 4024 4025 4035 4034
f 4025 4026 4036 4035
f 4026 4027 4037 4036
f 4027 4018 4028 4037
f 4038 4029 4028
f 4038 4030 4029
f 4038 4031 4030
f 4038 4032 4031
f 4038 4033 4032
f 4038 4034 4033
f 4038 4035 4034
f 4038 4036 4035
f 4038 4037 4036
f 4038 4028 4037
f 4039 4040 4041
f 4039 4041 4042
f 4039 4042 4043
f 4039 4043 4044
f 4039 4044 4045
f 4039 4045 4046
f 4039 4046 4047
f 4039 4047 4048
f 4039 4048 4049
f 4039 4049 4040
f 4040 4041 4051 4050
f 4041 4042 4052 4051
f 4042 4043 4053 4052
f 4043 4044 4054 4053
f 4044 4045 4055 4054
f 4045 4046 4056 4055
f 4046 4047 4057 4056
f 4047 4048 4058 4057
f 4048 4049 4059 4058
f 4049 4040 4050 4059
f 4050 4051 4061 4060
f 4051 4052 4062 4061
f 4052 4053 4063 4062
f 4053 4054 4064 4063
f 4054 4055 4065 4064
f 4055 4056 4066 4065
f 4056 4057 4067 4066
f 4057 4058 4068 4067
f 4058 4059 4069 4068
f 4059 4050 4060 4069
f 4060 4061 4071 4070
f 4061 4062 4072 4071
f 4062 4063 4073 4072
f 4063 4064 4074 4073
f 4064 4065 4075 4074
f 4065 4066 4076 4075
f 4066 4067 4077 4076
f 4067 4068 4078 4077
f 4068 4069 4079 4078
f 4069 4060 4070 4079
f 4070 4071 4081 4080
f 4071 4072 4082 4081
f 4072 4073 4083 4082
f 4073 4074 4084 4083
f 4074 4075 4085 4084
f 4075 4076 4086 4085
f 4076 4077 4087 4086
f 4077 4078 4088 4087
f 4078 4079 4089 4088
f 4079 4070 4080 4089
f 4080 4081 4091 4090
f 4081 4082 4092 4091
f 4082 4083 4093 4092
f 4083 4084 4094 4093
f 4084 4085 4095 4094
f 4085 4086 4096 4095
f 4086 4087 4097 4096
f 4087 4088 4098 4097
f 4088 4089 4099 4098
f 4089 4080 4090 4099
f 4090 4091 4101 4100
f 4091 4092 4102 4101
f 4092 4093 4103 4102
f 4093 4094 4104 4103
f 4094 4095 4105 4104
f 4095 4096 4106 4105
f 4096 4097 4107 4106
f 4097 4098 4108 4107
f 4098 4099 4109 4108
f 4099 4090 4100 4109
f 4110 4101 4100
f 4110 4102 4101
f 4110 4103 4102
f 4110 4104 4103
f 4110 4105 4104
f 4110 4106 4105
f 4110 4107 4106
f 4110 4108 4107
f 4110 4109 4108
f 4110 4100 4109
f 4111 4112 4113
f 4111 4113 4114
f 4111 4114 4115
f 4111 4115 4116
f 4111 4116 4117
f 4111 4117 4118
f 4111 4118 4119
f 4111 4119 4120
f 4111 4120 4121
f 4111 4121 4112
f 4112 4113 4123 4122
f 4113 4114 4124 4123
f 4114 4115 4125 4124
f 4115 4116 4126 4125
f 4116 4117 4127 4126
f 4117 4118 4128 4127
f 4118 4119 4129 4128
f 4119 4120 4130 4129
f 4120 4121 4131 4130
f 4121 4112 4122 4131
f 4122 4123 4133 4132
f 4123 4124 4134 4133
f 4124 4125 4135 4134
f 4125 4126 4136 4135
f 4126 4127 4137 4136
f 4127 4128 4138 4137
f 4128 4129 4139 4138
f 4129 4130 4140 4139
f 4130 4131 4141 4140
f 4131 4122 4132 4141
f 4132 4133 4143 4142
f 4133 4134 4144 4143
f 4134 4135 4145 4144
f 4135 4136 4146 4145
f 4136 4137 4147 4146
f 4137 4138 4148 4147
f 4138 4139 4149 4148
f 4139 4140 4150 4149
f 4140 4141 4151 4150
f 4141 4132 4142 4151
f 4142 4143 4153 4152
f 4143 4144 4154 4153
f 4144 4145 4155 4154
f 4145 4146 4156 4155
f 4146 4147 4157 4156
f 4147 4148 4158 4157
f 4148 4149 4159 4158
f 4149 4150 4160 4159
f 4150 4151 4161 4160
f 4151 4142 4152 4161
f 4152 4153 4163 4162
f 4153 4154 4164 4163
f 4154 4155 4165 4164
f 4155 4156 4166 4165
f 4156 4157 4167 4166
f 4157 4158 4168 4167
f 4158 4159 4169 4168
f 4159 4160 4170 4169
f 4160 4161 4171 4170
f 4161 4152 4162 4171
f 4162 4163 4173 4172
f 4163 4164 4174 4173
f 4164 4165 4175 4174
f 4165 4166 4176 4175
f 4166 4167 4177 4176
f 4167 4168 4178 4177
f 4168 4169 4179 4178
f 4169 4170 4180 4179
f 4170 4171 4181 4180
f 4171 4162 4172 4181
f 4182 4173 4172
f 4182 4174 4173
f 4182 4175 4174
f 4182 4176 4175
f 4182 4177 4176
f 4182 4178 4177
f 4182 4179 4178
f 4182 4180 4179
f 4182 4181 4180
f 4182 4172 4181
f 4183 4184 4185
f 4183 4185 4186
f 4183 4186 4187
f 4183 4187 4188
f 4183 4188 4189
f 4183 4189 4190
f 4183 4190 4191
f 4183 4191 4192
f 4183 4192 4193
f 4183 4193 4184
f 4184 4185 4195 4194
f 4185 4186 4196 4195
f 4186 4187 4197 4196
f 4187 4188 4198 4197
f 4188 4189 4199 4198
f 4189 4190 4200 4199
f 4190 4191 4201 4200
f 4191 4192 4202 4201
f 4192 4193 4203 4202
f 4193 4184 4194 4203
f 4194 4195 4205 4204
f 4195 4196 4206 4205
f 4196 4197 4207 4206
f 4197 4198 4208 4207
f 4198 4199 4209 4208
f 4199 4200 4210 4209
f 4200 4201 4211 4210
f 4201 4202 4212 4211
f 4202 4203 4213 4212
f 4203 4194 4204 4213
f 4204 4205 4215 4214
f 4205 4206 4216 4215
f 4206 4207 4217 4216
f 4207 4208 4218 4217
f 4208 4209 4219 4218
f 4209 4210 4220 4219
f 4210 4211 4221 4220
f 4211 4212 4222 4221
f 4212 4213 4223 4222
f 4213 4204 4214 4223
f 4214 4215 4225 4224
f 4215 4216 4226 4225
f 4216 4217 4227 4226
f 4217 4218 4228 4227
f 4218 4219 4229 4228
f 4219 4220 4230 4229
f 4220 4221 4231 4230
f 4221 4222 4232 4231
f 4222 4223 4233 4232
f 4223 4214 4224 4233
f 4224 4225 4235 4234
f 4225 4226 4236 4235
f 4226 4227 4237 4236
f 4227 4228 4238 4237
f 4228 4229 4239 4238
f 4229 4230 4240 4239
f 4230 4231 4241 4240
f 4231 4232 4242 4241
f 4232 4233 4243 4242
f 4233 4224 4234 4243
f 4234 4235 4245 4244
f 4235 4236 4246 4245
f 4236 4237 4247 4246
f 4237 4238 4248 4247
f 4238 4239 4249 4248
f 4239 4240 4250 4249
f 4240 4241 4251 4250
f 4241 4242 4252 4251
f 4242 4243 4253 4252
f 4243 4234 4244 4253
f 4254 4245 4244
f 4254 4246 4245
f 4254 4247 4246
f 4254 4248 4247
f 4254 4249 4248
f 4254 4250 4249
f 4254 4251 4250
f 4254 4252 4251
f 4254 4253 4252
f 4254 4244 4253
f 4255 4256 4257
f 4255 4257 4258
f 4255 4258 4259
f 4255 4259 4260
f 4255 4260 4261
f 4255 4261 4262
f 4255 4262 4263
f 4255 4263 4264
f 4255 4264 4265
f 4255 4265 4256
f 4256 4257 4267 4266
f 4257 4258 4268 4267
f 4258 4259 4269 4268
f 4259 4260 4270 4269
f 4260 4261 4271 4270
f 4261 4262 4272 4271
f 4262 4263 4273 4272
f 4263 4264 4274 4273
f 4264 4265 4275 4274
f 4265 4256 4266 4275
f 4266 4267 4277 4276
f 4267 4268 4278 4277
f 4268 4269 4279 4278
f 4269 4270 4280 4279
f 4270 4271 4281 4280
f 4271 4272 4282 4281
f 4272 4273 4283 4282
f 4273 4274 4284 4283
f 4274 4275 4285 4284
f 4275 4266 4276 4285
f 4276 4277 4287 4286
f 4277 4278 4288 4287
f 4278 4279 4289 4288
f 4279 4280 4290 4289
f 4280 4281 4291 4290
f 4281 4282 4292 4291
f 4282 4283 4293 4292
f 4283 4284 4294 4293
f 4284 4285 4295 4294
f 4285 4276 4286 4295
f 4286 4287 4297 4296
f 4287 4288 4298 4297
f 4288 4289 4299 4298
f 4289 4290 4300 4299
f 4290 4291 4301 4300
f 4291 4292 4302 4301
f 4292 4293 4303 4302
f 4293 4294 4304 4303
f 4294 4295 4305 4304
f 4295 4286 4296 4305
f 4296 4297 4307 4306
f 4297 4298 4308 4307
f 4298 4299 4309 4308
f 4299 4300 4310 4309
f 4300 4301 4311 4310
f 4301 4302 4312 4311
f 4302 4303 4313 4312
f 4303 4304 4314 4313
f 4304 4305 4315 4314
f 4305 4296 4306 4315
f 4306 4307 4317 4316
f 4307 4308 4318 4317
f 4308 4309 4319 4318
f 4309 4310 4320 4319
f 4310 4311 4321 4320
f 4311 4312 4322 4321
f 4312 4313 4323 4322
f 4313 4314 4324 4323
f 4314 4315 4325 4324
f 4315 4306 4316 4325
f 4326 4317 4316
f 4326 4318 4317
f 4326 4319 4318
f 4326 4320 4319
f 4326 4321 4320
f 4326 4322 4321
f 4326 4323 4322
f 4326 4324 4323
f 4326 4325 4324
f 4326 4316 4325
f 4327 4328 4329
f 4327 4329 4330
f 4327 4330 4331
f 4327 4331 4332
f 4327 4332 4333
f 4327 4333 4334
f 4327 4334 4335
f 4327 4335 4336
f 4327 4336 4337
f 4327 4337 4328
f 4328 4329 4339 4338
f 4329 4330 4340 4339
f 4330 4331 4341 4340
f 4331 4332 4342 4341
f 4332 4333 4343 4342
f 4333 4334 4344 4343
f 4334 4335 4345 4344
f 4335 4336 4346 4345
f 4336 4337 4347 4346
f 4337 4328 4338 4347
f 4338 4339 4349 4348
f 4339 4340 4350 4349
f 4340 4341 4351 4350
f 4341 4342 4352 4351
f 4342 4343 4353 4352
f 4343 4344 4354 4353
f 4344 4345 4355 4354
f 4345 4346 4356 4355
f 4346 4347 4357 4356
f 4347 4338 4348 4357
f 4348 4349 4359 4358
f 4349 4350 4360 4359
f 4350 4351 4361 4360
f 4351 4352 4362 4361
f 4352 4353 4363 4362
f 4353 4354 4364 4363
f 4354 4355 4365 4364
f 4355 4356 4366 4365
f 4356 4357 4367 4366
f 4357 4348 4358 4367
f 4358 4359 4369 4368
f 4359 4360 4370 4369
f 4360 4361 4371 4370
f 4361 4362 4372 4371
f 4362 4363 4373 4372
f 4363 4364 4374 4373
f 4364 4365 4375 4374
f 4365 4366 4376 4375
f 4366 4367 4377 4376
f 4367 4358 4368 4377
f 4368 4369 4379 4378
f 4369 4370 4380 4379
f 4370 4371 4381 4380
f 4371 4372 4382 4381
f 4372 4373 4383 4382
f 4373 4374 4384 4383
f 4374 4375 4385 4384
f 4375 4376 4386 4385
f 4376 4377 4387 4386
f 4377 4368 4378 4387
f 4378 4379 4389 4388
f 4379 4380 4390 4389
f 4380 4381 4391 4390
f 4381 4382 4392 4391
f 4382 4383 4393 4392
f 4383 4384 4394 4393
f 4384 4385 4395 4394
f 4385 4386 4396 4395
f 4386 4387 4397 4396
f 4387 4378 4388 4397
f 4398 4389 4388
f 4398 4390 4389
f 4398 4391 4390
f 4398 4392 4391
f 4398 4393 4392
f 4398 4394 4393
f 4398 4395 4394
f 4398 4396 4395
f 4398 4397 4396
f 4398 4388 4397
f 4399 4400 4401
f 4399 4401 4402
f 4399 4402 4403
f 4399 4403 4404
f 4399 4404 4405
f 4399 4405 4406
f 4399 4406 4407
f 4399 4407 4408
f 4399 4408 4409
f 4399 4409 4400
f 4400 4401 4411 4410
f 4401 4402 4412 4411
f 4402 4403 4413 4412
f 4403 4404 4414 4413
f 4404 4405 4415 4414
f 4405 4406 4416 4415
f 4406 4407 4417 4416
f 4407 4408 4418 4417
f 4408 4409 4419 4418
f 4409 4400 4410 4419
f 4410 4411 4421 4420
f 4411 4412 4422 4421
f 4412 4413 4423 4422
f 4413 4414 4424 4423
f 4414 4415 4425 4424
f 4415 4416 4426 4425
f 4416 4417 4427 4426
f 4417 4418 4428 4427
f 4418 4419 4429 4428
f 4419 4410 4420 4429
f 4420 4421 4431 4430
f 4421 4422 4432 4431
f 4422 4423 4433 4432
f 4423 4424 4434 4433
f 4424 4425 4435 4434
f 4425 4426 4436 4435
f 4426 4427 4437 4436
f 4427 4428 4438 4437
f 4428 4429 4439 4438
f 4429 4420 4430 4439
f 4430 4431 4441 4440
f 4431 4432 4442 4441
f 4432 4433 4443 4442
f 4433 4434 4444 4443
f 4434 4435 4445 4444
f 4435 4436 4446 4445
f 4436 4437 4447 4446
f 4437 4438 4448 4447
f 4438 4439 4449 4448
f 4439 4430 4440 4449
f 4440 4441 4451 4450
f 4441 4442 4452 4451
f 4442 4443 4453 4452
f 4443 4444 4454 4453
f 4444 4445 4455 4454
f 4445 4446 4456 4455
f 4446 4447 4457 4456
f 4447 4448 4458 4457
f 4448 4449 4459 4458
f 4449 4440 4450 4459
f 4450 4451 4461 4460
f 4451 4452 4462 4461
f 4452 4453 4463 4462
f 4453 4454 4464 4463
f 4454 4455 4465 4464
f 4455 4456 4466 4465
f 4456 4457 4467 4466
f 4457 4458 4468 4467
f 4458 4459 4469 4468
f 4459 4450 4460 4469
f 4470 4461 4460
f 4470 4462 4461
f 4470 4463 4462
f 4470 4464 4463
f 4470 4465 4464
f 4470 4466 4465
f 4470 4467 4466
f 4470 4468 4467
f 4470 4469 4468
f 4470 4460 4469
f 4471 4472 4473
f 4471 4473 4474
f 4471 4474 4475
f 4471 4475 4476
f 4471 4476 4477
f 4471 4477 4478
f 4471 4478 4479
f 4471 4479 4480
f 4471 4480 4481
f 4471 4481 4472
f 4472 4473 4483 4482
f 4473 4474 4484 4483
f 4474 4475 4485 4484
f 4475 4476 4486 4485
f 4476 4477 4487 4486
f 4477 4478 4488 4487
f 4478 4479 4489 4488
f 4479 4480 4490 4489
f 4480 4481 4491 4490
f 4481 4472 4482 4491
f 4482 4483 4493 4492
f 4483 4484 4494 4493
f 4484 4485 4495 4494
f 4485 4486 4496 4495
f 4486 4487 4497 4496
f 4487 4488 4498 4497
f 4488 4489 4499 4498
f 4489 4490 4500 4499
f 4490 4491 4501 4500
f 4491 4482 4492 4501
f 4492 4493 4503 4502
f 4493 4494 4504 4503
f 4494 4495 4505 4504
f 4495 4496 4506 4505
f 4496 4497 4507 4506
f 4497 4498 4508 4507
f 4498 4499 4509 4508
f 4499 4500 4510 4509
f 4500 4501 4511 4510
f 4501 4492 4502 4511
f 4502 4503 4513 4512
f 4503 4504 4514 4513
f 4504 4505 4515 4514
f 4505 4506 4516 4515
f 4506 4507 4517 4516
f 4507 4508 4518 4517
f 4508 4509 4519 4518
f 4509 4510 4520 4519
f 4510 4511 4521 4520
f 4511 4502 4512 4521
f 4512 4513 4523 4522
f 4513 4514 4524 4523
f 4514 4515 4525 4524
f 4515 4516 4526 4525
f 4516 4517 4527 4526
f 4517 4518 4528 4527
f 4518 4519 4529 4528
f 4519 4520 4530 4529
f 4520 4521 4531 4530
f 4521 4512 4522 4531
f 4522 4523 4533 4532
f 4523 4524 4534 4533
f 4524 4525 4535 4534
f 4525 4526 4536 4535
f 4526 4527 4537 4536
f 4527 4528 4538 4537
f 4528 4529 4539 4538
f 4529 4530 4540 4539
f 4530 4531 4541 4540
f 4531 4522 4532 4541
f 4542 4533 4532
f 4542 4534 4533
f 4542 4535 4534
f 4542 4536 4535
f 4542 4537 4536
f 4542 4538 4537
f 4542 4539 4538
f 4542 4540 4539
f 4542 4541 4540
f 4542 4532 4541
f 4543 4544 4545
f 4543 4545 4546
f 4543 4546 4547
f 4543 4547 4548
f 4543 4548 4549
f 4543 4549 4550
f 4543 4550 4551
f 4543 4551 4552
f 4543 4552 4553
f 4543 4553 4544
f 4544 4545 4555 4554
f 4545 4546 4556 4555
f 4546 4547 4557 4556
f 4547 4548 4558 4557
f 4548 4549 4559 4558
f 4549 4550 4560 4559
f 4550 4551 4561 4560
f 4551 4552 4562 4561
f 4552 4553 4563 4562
f 4553 4544 4554 4563
f 4554 4555 4565 4564
f 4555 4556 4566 4565
f 4556 4557 4567 4566
f 4557 4558 4568 4567
f 4558 4559 4569 4568
f 4559 4560 4570 4569
f 4560 4561 4571 4570
f 4561 4562 4572 4571
f 4562 4563 4573 4572
f 4563 4554 4564 4573
f 4564 4565 4575 4574
f 4565 4566 4576 4575
f 4566 4567 4577 4576
f 4567 4568 4578 4577
f 4568 4569 4579 4578
f 4569 4570 4580 4579
f 4570 4571 4581 4580
f 4571 4572 4582 4581
f 4572 4573 4583 4582
f 4573 4564 4574 4583
f 4574 4575 4585 4584
f 4575 4576 4586 4585
f 4576 4577 4587 4586
f 4577 4578 4588 4587
f 4578 4579 4589 4588
f 4579 4580 4590 4589
f 4580 4581 4591 4590
f 4581 4582 4592 4591
f 4582 4583 4593 4592
f 4583 4574 4584 4593
f 4584 4585 4595 4594
f 4585 4586 4596 4595
f 4586 4587 4597 4596
f 4587 4588 4598 4597
f 4588 4589 4599 4598
f 4589 4590 4600 4599
f 4590 4591 4601 4600
f 4591 4592 4602 4601
f 4592 4593 4603 4602
f 4593 4584 4594 4603
f 4594 4595 4605 4604
f 4595 4596 4606 4605
f 4596 4597 4607 4606
f 4597 4598 4608 4607
f 4598 4599 4609 4608
f 4599 4600 4610 4609
f 4600 4601 4611 4610
f 4601 4602 4612 4611
f 4602 4603 4613 4612
f 4603 4594 4604 4613
f 4614 4605 4604
f 4614 4606 4605
f 4614 4607 4606
f 4614 4608 4607
f 4614 4609 4608
f 4614 4610 4609
f 4614 4611 4610
f 4614 4612 4611
f 4614 4613 4612
f 4614 4604 4613
f 4615 4616 4617
f 4615 4617 4618
f 4615 4618 4619
f 4615 4619 4620
f 4615 4620 4621
f 4615 4621 4622
f 4615 4622 4623
f 4615 4623 4624
f 4615 4624 4625
f 4615 4625 4616
f 4616 4617 4627 4626
f 4617 4618 4628 4627
f 4618 4619 4629 4628
f 4619 4620 4630 4629
f 4620 4621 4631 4630
f 4621 4622 4632 4631
f 4622 4623 4633 4632
f 4623 4624 4634 4633
f 4624 4625 4635 4634
f 4625 4616 4626 4635
f 4626 4627 4637 4636
f 4627 4628 4638 4637
f 4628 4629 4639 4638
f 4629 4630 4640 4639
f 4630 4631 4641 4640
f 4631 4632 4642 4641
f 4632 4633 4643 4642
f 4633 4634 4644 4643
f 4634 4635 4645 4644
f 4635 4626 4636 4645
f 4636 4637 4647 4646
f 4637 4638 4648 4647
f 4638 4639 4649 4648
f 4639 4640 4650 4649
f 4640 4641 4651 4650
f 4641 4642 4652 4651
f 4642 4643 4653 4652
f 4643 4644 4654 4653
f 4644 4645 4655 4654
f 4645 4636 4646 4655
f 4646 4647 4657 4656
f 4647 4648 4658 4657
f 4648 4649 4659 4658
f 4649 4650 4660 4659
f 4650 4651 4661 4660
f 4651 4652 4662 4661
f 4652 4653 4663 4662
f 4653 4654 4664 4663
f 4654 4655 4665 4664
f 4655 4646 4656 4665
f 4656 4657 4667 4666
f 4657 4658 4668 4667
f 4658 4659 4669 4668
f 4659 4660 4670 4669
f 4660 4661 4671 4670
f 4661 4662 4672 4671
f 4662 4663 4673 4672
f 4663 4664 4674 4673
f 4664 4665 4675 4674
f 4665 4656 4666 4675
f 4666 4667 4677 4676
f 4667 4668 4678 4677
f 4668 4669 4679 4678
f 4669 4670 4680 4679
f 4670 4671 4681 4680
f 4671 4672 4682 4681
f 4672 4673 4683 4682
f 4673 4674 4684 4683
f 4674 4675 4685 4684
f 4675 4666 4676 4685
f 4686 4677 4676
f 4686 4678 4677
f 4686 4679 4678
f 4686 4680 4679
f 4686 4681 4680
f 4686 4682 4681
f 4686 4683 4682
f 4686 4684 4683
f 4686 4685 4684
f 4686 4676 4685
