# Blender 5.0.1
# www.blender.org
mtllib tripo_convert_ab71c6ea-44e0-4724-8653-0b83a1617e6a.mtl
o tripo_node_ab71c6ea-44e0-4724-8653-0b83a1617e6a
v 0.375977 0.187500 0.000977
v 0.385742 0.187500 0.000977
v -0.180664 0.167969 0.000977
v 0.311523 0.158203 0.000977
v -0.075195 0.150391 0.000977
v -0.483398 0.156250 0.002930
v -0.075195 0.146484 0.002930
v 0.266602 0.146484 0.002930
v -0.434570 0.042969 0.002930
v -0.137695 0.041016 0.002930
v -0.481445 0.037109 0.002930
v -0.139648 0.185547 0.004883
v -0.079102 0.154297 0.004883
v 0.286133 0.078125 0.004883
v -0.129883 0.072266 0.004883
v -0.485352 0.025391 0.004883
v -0.088867 0.166016 0.006836
v -0.077148 0.148438 0.006836
v -0.127930 0.146484 0.006836
v -0.192383 0.138672 0.006836
v -0.401367 0.121094 0.006836
v -0.360352 0.103516 0.006836
v -0.352539 0.089844 0.006836
v -0.489258 0.070312 0.006836
v -0.120117 0.183594 0.008789
v -0.102539 0.175781 0.008789
v 0.438477 0.169922 0.008789
v 0.268555 0.150391 0.008789
v 0.274414 0.105469 0.008789
v 0.368164 0.101562 0.008789
v -0.436523 0.076172 0.008789
v -0.467773 0.050781 0.008789
v 0.350586 0.187500 0.010742
v 0.411133 0.187500 0.010742
v -0.163086 0.175781 0.010742
v -0.081055 0.152344 0.010742
v 0.264648 0.144531 0.010742
v 0.333008 0.144531 0.010742
v 0.499023 0.142578 0.010742
v 0.288086 0.113281 0.010742
v 0.397461 0.105469 0.010742
v 0.475586 0.097656 0.010742
v -0.239258 0.091797 0.010742
v -0.497070 0.066406 0.010742
v -0.481445 0.027344 0.010742
v -0.393555 0.142578 0.012695
v 0.348633 0.123047 0.012695
v -0.215820 0.109375 0.012695
v 0.264648 0.097656 0.012695
v -0.458008 0.060547 0.012695
v 0.325195 0.177734 0.014648
v 0.436523 0.177734 0.014648
v 0.381836 0.171875 0.014648
v 0.381836 0.169922 0.014648
v 0.278320 0.152344 0.014648
v -0.497070 0.142578 0.014648
v 0.381836 0.136719 0.014648
v 0.407227 0.130859 0.014648
v -0.237305 0.109375 0.014648
v -0.354492 0.095703 0.014648
v -0.450195 0.066406 0.014648
v -0.499023 0.064453 0.014648
v -0.479492 0.031250 0.014648
v 0.381836 0.169922 0.016602
v 0.416992 0.154297 0.016602
v -0.149414 0.093750 0.016602
v -0.416992 0.093750 0.016602
v -0.489258 0.068359 0.016601
v -0.499023 0.064453 0.016601
v -0.143555 0.179688 0.018555
v -0.090820 0.160156 0.018555
v 0.477539 0.160156 0.018555
v -0.104492 0.134766 0.018555
v -0.499023 0.132812 0.018555
v 0.303711 0.113281 0.018555
v 0.454102 0.103516 0.018555
v 0.258789 0.095703 0.018555
v 0.481445 0.091797 0.018555
v -0.458008 0.074219 0.018555
v -0.499023 0.062500 0.018555
v 0.264648 0.142578 0.020508
v -0.366211 0.097656 0.020508
v -0.397461 0.093750 0.020508
v -0.426758 0.085938 0.020508
v 0.290039 0.074219 0.020508
v -0.122070 0.177734 0.022461
v -0.104492 0.169922 0.022461
v -0.418945 0.158203 0.022461
v -0.163086 0.148438 0.022461
v -0.225586 0.148438 0.022461
v 0.364258 0.134766 0.022461
v 0.397461 0.134766 0.022461
v -0.327148 0.089844 0.022461
v -0.497070 0.064453 0.022461
v -0.448242 0.048828 0.022461
v -0.465820 0.044922 0.022461
v -0.124023 0.041016 0.022461
v -0.454102 0.162109 0.024414
v -0.499023 0.128906 0.024414
v 0.262695 0.103516 0.024414
v 0.317383 0.103516 0.024414
v -0.354492 0.097656 0.024414
v 0.389648 0.050781 0.024414
v 0.358398 0.166016 0.026367
v 0.403320 0.164062 0.026367
v -0.477539 0.152344 0.026367
v 0.295898 0.150391 0.026367
v -0.497070 0.140625 0.026367
v -0.086914 0.117188 0.026367
v 0.258789 0.093750 0.026367
v -0.436523 0.074219 0.026367
v -0.458008 0.050781 0.026367
v -0.377930 0.144531 0.028320
v 0.497070 0.144531 0.028320
v -0.374023 0.138672 0.028320
v -0.383789 0.138672 0.028320
v -0.372070 0.134766 0.028320
v -0.370117 0.132812 0.028320
v -0.194336 0.123047 0.028320
v -0.129883 0.072266 0.028320
v -0.487305 0.064453 0.028320
v 0.333008 0.156250 0.030273
v -0.381836 0.146484 0.030273
v -0.387695 0.142578 0.030273
v 0.268555 0.140625 0.030273
v -0.497070 0.130859 0.030273
v -0.391602 0.119141 0.030273
v -0.250977 0.113281 0.030273
v 0.493164 0.082031 0.030274
v -0.450195 0.056641 0.030273
v 0.428711 0.154297 0.032227
v -0.133789 0.144531 0.032227
v -0.374023 0.140625 0.032227
v -0.372070 0.138672 0.032227
v -0.368164 0.134766 0.032227
v -0.375977 0.134766 0.032227
v -0.385742 0.134766 0.032227
v 0.342773 0.123047 0.032227
v 0.418945 0.121094 0.032227
v 0.338867 0.113281 0.032227
v 0.276367 0.111328 0.032227
v -0.077148 0.099609 0.032227
v -0.165039 0.093750 0.032227
v -0.348633 0.091797 0.032227
v 0.454102 0.160156 0.034180
v -0.381836 0.150391 0.034180
v -0.374023 0.142578 0.034180
v -0.370117 0.138672 0.034180
v -0.389648 0.136719 0.034180
v 0.321289 0.134766 0.034180
v -0.075195 0.093750 0.034180
v 0.342773 0.087891 0.034180
v -0.458008 0.054688 0.034180
v -0.375977 0.148438 0.036133
v -0.372070 0.142578 0.036133
v -0.493164 0.136719 0.036133
v -0.381836 0.132812 0.036133
v -0.465820 0.048828 0.036133
v -0.387695 0.154297 0.038086
v -0.381836 0.150391 0.038086
v -0.387695 0.146484 0.038086
v -0.389648 0.140625 0.038086
v -0.374023 0.134766 0.038086
v -0.379883 0.132812 0.038086
v -0.405273 0.093750 0.038086
v -0.075195 0.091797 0.038086
v -0.340820 0.087891 0.038086
v 0.485352 0.087891 0.038086
v -0.458008 0.068359 0.038086
v -0.374023 0.144531 0.040039
v -0.110352 0.130859 0.040039
v -0.389648 0.128906 0.040039
v 0.295898 0.109375 0.040039
v -0.241211 0.101562 0.040039
v -0.079102 0.097656 0.040039
v -0.280273 0.097656 0.040039
v -0.364258 0.093750 0.040039
v 0.260742 0.093750 0.040039
v -0.077148 0.089844 0.040039
v 0.291992 0.066406 0.040039
v -0.409180 0.042969 0.040039
v -0.166992 0.041016 0.040039
v -0.477539 0.039062 0.040039
v -0.383789 0.154297 0.041992
v -0.377930 0.148438 0.041992
v -0.385742 0.146484 0.041992
v 0.489258 0.146484 0.041992
v 0.428711 0.144531 0.041992
v -0.389648 0.140625 0.041992
v -0.409180 0.126953 0.041992
v -0.090820 0.115234 0.041992
v 0.331055 0.099609 0.041992
v -0.077148 0.089844 0.041992
v 0.493164 0.076172 0.041992
v -0.479492 0.035156 0.041992
v -0.204102 0.173828 0.043945
v -0.385742 0.138672 0.043945
v -0.381836 0.134766 0.043945
v -0.168945 0.126953 0.043945
v -0.364258 0.125000 0.043945
v 0.313477 0.099609 0.043945
v 0.422852 0.089844 0.043945
v -0.364258 0.085938 0.043945
v -0.424805 0.078125 0.043945
v -0.153320 0.074219 0.043945
v -0.137695 0.044922 0.043945
v -0.438477 0.044922 0.043945
v -0.243164 0.150391 0.045898
v -0.383789 0.144531 0.045898
v -0.375977 0.138672 0.045898
v 0.282227 0.132812 0.045898
v -0.266602 0.113281 0.045898
v -0.174805 0.093750 0.045898
v -0.079102 0.089844 0.045898
v -0.338867 0.085938 0.045898
v -0.395508 0.083984 0.045898
v 0.309570 0.072266 0.045898
v -0.399414 0.166016 0.047852
v -0.381836 0.152344 0.047852
v -0.475586 0.144531 0.047852
v 0.416992 0.130859 0.047852
v 0.327148 0.101562 0.047852
v -0.385742 0.095703 0.047852
v -0.083008 0.093750 0.047852
v -0.428711 0.070312 0.047852
v -0.452148 0.056641 0.047852
v -0.481445 0.033203 0.047852
v 0.426758 0.150391 0.049805
v -0.415039 0.144531 0.049805
v -0.252930 0.128906 0.049805
v 0.315430 0.111328 0.049805
v -0.377930 0.093750 0.049805
v -0.405273 0.089844 0.049805
v -0.440430 0.058594 0.049805
v 0.284180 0.052734 0.049805
v -0.463867 0.050781 0.049805
v 0.442383 0.162109 0.051758
v 0.305664 0.119141 0.051758
v -0.381836 0.115234 0.051758
v 0.432617 0.107422 0.051758
v 0.270508 0.099609 0.051758
v -0.360352 0.095703 0.051758
v 0.465820 0.085938 0.051758
v -0.475586 0.039062 0.051758
v -0.481445 0.031250 0.051758
v -0.395508 0.167969 0.053711
v 0.459961 0.164062 0.053711
v -0.446289 0.150391 0.053711
v 0.467773 0.146484 0.053711
v -0.432617 0.128906 0.053711
v -0.141602 0.125000 0.053711
v 0.432617 0.111328 0.053711
v 0.483398 0.076172 0.053711
v 0.473633 0.158203 0.055664
v 0.481445 0.150391 0.055664
v -0.096680 0.107422 0.055664
v -0.422852 0.080078 0.055664
v -0.479492 0.029297 0.055664
v -0.411133 0.177734 0.057617
v -0.391602 0.166016 0.057617
v -0.116211 0.121094 0.057617
v -0.262695 0.103516 0.057617
v 0.286133 0.097656 0.057617
v -0.307617 0.095703 0.057617
v 0.333008 0.080078 0.057617
v 0.444336 0.130859 0.059570
v -0.190430 0.093750 0.059570
v 0.303711 0.091797 0.059570
v -0.333008 0.089844 0.059570
v -0.165039 0.074219 0.059570
v -0.407227 0.072266 0.059570
v -0.473633 0.031250 0.059570
v 0.483398 0.148438 0.061524
v 0.416992 0.125000 0.061524
v 0.288086 0.113281 0.061523
v -0.381836 0.097656 0.061523
v -0.356445 0.093750 0.061523
v -0.354492 0.091797 0.061523
v 0.295898 0.056641 0.061523
v -0.434570 0.044922 0.061523
v -0.448242 0.044922 0.061523
v 0.286133 0.044922 0.061523
v -0.143555 0.042969 0.061523
v -0.458008 0.042969 0.061523
v -0.469727 0.035156 0.061523
v -0.407227 0.177734 0.063477
v -0.336914 0.128906 0.063477
v -0.399414 0.126953 0.063477
v 0.444336 0.123047 0.063477
v -0.223633 0.101562 0.063477
v -0.208008 0.093750 0.063477
v 0.477539 0.072266 0.063477
v -0.155273 0.042969 0.063477
v 0.477539 0.154297 0.065430
v 0.264648 0.101562 0.065430
v -0.411133 0.056641 0.065430
v -0.209961 0.044922 0.065430
v -0.411133 0.044922 0.065430
v -0.174805 0.042969 0.065430
v -0.375977 0.039062 0.065430
v -0.157227 0.033203 0.065430
v -0.260742 0.146484 0.067383
v -0.377930 0.144531 0.067383
v 0.481445 0.144531 0.067383
v -0.282227 0.132812 0.067383
v -0.446289 0.125000 0.067383
v -0.340820 0.093750 0.067383
v -0.436523 0.078125 0.067383
v -0.143555 0.052734 0.067383
v -0.131836 0.042969 0.067383
v -0.422852 0.183594 0.069336
v -0.223633 0.175781 0.069336
v -0.403320 0.175781 0.069336
v 0.465820 0.156250 0.069336
v 0.426758 0.142578 0.069336
v -0.372070 0.107422 0.069336
v -0.399414 0.089844 0.069336
v 0.256836 0.087891 0.069336
v -0.153320 0.052734 0.069336
v -0.108398 0.041016 0.069336
v -0.133789 0.033203 0.069336
v 0.467773 0.126953 0.071289
v 0.366211 0.068359 0.071289
v 0.485352 0.056641 0.071289
v -0.165039 0.042969 0.071289
v 0.293945 0.042969 0.071289
v -0.418945 0.185547 0.073242
v -0.178711 0.181641 0.073242
v 0.444336 0.156250 0.073242
v 0.477539 0.146484 0.073242
v 0.327148 0.103516 0.073242
v 0.344727 0.103516 0.073242
v -0.219727 0.093750 0.073242
v -0.327148 0.093750 0.073242
v -0.374023 0.091797 0.073242
v -0.440430 0.076172 0.073242
v -0.397461 0.074219 0.073242
v -0.108398 0.058594 0.073242
v -0.084961 0.041016 0.073242
v -0.420898 0.128906 0.075195
v 0.415039 0.111328 0.075195
v 0.491211 0.083984 0.075195
v -0.416992 0.082031 0.075195
v -0.180664 0.074219 0.075195
v -0.374023 0.074219 0.075195
v -0.416992 0.058594 0.075195
v -0.131836 0.052734 0.075195
v -0.161133 0.052734 0.075195
v -0.129883 0.041016 0.075195
v 0.491211 0.037109 0.075195
v -0.434570 0.185547 0.077148
v -0.239258 0.148438 0.077148
v 0.485352 0.113281 0.077149
v 0.491211 0.095703 0.077149
v -0.284180 0.093750 0.077148
v -0.305664 0.093750 0.077148
v 0.254883 0.072266 0.077148
v 0.415039 0.072266 0.077148
v -0.086914 0.058594 0.077148
v -0.124023 0.042969 0.077148
v -0.108398 0.031250 0.077148
v 0.491211 0.031250 0.077149
v -0.415039 0.183594 0.079102
v -0.454102 0.119141 0.079102
v -0.239258 0.093750 0.079102
v -0.254883 0.093750 0.079102
v -0.291992 0.093750 0.079102
v -0.442383 0.076172 0.079102
v -0.202148 0.074219 0.079102
v -0.127930 0.058594 0.079102
v -0.192383 0.044922 0.079102
v 0.311523 0.044922 0.079102
v -0.397461 0.039062 0.079102
v 0.432617 0.111328 0.081055
v 0.358398 0.105469 0.081055
v 0.393555 0.105469 0.081055
v -0.360352 0.097656 0.081055
v -0.432617 0.080078 0.081055
v 0.469727 0.072266 0.081055
v 0.333008 0.056641 0.081055
v -0.090820 0.031250 0.081055
v 0.489258 0.027344 0.081055
v -0.430664 0.185547 0.083008
v 0.465820 0.146484 0.083008
v -0.438477 0.125000 0.083008
v -0.389648 0.115234 0.083008
v -0.454102 0.115234 0.083008
v -0.245117 0.101562 0.083008
v -0.272461 0.093750 0.083008
v 0.352539 0.080078 0.083008
v -0.137695 0.078125 0.083008
v -0.354492 0.078125 0.083008
v 0.491211 0.078125 0.083008
v -0.139648 0.072266 0.083008
v -0.139648 0.060547 0.083008
v -0.147461 0.060547 0.083008
v 0.471680 0.054688 0.083008
v -0.166992 0.052734 0.083008
v -0.249023 0.052734 0.083008
v -0.336914 0.050781 0.083008
v -0.170898 0.042969 0.083008
v -0.170898 0.033203 0.083008
v -0.313477 0.121094 0.084961
v -0.315430 0.085938 0.084961
v -0.389648 0.085938 0.084961
v -0.346680 0.082031 0.084961
v 0.415039 0.082031 0.084961
v 0.440430 0.080078 0.084961
v -0.129883 0.076172 0.084961
v -0.442383 0.076172 0.084961
v -0.147461 0.072266 0.084961
v -0.131836 0.070312 0.084961
v -0.125977 0.031250 0.084961
v -0.426758 0.185547 0.086914
v -0.442383 0.183594 0.086914
v -0.350586 0.150391 0.086914
v 0.432617 0.130859 0.086914
v 0.334961 0.123047 0.086914
v -0.450195 0.119141 0.086914
v -0.454102 0.113281 0.086914
v 0.299805 0.105469 0.086914
v -0.208008 0.093750 0.086914
v -0.137695 0.082031 0.086914
v -0.145508 0.080078 0.086914
v -0.362305 0.072266 0.086914
v 0.481445 0.056641 0.086914
v -0.424805 0.052734 0.086914
v 0.319336 0.039062 0.086914
v 0.485352 0.037109 0.086914
v 0.487305 0.025391 0.086914
v 0.450195 0.140625 0.088867
v -0.307617 0.123047 0.088867
v -0.143555 0.082031 0.088867
v -0.129883 0.078125 0.088867
v -0.438477 0.074219 0.088867
v 0.485352 0.074219 0.088867
v -0.151367 0.072266 0.088867
v -0.127930 0.066406 0.088867
v -0.151367 0.060547 0.088867
v 0.256836 0.060547 0.088867
v -0.297852 0.052734 0.088867
v 0.471680 0.044922 0.088867
v -0.073242 0.041016 0.088867
v -0.440430 0.185547 0.090820
v -0.444336 0.183594 0.090820
v -0.450195 0.113281 0.090820
v 0.370117 0.099609 0.090820
v 0.489258 0.087891 0.090820
v -0.151367 0.078125 0.090820
v -0.344727 0.078125 0.090820
v -0.346680 0.076172 0.090820
v -0.407227 0.076172 0.090820
v -0.209961 0.074219 0.090820
v -0.434570 0.074219 0.090820
v -0.108398 0.072266 0.090820
v -0.125977 0.072266 0.090820
v -0.364258 0.072266 0.090820
v -0.075195 0.058594 0.090820
v -0.135742 0.058594 0.090820
v 0.475586 0.056641 0.090820
v -0.129883 0.052734 0.090820
v -0.217773 0.046875 0.090820
v -0.372070 0.044922 0.090820
v -0.124023 0.042969 0.090820
v -0.125977 0.033203 0.090820
v 0.483398 0.027344 0.090820
v -0.436523 0.183594 0.092773
v -0.444336 0.181641 0.092773
v 0.416992 0.123047 0.092774
v -0.446289 0.115234 0.092773
v 0.274414 0.089844 0.092773
v 0.356445 0.080078 0.092773
v -0.127930 0.076172 0.092773
v -0.426758 0.076172 0.092773
v 0.467773 0.068359 0.092774
v 0.458008 0.066406 0.092774
v -0.442383 0.183594 0.094727
v -0.243164 0.169922 0.094727
v -0.391602 0.162109 0.094727
v -0.411133 0.117188 0.094727
v 0.479492 0.099609 0.094727
v -0.338867 0.093750 0.094727
v -0.149414 0.082031 0.094727
v -0.110352 0.080078 0.094727
v 0.393555 0.080078 0.094727
v 0.424805 0.074219 0.094727
v -0.092773 0.072266 0.094727
v -0.118164 0.070312 0.094727
v -0.153320 0.070312 0.094727
v -0.395508 0.068359 0.094727
v 0.452148 0.068359 0.094727
v -0.149414 0.060547 0.094727
v 0.479492 0.050781 0.094727
v 0.477539 0.037109 0.094727
v -0.077148 0.031250 0.094727
v 0.479492 0.029297 0.094727
v -0.266602 0.152344 0.096680
v 0.348633 0.125000 0.096680
v -0.432617 0.117188 0.096680
v 0.458008 0.113281 0.096680
v -0.110352 0.089844 0.096680
v -0.096680 0.082031 0.096680
v -0.250977 0.076172 0.096680
v -0.334961 0.076172 0.096680
v -0.108398 0.074219 0.096680
v 0.458008 0.070312 0.096680
v -0.127930 0.064453 0.096680
v 0.477539 0.060547 0.096680
v -0.143555 0.058594 0.096680
v -0.165039 0.052734 0.096680
v 0.477539 0.052734 0.096680
v 0.475586 0.037109 0.096680
v -0.198242 0.179688 0.098633
v 0.397461 0.125000 0.098633
v -0.102539 0.091797 0.098633
v 0.336914 0.089844 0.098633
v -0.137695 0.078125 0.098633
v 0.481445 0.078125 0.098633
v -0.153320 0.076172 0.098633
v -0.237305 0.076172 0.098633
v -0.096680 0.074219 0.098633
v -0.342773 0.072266 0.098633
v -0.125977 0.068359 0.098633
v -0.370117 0.062500 0.098633
v 0.377930 0.060547 0.098633
v -0.133789 0.052734 0.098633
v -0.354492 0.052734 0.098633
v -0.235352 0.050781 0.098633
v 0.481445 0.042969 0.098633
v -0.057617 0.041016 0.098633
v 0.479492 0.037109 0.098633
v -0.362305 0.035156 0.098633
v 0.321289 0.031250 0.098633
v -0.161133 0.173828 0.100586
v -0.383789 0.099609 0.100586
v -0.264648 0.093750 0.100586
v 0.424805 0.091797 0.100586
v 0.459961 0.082031 0.100586
v -0.116211 0.078125 0.100586
v -0.151367 0.078125 0.100586
v -0.295898 0.076172 0.100586
v -0.114258 0.074219 0.100586
v -0.127930 0.072266 0.100586
v -0.151367 0.068359 0.100586
v 0.471680 0.062500 0.100586
v -0.059570 0.058594 0.100586
v 0.264648 0.056641 0.100586
v -0.374023 0.046875 0.100586
v -0.168945 0.042969 0.100586
v 0.473633 0.037109 0.100586
v -0.372070 0.035156 0.100586
v -0.112305 0.099609 0.102539
v -0.118164 0.087891 0.102539
v -0.196289 0.078125 0.102539
v -0.307617 0.076172 0.102539
v -0.133789 0.062500 0.102539
v -0.129883 0.042969 0.102539
v 0.323242 0.134766 0.104492
v -0.108398 0.099609 0.104492
v -0.227539 0.093750 0.104492
v -0.149414 0.076172 0.104492
v -0.272461 0.076172 0.104492
v -0.151367 0.072266 0.104492
v -0.360352 0.068359 0.104492
v -0.407227 0.058594 0.104492
v -0.258789 0.056641 0.104492
v -0.327148 0.056641 0.104492
v 0.461914 0.056641 0.104492
v 0.479492 0.054688 0.104492
v -0.143555 0.052734 0.104492
v -0.155273 0.052734 0.104492
v -0.434570 0.042969 0.104492
v -0.354492 0.035156 0.104492
v -0.163086 0.033203 0.104492
v -0.063477 0.031250 0.104492
v -0.110352 0.101562 0.106445
v -0.112305 0.101562 0.106445
v -0.114258 0.099609 0.106445
v -0.116211 0.097656 0.106445
v 0.463867 0.087891 0.106445
v -0.090820 0.082031 0.106445
v 0.444336 0.072266 0.106445
v -0.131836 0.070312 0.106445
v -0.131836 0.066406 0.106445
v -0.147461 0.064453 0.106445
v -0.385742 0.064453 0.106445
v -0.139648 0.062500 0.106445
v -0.366211 0.025391 0.106445
v 0.325195 0.019531 0.106445
v 0.360352 0.119141 0.108398
v -0.108398 0.101562 0.108398
v -0.106445 0.099609 0.108398
v -0.096680 0.091797 0.108398
v 0.450195 0.074219 0.108399
v -0.145508 0.072266 0.108398
v 0.399414 0.072266 0.108399
v -0.137695 0.070312 0.108398
v -0.147461 0.068359 0.108398
v 0.428711 0.066406 0.108399
v -0.286133 0.056641 0.108398
v -0.311523 0.056641 0.108398
v 0.426758 0.048828 0.108399
v 0.473633 0.044922 0.108399
v 0.448242 0.041016 0.108399
v -0.436523 0.039062 0.108398
v 0.467773 0.039062 0.108399
v -0.141602 0.033203 0.108398
v -0.375977 0.033203 0.108398
v -0.223633 0.158203 0.110352
v -0.327148 0.144531 0.110352
v 0.379883 0.115234 0.110352
v -0.112305 0.101562 0.110352
v -0.116211 0.099609 0.110352
v -0.118164 0.095703 0.110352
v 0.459961 0.089844 0.110352
v 0.311523 0.087891 0.110352
v -0.120117 0.085938 0.110352
v -0.329102 0.085938 0.110352
v 0.467773 0.085938 0.110352
v 0.469727 0.082031 0.110352
v -0.118164 0.076172 0.110352
v -0.092773 0.074219 0.110352
v -0.116211 0.072266 0.110352
v -0.122070 0.070312 0.110352
v -0.139648 0.066406 0.110352
v -0.348633 0.062500 0.110352
v 0.278320 0.060547 0.110352
v -0.139648 0.058594 0.110352
v -0.272461 0.056641 0.110352
v 0.467773 0.052734 0.110352
v -0.141602 0.042969 0.110352
v -0.157227 0.042969 0.110352
v -0.143555 0.041016 0.110352
v 0.354492 0.041016 0.110352
v -0.135742 0.031250 0.110352
v 0.424805 0.128906 0.112305
v -0.110352 0.101562 0.112305
v -0.106445 0.099609 0.112305
v -0.112305 0.099609 0.112305
v -0.114258 0.099609 0.112305
v 0.446289 0.091797 0.112305
v 0.350586 0.089844 0.112305
v -0.086914 0.070312 0.112305
v 0.465820 0.060547 0.112305
v -0.395508 0.056641 0.112305
v -0.374023 0.042969 0.112305
v 0.469727 0.041016 0.112305
v 0.442383 0.037109 0.112305
v -0.352539 0.035156 0.112305
v -0.358398 0.025391 0.112305
v -0.368164 0.166016 0.114258
v 0.334961 0.134766 0.114258
v -0.407227 0.097656 0.114258
v -0.114258 0.095703 0.114258
v 0.374023 0.093750 0.114258
v 0.448242 0.089844 0.114258
v 0.467773 0.076172 0.114258
v -0.350586 0.046875 0.114258
v 0.471680 0.044922 0.114258
v 0.389648 0.042969 0.114258
v 0.436523 0.035156 0.114258
v -0.372070 0.023438 0.114258
v 0.329102 0.007812 0.114258
v -0.178711 0.173828 0.116211
v -0.110352 0.097656 0.116211
v -0.098633 0.089844 0.116211
v 0.395508 0.089844 0.116211
v 0.465820 0.085938 0.116211
v 0.290039 0.072266 0.116211
v 0.377930 0.064453 0.116211
v -0.053711 0.058594 0.116211
v -0.424805 0.044922 0.116211
v 0.467773 0.044922 0.116211
v -0.049805 0.041016 0.116211
v -0.436524 0.037109 0.116211
v -0.059570 0.031250 0.116211
v -0.375977 0.029297 0.116211
v -0.219727 0.173828 0.118164
v -0.153320 0.162109 0.118164
v -0.291992 0.142578 0.118164
v -0.116211 0.085938 0.118164
v 0.438477 0.083984 0.118164
v -0.094727 0.080078 0.118164
v -0.213867 0.078125 0.118164
v -0.114258 0.076172 0.118164
v -0.112305 0.072266 0.118164
v 0.461914 0.066406 0.118164
v -0.194336 0.056641 0.118164
v -0.368164 0.044922 0.118164
v 0.403320 0.130859 0.120117
v -0.108398 0.087891 0.120117
v -0.104492 0.072266 0.120117
v -0.362305 0.042969 0.120117
v -0.356445 0.033203 0.120117
v -0.364258 0.023438 0.120117
v -0.291992 0.083984 0.122070
v 0.456055 0.083984 0.122070
v -0.104492 0.078125 0.122070
v -0.079102 0.074219 0.122070
v 0.461914 0.074219 0.122070
v -0.073242 0.072266 0.122070
v 0.454102 0.072266 0.122070
v -0.116211 0.070312 0.122070
v 0.461914 0.066406 0.122070
v 0.452148 0.062500 0.122070
v -0.430664 0.035156 0.122070
v 0.413086 0.027344 0.122070
v 0.375977 0.017578 0.122070
v 0.338867 0.001953 0.122070
v 0.311523 0.136719 0.124023
v 0.346680 0.130859 0.124023
v -0.370117 0.099609 0.124023
v -0.250977 0.083984 0.124023
v 0.432617 0.076172 0.124024
v -0.102539 0.070312 0.124023
v 0.459961 0.068359 0.124024
v 0.458008 0.064453 0.124024
v -0.079102 0.062500 0.124023
v -0.180664 0.060547 0.124023
v -0.194336 0.048828 0.124023
v -0.411133 0.042969 0.124023
v 0.465820 0.041016 0.124024
v -0.131836 0.031250 0.124023
v -0.364258 0.029297 0.124023
v -0.372070 0.027344 0.124023
v -0.405274 0.171875 0.125977
v -0.153320 0.154297 0.125977
v 0.383789 0.119141 0.125977
v -0.313477 0.083984 0.125977
v 0.450195 0.078125 0.125977
v -0.073242 0.076172 0.125977
v -0.079102 0.076172 0.125977
v -0.067383 0.070312 0.125977
v -0.071289 0.060547 0.125977
v -0.188477 0.060547 0.125977
v -0.135742 0.058594 0.125977
v 0.436523 0.056641 0.125977
v -0.188477 0.052734 0.125977
v -0.418945 0.039062 0.125977
v -0.424805 0.035156 0.125977
v 0.463867 0.033203 0.125977
v -0.063477 0.031250 0.125977
v -0.249023 0.160156 0.127930
v -0.067383 0.072266 0.127930
v -0.180664 0.064453 0.127930
v -0.186523 0.064453 0.127930
v -0.172852 0.056641 0.127930
v -0.182617 0.054688 0.127930
v -0.204102 0.054688 0.127930
v -0.200195 0.050781 0.127930
v -0.198242 0.046875 0.127930
v -0.139648 0.041016 0.127930
v 0.459961 0.029297 0.127930
v 0.362305 0.003906 0.127930
v 0.348633 0.000000 0.127930
v -0.161133 0.162109 0.129883
v -0.157227 0.150391 0.129883
v 0.430664 0.130859 0.129883
v -0.088867 0.072266 0.129883
v -0.063477 0.066406 0.129883
v -0.174805 0.062500 0.129883
v -0.190430 0.060547 0.129883
v -0.061523 0.058594 0.129883
v -0.188477 0.058594 0.129883
v -0.188477 0.054688 0.129883
v -0.176758 0.052734 0.129883
v -0.174805 0.050781 0.129883
v -0.200195 0.044922 0.129883
v 0.459961 0.039062 0.129883
v -0.094727 0.031250 0.129883
v 0.456055 0.031250 0.129883
v 0.397461 0.013672 0.129883
v 0.387695 0.011719 0.129883
v 0.321289 0.138672 0.131836
v -0.420899 0.091797 0.131836
v -0.274414 0.085938 0.131836
v -0.084961 0.076172 0.131836
v -0.188477 0.064453 0.131836
v -0.083008 0.060547 0.131836
v -0.172852 0.056641 0.131836
v -0.174805 0.056641 0.131836
v -0.198242 0.056641 0.131836
v -0.202148 0.046875 0.131836
v -0.057617 0.041016 0.131836
v -0.188477 0.041016 0.131836
v 0.450195 0.039062 0.131836
v -0.192383 0.166016 0.133789
v -0.346680 0.160156 0.133789
v -0.161133 0.152344 0.133789
v -0.346680 0.082031 0.133789
v -0.233398 0.072266 0.133789
v 0.409180 0.072266 0.133789
v -0.065430 0.070312 0.133789
v -0.094727 0.058594 0.133789
v -0.071289 0.056641 0.133789
v -0.206055 0.046875 0.133789
v -0.077148 0.031250 0.133789
v -0.124023 0.031250 0.133789
v -0.170898 0.158203 0.135742
v 0.350586 0.093750 0.135742
v -0.075195 0.074219 0.135742
v -0.088867 0.070312 0.135742
v -0.063477 0.064453 0.135742
v -0.180664 0.064453 0.135742
v -0.186523 0.058594 0.135742
v -0.077148 0.056641 0.135742
v -0.188477 0.054688 0.135742
v -0.178711 0.052734 0.135742
v -0.213867 0.052734 0.135742
v -0.209961 0.050781 0.135742
v -0.110352 0.031250 0.135742
v 0.303711 0.132812 0.137695
v 0.409180 0.130859 0.137695
v 0.372070 0.097656 0.137695
v -0.086914 0.074219 0.137695
v -0.188477 0.064453 0.137695
v -0.190430 0.060547 0.137695
v 0.385742 0.060547 0.137695
v -0.077148 0.058594 0.137695
v -0.098633 0.050781 0.137695
v -0.106445 0.050781 0.137695
v -0.166992 0.048828 0.137695
v -0.094727 0.041016 0.137695
v 0.331055 0.134766 0.139648
v -0.395508 0.099609 0.139648
v 0.393555 0.093750 0.139649
v -0.329102 0.083984 0.139648
v -0.174805 0.060547 0.139648
v -0.110352 0.058594 0.139648
v -0.125977 0.058594 0.139648
v -0.174805 0.056641 0.139648
v -0.206055 0.056641 0.139648
v -0.182617 0.052734 0.139648
v -0.102539 0.042969 0.139648
v -0.176758 0.039062 0.139648
v -0.202148 0.039062 0.139648
v -0.385742 0.175781 0.141602
v -0.083008 0.070312 0.141602
v -0.069336 0.068359 0.141602
v -0.084961 0.066406 0.141602
v 0.434570 0.064453 0.141602
v -0.067383 0.062500 0.141602
v -0.184570 0.062500 0.141602
v -0.100586 0.056641 0.141602
v -0.106445 0.056641 0.141602
v -0.168945 0.054688 0.141602
v -0.094727 0.048828 0.141602
v -0.112305 0.048828 0.141602
v -0.077148 0.041016 0.141602
v -0.127930 0.041016 0.141602
v -0.209961 0.160156 0.143555
v 0.311523 0.132812 0.143555
v -0.233398 0.082031 0.143555
v -0.075195 0.068359 0.143555
v -0.073242 0.062500 0.143555
v -0.180664 0.062500 0.143555
v -0.180664 0.058594 0.143555
v -0.186523 0.058594 0.143555
v -0.198242 0.058594 0.143555
v -0.094727 0.056641 0.143555
v -0.176758 0.056641 0.143555
v -0.096680 0.041016 0.143555
v -0.106445 0.041016 0.143555
v -0.108398 0.041016 0.143555
v 0.430664 0.128906 0.145508
v 0.391602 0.119141 0.145508
v -0.426758 0.082031 0.145508
v -0.079102 0.064453 0.145508
v -0.092773 0.046875 0.145508
v -0.272461 0.152344 0.147461
v -0.286133 0.083984 0.147461
v -0.301758 0.082031 0.147461
v -0.360352 0.080078 0.147461
v -0.092773 0.054688 0.147461
v -0.112305 0.054688 0.147461
v -0.213867 0.046875 0.147461
v -0.100586 0.041016 0.147461
v 0.319336 0.130859 0.149414
v 0.299805 0.125000 0.149414
v -0.415039 0.091797 0.149414
v 0.418945 0.056641 0.149414
v -0.209961 0.052734 0.149414
v 0.434570 0.048828 0.149414
v -0.112305 0.044922 0.149414
v -0.165039 0.044922 0.149414
v 0.432617 0.039062 0.149414
v 0.416992 0.128906 0.151367
v -0.317383 0.083984 0.151367
v -0.424805 0.078125 0.151367
v -0.098633 0.058594 0.151367
v -0.166992 0.050781 0.151367
v -0.094727 0.044922 0.151367
v -0.202148 0.035156 0.151367
v 0.303711 0.125000 0.153320
v 0.297852 0.121094 0.153320
v -0.106445 0.054688 0.153320
v -0.094727 0.052734 0.153320
v -0.110352 0.052734 0.153320
v 0.399414 0.052734 0.153320
v -0.176758 0.035156 0.153320
v 0.418945 0.035156 0.153320
v -0.368164 0.171875 0.155273
v 0.428711 0.125000 0.155274
v 0.307617 0.123047 0.155273
v 0.299805 0.119141 0.155273
v -0.420899 0.078125 0.155273
v 0.422852 0.044922 0.155274
v -0.098633 0.042969 0.155273
v -0.106445 0.042969 0.155273
v 0.426758 0.037109 0.155274
v 0.303711 0.121094 0.157227
v 0.403320 0.121094 0.157227
v -0.098633 0.050781 0.157227
v -0.104492 0.050781 0.157227
v 0.411133 0.041016 0.157227
v -0.334961 0.183594 0.159180
v -0.342773 0.181641 0.159180
v -0.290039 0.177734 0.159180
v -0.297852 0.175781 0.159180
v -0.229492 0.160156 0.159180
v 0.352539 0.091797 0.159180
v -0.381836 0.083984 0.159180
v -0.403320 0.083984 0.159180
v -0.178711 0.052734 0.159180
v -0.200195 0.052734 0.159180
v -0.208008 0.050781 0.159180
v -0.209961 0.044922 0.159180
v -0.190430 0.033203 0.159180
v -0.327148 0.181641 0.161133
v -0.415039 0.177734 0.161133
v -0.350586 0.175781 0.161133
v -0.305664 0.173828 0.161133
v 0.426758 0.121094 0.161133
v 0.370117 0.095703 0.161133
v 0.387695 0.091797 0.161133
v -0.256836 0.089844 0.161133
v -0.170898 0.048828 0.161133
v -0.168945 0.041016 0.161133
v -0.280273 0.177734 0.163086
v -0.319336 0.177734 0.163086
v -0.352539 0.167969 0.163086
v 0.413086 0.121094 0.163086
v -0.223633 0.080078 0.163086
v -0.370117 0.068359 0.163086
v -0.149414 0.039062 0.163086
v -0.313477 0.169922 0.165039
v 0.418945 0.119141 0.165039
v 0.424805 0.119141 0.165039
v -0.344727 0.082031 0.165039
v -0.190430 0.050781 0.165039
v -0.200195 0.048828 0.166992
v -0.202148 0.041016 0.166992
v -0.141602 0.039062 0.166992
v -0.157227 0.039062 0.166992
v -0.147461 0.031250 0.166992
v -0.405274 0.179688 0.168945
v -0.272461 0.171875 0.168945
v -0.352539 0.160156 0.168945
v -0.311523 0.136719 0.168945
v -0.317383 0.136719 0.168945
v -0.323242 0.134766 0.168945
v -0.149414 0.046875 0.168945
v -0.178711 0.046875 0.168945
v -0.178711 0.039062 0.168945
v -0.143555 0.046875 0.170898
v -0.190430 0.046875 0.170898
v -0.190430 0.039062 0.170898
v -0.137695 0.035156 0.170898
v -0.153320 0.029297 0.170898
v -0.415039 0.177734 0.172852
v -0.301758 0.164062 0.172852
v -0.331055 0.164062 0.172852
v -0.249023 0.154297 0.172852
v -0.315430 0.148438 0.172852
v -0.317383 0.142578 0.172852
v -0.325195 0.130859 0.172852
v -0.157227 0.046875 0.172852
v -0.270508 0.162109 0.174805
v -0.348633 0.152344 0.174805
v -0.311523 0.140625 0.174805
v -0.323242 0.138672 0.174805
v -0.309570 0.128906 0.174805
v -0.278320 0.083984 0.174805
v -0.145508 0.027344 0.174805
v -0.153320 0.027344 0.174805
v -0.395508 0.177734 0.176758
v -0.413086 0.177734 0.176758
v -0.362305 0.150391 0.176758
v -0.309570 0.146484 0.176758
v -0.321289 0.146484 0.176758
v -0.321289 0.125000 0.176758
v -0.368164 0.056641 0.176758
v -0.139648 0.044922 0.176758
v -0.288086 0.160156 0.178711
v -0.200195 0.152344 0.178711
v -0.317383 0.146484 0.178711
v -0.305664 0.142578 0.178711
v -0.329102 0.142578 0.178711
v -0.309570 0.134766 0.178711
v -0.325195 0.134766 0.178711
v -0.313477 0.125000 0.178711
v -0.323242 0.080078 0.178711
v -0.137695 0.033203 0.178711
v -0.159180 0.033203 0.178711
v -0.405274 0.177734 0.180664
v -0.409180 0.177734 0.180664
v -0.413086 0.177734 0.180664
v -0.311523 0.144531 0.180664
v -0.323242 0.144531 0.180664
v -0.325195 0.130859 0.180664
v 0.358398 0.083984 0.180664
v 0.368164 0.083984 0.180664
v 0.379883 0.083984 0.180664
v -0.243164 0.082031 0.180664
v -0.299805 0.080078 0.180664
v -0.223633 0.070312 0.180664
v -0.356445 0.068359 0.180664
v -0.276367 0.154297 0.182617
v -0.374023 0.146484 0.182617
v -0.301758 0.138672 0.182617
v -0.309570 0.130859 0.182617
v -0.143555 0.046875 0.182617
v -0.364258 0.046875 0.182617
v -0.139648 0.041016 0.182617
v -0.157227 0.041016 0.182617
v -0.309570 0.138672 0.184570
v -0.325195 0.138672 0.184570
v -0.329102 0.136719 0.184570
v -0.313477 0.128906 0.184570
v -0.319336 0.128906 0.184570
v 0.362305 0.080078 0.184570
v -0.151367 0.044922 0.184570
v -0.147461 0.029297 0.184570
v -0.286133 0.146484 0.186523
v -0.313477 0.146484 0.186523
v -0.317383 0.146484 0.186523
v -0.321289 0.146484 0.186523
v -0.362305 0.136719 0.186523
v -0.325195 0.134766 0.186523
v 0.375977 0.080078 0.186523
v -0.360352 0.056641 0.186523
v -0.209961 0.152344 0.188477
v -0.313477 0.142578 0.188477
v -0.323242 0.142578 0.188477
v -0.311523 0.134766 0.188477
v -0.327148 0.130859 0.188477
v 0.366211 0.078125 0.188477
v 0.368164 0.078125 0.188477
v 0.372070 0.078125 0.188477
v -0.360352 0.044922 0.188477
v -0.147461 0.039062 0.188477
v -0.198242 0.148438 0.190430
v -0.317383 0.144531 0.190430
v -0.323242 0.138672 0.190430
v -0.379883 0.136719 0.190430
v -0.307617 0.134766 0.190430
v -0.313477 0.132812 0.190430
v -0.319336 0.132812 0.190430
v -0.334961 0.068359 0.190430
v -0.227539 0.060547 0.190430
v -0.356445 0.046875 0.190430
v -0.348633 0.140625 0.192383
v -0.315430 0.138672 0.192383
v -0.319336 0.138672 0.192383
v -0.321289 0.130859 0.192383
v -0.313477 0.126953 0.192383
v -0.264648 0.078125 0.192383
v -0.233398 0.072266 0.192383
v -0.348633 0.056641 0.192383
v -0.219727 0.148438 0.194336
v -0.200195 0.146484 0.194336
v -0.274414 0.140625 0.194336
v -0.366211 0.140625 0.194336
v -0.280273 0.068359 0.196289
v -0.229492 0.058594 0.196289
v -0.202148 0.146484 0.198242
v -0.204102 0.146484 0.198242
v -0.209961 0.146484 0.198242
v -0.374023 0.128906 0.198242
v -0.247070 0.070312 0.198242
v -0.235352 0.060547 0.198242
v -0.317383 0.068359 0.200195
v -0.268555 0.134766 0.202148
v -0.364258 0.123047 0.202148
v -0.299805 0.072266 0.202148
v -0.346680 0.123047 0.204102
v -0.354492 0.121094 0.204102
v -0.293945 0.132812 0.206055
v -0.288086 0.056641 0.209961
v -0.266602 0.126953 0.211914
v -0.327148 0.125000 0.211914
v -0.346680 0.119141 0.211914
v -0.307617 0.117188 0.211914
v -0.331055 0.111328 0.211914
v -0.307617 0.056641 0.211914
v -0.297852 0.056641 0.215820
v -0.291992 0.044922 0.215820
v -0.301758 0.044922 0.215820
v -0.276367 0.126953 0.217773
v -0.299805 0.113281 0.217773
v -0.297852 0.042969 0.217773
v -0.270508 0.119141 0.219727
v -0.346680 0.115234 0.219727
v -0.313477 0.111328 0.219727
v -0.280273 0.113281 0.221680
v -0.290039 0.111328 0.221680
v -0.342773 0.111328 0.225586
v -0.321289 0.107422 0.225586
v -0.329102 0.107422 0.229492
v -0.336914 0.107422 0.229492
v -0.159180 0.181641 -0.000977
v 0.290039 0.158203 -0.000977
v -0.077148 0.156250 -0.000977
v 0.272461 0.150391 -0.000977
v -0.436523 0.126953 -0.000977
v -0.364258 0.111328 -0.000977
v -0.362305 0.109375 -0.000977
v 0.477539 0.103516 -0.000976
v -0.420898 0.093750 -0.000977
v -0.458008 0.076172 -0.000977
v -0.485352 0.027344 -0.000977
v -0.166992 0.197266 -0.002930
v -0.086914 0.167969 -0.002930
v 0.278320 0.154297 -0.002930
v 0.497070 0.146484 -0.002930
v -0.147461 0.093750 -0.002930
v -0.112305 0.046875 -0.002930
v -0.463867 0.046875 -0.002930
v -0.131836 0.208984 -0.004883
v -0.100586 0.179688 -0.004883
v -0.456055 0.167969 -0.004883
v -0.155273 0.150391 -0.004883
v 0.317383 0.105469 -0.004883
v -0.432617 0.082031 -0.004883
v -0.456055 0.062500 -0.004883
v -0.483398 0.029297 -0.004883
v -0.118164 0.187500 -0.006836
v 0.325195 0.183594 -0.006836
v 0.436523 0.183594 -0.006836
v 0.459961 0.169922 -0.006836
v -0.213867 0.117188 -0.006836
v -0.397461 0.095703 -0.006836
v 0.293945 0.085938 -0.006836
v -0.463867 0.054688 -0.006836
v -0.315430 0.279297 -0.008789
v -0.178711 0.171875 -0.008789
v -0.368164 0.097656 -0.008789
v -0.481445 0.033203 -0.008789
v 0.252930 0.667969 -0.010742
v -0.215820 0.679688 -0.010742
v 0.352539 0.738281 -0.010742
v -0.137695 0.189453 -0.010742
v -0.194336 0.166016 -0.010742
v -0.422852 0.166016 -0.010742
v -0.194336 0.162109 -0.010742
v -0.198242 0.162109 -0.010742
v -0.340820 0.091797 -0.010742
v -0.454102 0.070312 -0.010742
v -0.477539 0.039062 -0.010742
v 0.360352 0.626953 -0.012695
v -0.219727 0.664062 -0.012695
v 0.247070 0.666016 -0.012695
v -0.209961 0.679688 -0.012695
v 0.250977 0.683594 -0.012695
v -0.221680 0.710938 -0.012695
v -0.225586 0.726562 -0.012695
v 0.342773 0.191406 -0.012695
v 0.416992 0.191406 -0.012695
v -0.188477 0.169922 -0.012695
v -0.198242 0.167969 -0.012695
v -0.194336 0.156250 -0.012695
v 0.487305 0.152344 -0.012695
v 0.444336 0.119141 -0.012695
v -0.426758 0.093750 -0.012695
v -0.313477 0.630859 -0.014648
v -0.215820 0.662109 -0.014648
v 0.245117 0.683594 -0.014648
v 0.352539 0.751953 -0.014648
v -0.317383 0.275391 -0.014648
v -0.157227 0.185547 -0.014648
v -0.196289 0.169922 -0.014648
v -0.192383 0.167969 -0.014648
v -0.202148 0.167969 -0.014648
v -0.190430 0.164062 -0.014648
v -0.202148 0.164062 -0.014648
v 0.473633 0.160156 -0.014648
v -0.194336 0.158203 -0.014648
v -0.198242 0.158203 -0.014648
v -0.467773 0.121094 -0.014649
v -0.364258 0.111328 -0.014648
v -0.364258 0.109375 -0.014648
v 0.479492 0.101562 -0.014648
v 0.243164 0.666016 -0.016602
v 0.254883 0.669922 -0.016602
v -0.219727 0.677734 -0.016602
v 0.250977 0.708984 -0.016602
v -0.235352 0.710938 -0.016602
v 0.250977 0.724609 -0.016602
v -0.237305 0.726562 -0.016602
v 0.358398 0.728516 -0.016602
v 0.356445 0.265625 -0.016602
v 0.364258 0.193359 -0.016602
v 0.397461 0.191406 -0.016602
v -0.200195 0.169922 -0.016602
v -0.202148 0.160156 -0.016602
v -0.192383 0.158203 -0.016602
v -0.198242 0.152344 -0.016602
v 0.288086 0.085938 -0.016602
v -0.114258 0.072266 -0.016602
v 0.360352 0.615234 -0.018555
v -0.221680 0.669922 -0.018555
v -0.206055 0.677734 -0.018555
v 0.254883 0.679688 -0.018555
v 0.241211 0.681641 -0.018555
v -0.221680 0.693359 -0.018555
v 0.377930 0.722656 -0.018555
v -0.311523 0.728516 -0.018555
v -0.409180 0.738281 -0.018555
v 0.346680 0.742188 -0.018555
v -0.413086 0.746094 -0.018555
v -0.317383 0.750000 -0.018555
v -0.102539 0.208984 -0.018555
v -0.176758 0.173828 -0.018555
v -0.190430 0.167969 -0.018555
v -0.202148 0.166016 -0.018555
v -0.190430 0.164062 -0.018555
v -0.194336 0.158203 -0.018555
v -0.397461 0.148438 -0.018555
v -0.188477 0.142578 -0.018555
v -0.399414 0.126953 -0.018555
v -0.407227 0.615234 -0.020508
v -0.313477 0.619141 -0.020508
v -0.209961 0.662109 -0.020508
v 0.250977 0.669922 -0.020508
v -0.217773 0.677734 -0.020508
v 0.252930 0.677734 -0.020508
v 0.252930 0.691406 -0.020508
v -0.231445 0.693359 -0.020508
v -0.293945 0.726562 -0.020508
v -0.321289 0.742188 -0.020508
v 0.375977 0.769531 -0.020508
v -0.297852 0.259766 -0.020508
v 0.329102 0.246094 -0.020508
v -0.194336 0.169922 -0.020508
v -0.198242 0.167969 -0.020508
v -0.192383 0.160156 -0.020508
v -0.200195 0.160156 -0.020508
v -0.192383 0.158203 -0.020508
v -0.198242 0.154297 -0.020508
v -0.137695 0.093750 -0.020508
v -0.407227 0.605469 -0.022461
v 0.370117 0.613281 -0.022461
v -0.303711 0.617188 -0.022461
v -0.323242 0.617188 -0.022461
v 0.348633 0.617188 -0.022461
v 0.250977 0.638672 -0.022461
v 0.360352 0.638672 -0.022461
v 0.379883 0.644531 -0.022461
v 0.247070 0.652344 -0.022461
v 0.258789 0.658203 -0.022461
v 0.245117 0.667969 -0.022461
v -0.217773 0.669922 -0.022461
v 0.254883 0.673828 -0.022461
v -0.209961 0.675781 -0.022461
v -0.215820 0.675781 -0.022461
v 0.245117 0.677734 -0.022461
v 0.249023 0.677734 -0.022461
v -0.221680 0.683594 -0.022461
v -0.219727 0.691406 -0.022461
v 0.377930 0.287109 -0.022461
v 0.356445 0.271484 -0.022461
v 0.329102 0.183594 -0.022461
v 0.432617 0.183594 -0.022461
v -0.194336 0.166016 -0.022461
v -0.200195 0.166016 -0.022461
v -0.198242 0.162109 -0.022461
v -0.194336 0.160156 -0.022461
v -0.196289 0.156250 -0.022461
v -0.305664 0.148438 -0.022461
v 0.346680 0.117188 -0.022461
v 0.252930 0.593750 -0.024414
v 0.254883 0.619141 -0.024414
v -0.290039 0.625000 -0.024414
v 0.383789 0.625000 -0.024414
v 0.249023 0.662109 -0.024414
v -0.217773 0.664062 -0.024414
v 0.258789 0.664062 -0.024414
v -0.211914 0.667969 -0.024414
v -0.219727 0.673828 -0.024414
v -0.223633 0.675781 -0.024414
v -0.225586 0.679688 -0.024414
v -0.215820 0.691406 -0.024414
v -0.221680 0.728516 -0.024414
v -0.407227 0.732422 -0.024414
v -0.395508 0.746094 -0.024414
v -0.401367 0.751953 -0.024414
v 0.358398 0.753906 -0.024414
v -0.317383 0.291016 -0.024414
v -0.305664 0.267578 -0.024414
v 0.409180 0.123047 -0.024414
v 0.377930 0.121094 -0.024414
v -0.108398 0.044922 -0.024414
v -0.465820 0.044922 -0.024414
v 0.247070 0.593750 -0.026367
v -0.338867 0.625000 -0.026367
v 0.334961 0.626953 -0.026367
v 0.387695 0.628906 -0.026367
v -0.217773 0.638672 -0.026367
v -0.313477 0.642578 -0.026367
v 0.395508 0.642578 -0.026367
v 0.258789 0.652344 -0.026367
v 0.254883 0.654297 -0.026367
v -0.229492 0.660156 -0.026367
v -0.227539 0.666016 -0.026367
v 0.252930 0.666016 -0.026367
v 0.250977 0.673828 -0.026367
v 0.256836 0.673828 -0.026367
v 0.247070 0.677734 -0.026367
v 0.260742 0.677734 -0.026367
v -0.217773 0.681641 -0.026367
v 0.256836 0.683594 -0.026367
v 0.247070 0.691406 -0.026367
v 0.258789 0.691406 -0.026367
v 0.243164 0.708984 -0.026367
v 0.260742 0.708984 -0.026367
v -0.217773 0.712891 -0.026367
v 0.321289 0.722656 -0.026367
v 0.258789 0.724609 -0.026367
v 0.241211 0.726562 -0.026367
v -0.311523 0.753906 -0.026367
v -0.299805 0.765625 -0.026367
v -0.333008 0.294922 -0.026367
v -0.305664 0.283203 -0.026367
v 0.374023 0.261719 -0.026367
v -0.342773 0.253906 -0.026367
v -0.432617 0.132812 -0.026367
v -0.211914 0.121094 -0.026367
v -0.366211 0.117188 -0.026367
v 0.250977 0.583984 -0.028320
v 0.245117 0.593750 -0.028320
v 0.252930 0.593750 -0.028320
v 0.247070 0.603516 -0.028320
v 0.252930 0.603516 -0.028320
v -0.217773 0.619141 -0.028320
v 0.247070 0.619141 -0.028320
v 0.249023 0.656250 -0.028320
v 0.256836 0.662109 -0.028320
v 0.249023 0.664062 -0.028320
v -0.221680 0.667969 -0.028320
v 0.254883 0.673828 -0.028320
v -0.217773 0.675781 -0.028320
v -0.221680 0.675781 -0.028320
v -0.215820 0.679688 -0.028320
v 0.252930 0.679688 -0.028320
v -0.213867 0.683594 -0.028320
v -0.209961 0.689453 -0.028320
v 0.256836 0.689453 -0.028320
v -0.217773 0.695312 -0.028320
v 0.329102 0.714844 -0.028320
v -0.348633 0.722656 -0.028320
v -0.233398 0.730469 -0.028320
v -0.422852 0.734375 -0.028320
v -0.397461 0.738281 -0.028320
v -0.409180 0.740234 -0.028320
v -0.424805 0.742188 -0.028320
v -0.407227 0.753906 -0.028320
v 0.381836 0.755859 -0.028320
v -0.405273 0.771484 -0.028320
v 0.338867 0.292969 -0.028320
v -0.321289 0.263672 -0.028320
v 0.338867 0.187500 -0.028320
v 0.420898 0.187500 -0.028320
v -0.211914 0.119141 -0.028320
v -0.487305 0.107422 -0.028320
v -0.428711 0.093750 -0.028320
v 0.288086 0.087891 -0.028320
v 0.247070 0.583984 -0.030273
v -0.208008 0.591797 -0.030273
v -0.213867 0.591797 -0.030273
v 0.249023 0.593750 -0.030273
v 0.247070 0.599609 -0.030273
v 0.252930 0.599609 -0.030273
v 0.254883 0.599609 -0.030273
v 0.247070 0.601562 -0.030273
v 0.254883 0.601562 -0.030273
v 0.399414 0.632812 -0.030273
v 0.245117 0.638672 -0.030273
v 0.258789 0.638672 -0.030273
v -0.219727 0.658203 -0.030273
v -0.225586 0.658203 -0.030273
v -0.209961 0.664062 -0.030273
v -0.217773 0.664062 -0.030273
v -0.223633 0.664062 -0.030273
v -0.223633 0.681641 -0.030273
v -0.227539 0.681641 -0.030273
v 0.247070 0.681641 -0.030273
v 0.250977 0.691406 -0.030273
v -0.227539 0.695312 -0.030273
v -0.231445 0.712891 -0.030273
v -0.340820 0.714844 -0.030273
v 0.358398 0.726562 -0.030273
v -0.416992 0.730469 -0.030273
v 0.381836 0.734375 -0.030273
v 0.344727 0.736328 -0.030273
v -0.407227 0.742188 -0.030273
v -0.291992 0.755859 -0.030273
v 0.333008 0.761719 -0.030273
v 0.342773 0.769531 -0.030273
v -0.288086 0.306641 -0.030273
v 0.348633 0.273438 -0.030273
v 0.352539 0.187500 -0.030273
v 0.409180 0.187500 -0.030273
v 0.333008 0.177734 -0.030273
v 0.428711 0.177734 -0.030273
v -0.215820 0.111328 -0.030273
v 0.479492 0.103516 -0.030273
v 0.245117 0.587891 -0.032227
v 0.252930 0.587891 -0.032227
v 0.249023 0.589844 -0.032227
v 0.250977 0.597656 -0.032227
v 0.252930 0.597656 -0.032227
v -0.215820 0.601562 -0.032227
v 0.372070 0.611328 -0.032227
v -0.299805 0.613281 -0.032227
v -0.327148 0.613281 -0.032227
v 0.346680 0.615234 -0.032227
v -0.211914 0.638672 -0.032227
v -0.225586 0.638672 -0.032227
v 0.346680 0.640625 -0.032227
v -0.331055 0.642578 -0.032227
v 0.370117 0.644531 -0.032227
v 0.243164 0.652344 -0.032227
v 0.393555 0.654297 -0.032227
v 0.245117 0.662109 -0.032227
v 0.256836 0.667969 -0.032227
v 0.260742 0.667969 -0.032227
v -0.223633 0.673828 -0.032227
v -0.229492 0.673828 -0.032227
v 0.252930 0.677734 -0.032227
v 0.260742 0.677734 -0.032227
v -0.221680 0.679688 -0.032227
v 0.247070 0.687500 -0.032227
v 0.252930 0.691406 -0.032227
v 0.370117 0.714844 -0.032227
v -0.311523 0.726562 -0.032227
v -0.291992 0.734375 -0.032227
v -0.327148 0.736328 -0.032227
v -0.415039 0.740234 -0.032227
v -0.405273 0.744141 -0.032227
v -0.415039 0.753906 -0.032227
v -0.416992 0.771484 -0.032227
v -0.331055 0.775391 -0.032227
v 0.387695 0.271484 -0.032227
v -0.293945 0.269531 -0.032227
v 0.358398 0.257812 -0.032227
v -0.307617 0.251953 -0.032227
v 0.375977 0.251953 -0.032227
v -0.137695 0.222656 -0.032227
v -0.174805 0.210938 -0.032227
v -0.213867 0.583984 -0.034180
v 0.243164 0.585938 -0.034180
v 0.252930 0.585938 -0.034180
v -0.215820 0.591797 -0.034180
v -0.208008 0.593750 -0.034180
v 0.258789 0.593750 -0.034180
v -0.209961 0.601562 -0.034180
v 0.258789 0.619141 -0.034180
v 0.374023 0.630859 -0.034180
v 0.377930 0.656250 -0.034180
v 0.254883 0.675781 -0.034180
v -0.229492 0.687500 -0.034180
v -0.303711 0.714844 -0.034180
v 0.250977 0.726562 -0.034180
v -0.407227 0.732422 -0.034180
v -0.409180 0.740234 -0.034180
v -0.413086 0.742188 -0.034180
v 0.364258 0.771484 -0.034180
v -0.413086 0.783203 -0.034180
v 0.362305 0.292969 -0.034180
v -0.333008 0.281250 -0.034180
v 0.358398 0.277344 -0.034180
v 0.329102 0.263672 -0.034180
v -0.329102 0.250000 -0.034180
v 0.340820 0.244141 -0.034180
v -0.086914 0.207031 -0.034180
v -0.196289 0.183594 -0.034180
v -0.366211 0.115234 -0.034180
v -0.452148 0.070312 -0.034180
v -0.204102 0.578125 -0.036133
v -0.196289 0.580078 -0.036133
v 0.239258 0.580078 -0.036133
v 0.256836 0.580078 -0.036133
v 0.264648 0.580078 -0.036133
v -0.208008 0.583984 -0.036133
v -0.209961 0.587891 -0.036133
v -0.217773 0.587891 -0.036133
v -0.206055 0.593750 -0.036133
v -0.211914 0.593750 -0.036133
v -0.215820 0.593750 -0.036133
v 0.239258 0.593750 -0.036133
v -0.217773 0.597656 -0.036133
v -0.209961 0.599609 -0.036133
v -0.217773 0.599609 -0.036133
v 0.250977 0.601562 -0.036133
v -0.407227 0.603516 -0.036133
v 0.247070 0.603516 -0.036133
v 0.256836 0.603516 -0.036133
v 0.247070 0.607422 -0.036133
v 0.252930 0.607422 -0.036133
v -0.209961 0.619141 -0.036133
v -0.225586 0.619141 -0.036133
v 0.393555 0.625000 -0.036133
v 0.379883 0.636719 -0.036133
v -0.291992 0.638672 -0.036133
v 0.252930 0.662109 -0.036133
v 0.264648 0.666016 -0.036133
v 0.250977 0.667969 -0.036133
v -0.233398 0.671875 -0.036133
v -0.217773 0.679688 -0.036133
v 0.250977 0.708984 -0.036133
v -0.407227 0.738281 -0.036133
v -0.409180 0.738281 -0.036133
v -0.415039 0.740234 -0.036133
v -0.329102 0.748047 -0.036133
v 0.350586 0.767578 -0.036133
v -0.319336 0.298828 -0.036133
v 0.331055 0.281250 -0.036133
v -0.342773 0.263672 -0.036133
v 0.338867 0.179688 -0.036133
v 0.346680 0.179688 -0.036133
v 0.415039 0.179688 -0.036133
v 0.422852 0.179688 -0.036133
v -0.407227 0.156250 -0.036133
v -0.208008 0.570312 -0.038086
v 0.243164 0.572266 -0.038086
v 0.252930 0.572266 -0.038086
v -0.221680 0.578125 -0.038086
v 0.245117 0.582031 -0.038086
v 0.250977 0.582031 -0.038086
v -0.208008 0.585938 -0.038086
v -0.215820 0.585938 -0.038086
v 0.245117 0.585938 -0.038086
v 0.252930 0.585938 -0.038086
v 0.249023 0.587891 -0.038086
v -0.213867 0.597656 -0.038086
v 0.249023 0.601562 -0.038086
v 0.254883 0.601562 -0.038086
v -0.334961 0.611328 -0.038086
v -0.291992 0.613281 -0.038086
v 0.336914 0.613281 -0.038086
v 0.379883 0.613281 -0.038086
v 0.250977 0.619141 -0.038086
v -0.336914 0.638672 -0.038086
v 0.252930 0.638672 -0.038086
v 0.403320 0.640625 -0.038086
v 0.254883 0.652344 -0.038086
v -0.217773 0.664062 -0.038086
v -0.221680 0.671875 -0.038086
v 0.250977 0.675781 -0.038086
v 0.262695 0.681641 -0.038086
v -0.415039 0.732422 -0.038086
v 0.327148 0.734375 -0.038086
v -0.405273 0.740234 -0.038086
v -0.411133 0.742188 -0.038086
v -0.403320 0.744141 -0.038086
v -0.407227 0.744141 -0.038086
v -0.405273 0.746094 -0.038086
v -0.403320 0.753906 -0.038086
v 0.331055 0.753906 -0.038086
v -0.401367 0.755859 -0.038086
v -0.340820 0.761719 -0.038086
v -0.311523 0.767578 -0.038086
v -0.323242 0.773438 -0.038086
v 0.391602 0.779297 -0.038086
v -0.416992 0.787109 -0.038086
v 0.375977 0.271484 -0.038086
v 0.362305 0.248047 -0.038086
v -0.110352 0.220703 -0.038086
v -0.432617 0.171875 -0.038086
v 0.325195 0.105469 -0.038086
v -0.143555 0.093750 -0.038086
v -0.122070 0.072266 -0.038086
v -0.129883 0.041016 -0.038086
v -0.444336 0.041016 -0.038086
v -0.200195 0.566406 -0.040039
v -0.217773 0.570312 -0.040039
v -0.206055 0.574219 -0.040039
v -0.215820 0.574219 -0.040039
v 0.243164 0.574219 -0.040039
v 0.252930 0.574219 -0.040039
v 0.231445 0.580078 -0.040039
v -0.211914 0.587891 -0.040039
v -0.221680 0.593750 -0.040039
v 0.381836 0.625000 -0.040039
v 0.336914 0.636719 -0.040039
v -0.217773 0.638672 -0.040039
v 0.387695 0.660156 -0.040039
v 0.260742 0.662109 -0.040039
v -0.225586 0.687500 -0.040039
v -0.407227 0.740234 -0.040039
v -0.413086 0.742188 -0.040039
v -0.409180 0.744141 -0.040039
v -0.413086 0.753906 -0.040039
v -0.401367 0.771484 -0.040039
v -0.411133 0.783203 -0.040039
v 0.383789 0.785156 -0.040039
v -0.299805 0.308594 -0.040039
v 0.346680 0.292969 -0.040039
v -0.284180 0.291016 -0.040039
v -0.278320 0.238281 -0.040039
v -0.461914 0.125000 -0.040039
v -0.434570 0.093750 -0.040039
v 0.293945 0.093750 -0.040039
v -0.256836 0.417969 -0.041992
v 0.284180 0.417969 -0.041992
v -0.256836 0.519531 -0.041992
v 0.284180 0.519531 -0.041992
v -0.407227 0.525391 -0.041992
v 0.239258 0.566406 -0.041992
v 0.258789 0.566406 -0.041992
v 0.245117 0.582031 -0.041992
v 0.252930 0.582031 -0.041992
v 0.247070 0.585938 -0.041992
v 0.250977 0.585938 -0.041992
v -0.213867 0.599609 -0.041992
v 0.249023 0.599609 -0.041992
v -0.211914 0.601562 -0.041992
v -0.213867 0.601562 -0.041992
v -0.217773 0.601562 -0.041992
v -0.209961 0.603516 -0.041992
v -0.219727 0.603516 -0.041992
v -0.211914 0.607422 -0.041992
v -0.217773 0.607422 -0.041992
v 0.397461 0.654297 -0.041992
v 0.254883 0.664062 -0.041992
v -0.223633 0.669922 -0.041992
v -0.229492 0.669922 -0.041992
v 0.258789 0.681641 -0.041992
v -0.219727 0.685547 -0.041992
v -0.405273 0.716797 -0.041992
v -0.405273 0.736328 -0.041992
v -0.397461 0.742188 -0.041992
v -0.424805 0.746094 -0.041992
v -0.395508 0.750000 -0.041992
v -0.288086 0.779297 -0.041992
v -0.415039 0.787109 -0.041992
v -0.282227 0.134766 -0.041992
v -0.346680 0.134766 -0.041992
v 0.327148 0.134766 -0.041992
v 0.391602 0.134766 -0.041992
v -0.395508 0.126953 -0.041992
v 0.434570 0.117188 -0.041992
v 0.473633 0.107422 -0.041992
v -0.346680 0.101562 -0.041992
v 0.327148 0.101562 -0.041992
v 0.391602 0.101562 -0.041992
v -0.495117 0.091797 -0.041992
v -0.282227 0.087891 -0.041992
v -0.338867 0.087891 -0.041992
v 0.336914 0.087891 -0.041992
v 0.379883 0.087891 -0.041992
v 0.358398 0.082031 -0.041992
v -0.407227 0.519531 -0.043945
v -0.208008 0.562500 -0.043945
v -0.206055 0.564453 -0.043945
v -0.215820 0.564453 -0.043945
v 0.243164 0.564453 -0.043945
v 0.252930 0.564453 -0.043945
v 0.247070 0.578125 -0.043945
v 0.250977 0.578125 -0.043945
v -0.208008 0.580078 -0.043945
v -0.206055 0.582031 -0.043945
v -0.208008 0.583984 -0.043945
v -0.209961 0.585938 -0.043945
v -0.213867 0.585938 -0.043945
v 0.245117 0.587891 -0.043945
v 0.249023 0.589844 -0.043945
v 0.239258 0.595703 -0.043945
v 0.249023 0.595703 -0.043945
v 0.258789 0.595703 -0.043945
v 0.252930 0.599609 -0.043945
v 0.245117 0.601562 -0.043945
v 0.252930 0.601562 -0.043945
v -0.217773 0.619141 -0.043945
v 0.370117 0.644531 -0.043945
v 0.252930 0.679688 -0.043945
v -0.450195 0.726562 -0.043945
v 0.452148 0.726562 -0.043945
v -0.416992 0.732422 -0.043945
v -0.413086 0.736328 -0.043945
v -0.422852 0.738281 -0.043945
v 0.391602 0.767578 -0.043945
v 0.452148 0.767578 -0.043945
v -0.413086 0.771484 -0.043945
v -0.450195 0.777344 -0.043945
v 0.391602 0.300781 -0.043945
v 0.317383 0.236328 -0.043945
v -0.083008 0.203125 -0.043945
v 0.307617 0.099609 -0.043945
v -0.217773 0.564453 -0.045898
v -0.208008 0.576172 -0.045898
v -0.213867 0.576172 -0.045898
v -0.213867 0.580078 -0.045898
v -0.194336 0.582031 -0.045898
v -0.215820 0.582031 -0.045898
v -0.231445 0.582031 -0.045898
v 0.266602 0.582031 -0.045898
v 0.252930 0.587891 -0.045898
v 0.252930 0.591797 -0.045898
v 0.252930 0.593750 -0.045898
v -0.204102 0.595703 -0.045898
v 0.245117 0.595703 -0.045898
v 0.247070 0.603516 -0.045898
v 0.252930 0.605469 -0.045898
v 0.395508 0.710938 -0.045898
v 0.336914 0.712891 -0.045898
v -0.415039 0.716797 -0.045898
v -0.286133 0.726562 -0.045898
v -0.342773 0.726562 -0.045898
v 0.329102 0.726562 -0.045898
v 0.387695 0.726562 -0.045898
v -0.284180 0.767578 -0.045898
v 0.374023 0.779297 -0.045898
v 0.321289 0.308594 -0.045898
v 0.375977 0.304688 -0.045898
v -0.286133 0.300781 -0.045898
v -0.344727 0.300781 -0.045898
v 0.020508 0.300781 -0.045898
v 0.329102 0.300781 -0.045898
v 0.387695 0.300781 -0.045898
v -0.272461 0.251953 -0.045898
v 0.313477 0.250000 -0.045898
v -0.286133 0.248047 -0.045898
v -0.344727 0.248047 -0.045898
v 0.020508 0.248047 -0.045898
v 0.329102 0.248047 -0.045898
v 0.387695 0.248047 -0.045898
v -0.291992 0.240234 -0.045898
v 0.333008 0.236328 -0.045898
v -0.088867 0.212891 -0.045898
v -0.286133 0.140625 -0.045898
v -0.342773 0.140625 -0.045898
v 0.329102 0.140625 -0.045898
v 0.387695 0.140625 -0.045898
v 0.413086 0.125000 -0.045898
v 0.387695 0.123047 -0.045898
v 0.368164 0.121094 -0.045898
v -0.342773 0.087891 -0.045898
v -0.256836 0.417969 -0.047852
v 0.284180 0.417969 -0.047852
v -0.256836 0.519531 -0.047852
v 0.284180 0.519531 -0.047852
v -0.223633 0.568359 -0.047852
v 0.231445 0.583984 -0.047852
v 0.256836 0.583984 -0.047852
v 0.245117 0.585938 -0.047852
v 0.250977 0.585938 -0.047852
v -0.211914 0.589844 -0.047852
v 0.245117 0.591797 -0.047852
v 0.252930 0.595703 -0.047852
v -0.213867 0.599609 -0.047852
v -0.217773 0.599609 -0.047852
v -0.209961 0.601562 -0.047852
v -0.217773 0.601562 -0.047852
v -0.350586 0.621094 -0.047852
v -0.274414 0.623047 -0.047852
v 0.395508 0.623047 -0.047852
v 0.391602 0.628906 -0.047852
v 0.377930 0.630859 -0.047852
v 0.381836 0.656250 -0.047852
v 0.387695 0.705078 -0.047852
v -0.276367 0.714844 -0.047852
v -0.450195 0.722656 -0.047852
v 0.397461 0.722656 -0.047852
v 0.452148 0.722656 -0.047852
v -0.454102 0.726562 -0.047852
v 0.456055 0.726562 -0.047852
v -0.407227 0.738281 -0.047852
v -0.413086 0.751953 -0.047852
v 0.456055 0.767578 -0.047852
v 0.452148 0.773438 -0.047852
v -0.454102 0.777344 -0.047852
v -0.299805 0.779297 -0.047852
v -0.450195 0.781250 -0.047852
v 0.391602 0.240234 -0.047852
v -0.215820 0.128906 -0.047852
v 0.463867 0.111328 -0.047852
v -0.481445 0.109375 -0.047852
v -0.495117 0.085938 -0.047852
v -0.206055 0.558594 -0.049805
v -0.215820 0.558594 -0.049805
v 0.243164 0.558594 -0.049805
v 0.252930 0.558594 -0.049805
v -0.198242 0.570312 -0.049805
v 0.258789 0.570312 -0.049805
v -0.206055 0.574219 -0.049805
v -0.215820 0.574219 -0.049805
v 0.243164 0.574219 -0.049805
v 0.252930 0.574219 -0.049805
v 0.252930 0.576172 -0.049805
v -0.200195 0.582031 -0.049805
v 0.241211 0.583984 -0.049805
v -0.208008 0.587891 -0.049805
v -0.215820 0.587891 -0.049805
v -0.208008 0.589844 -0.049805
v -0.211914 0.593750 -0.049805
v -0.215820 0.593750 -0.049805
v -0.217773 0.595703 -0.049805
v 0.245117 0.595703 -0.049805
v 0.250977 0.595703 -0.049805
v -0.209961 0.603516 -0.049805
v 0.321289 0.619141 -0.049805
v -0.286133 0.705078 -0.049805
v 0.331055 0.707031 -0.049805
v 0.321289 0.710938 -0.049805
v -0.333008 0.712891 -0.049805
v 0.319336 0.720703 -0.049805
v -0.403320 0.722656 -0.049805
v 0.334961 0.310547 -0.049805
v 0.315430 0.294922 -0.049805
v 0.391602 0.283203 -0.049805
v 0.452148 0.115234 -0.049805
v -0.463867 0.070312 -0.049805
v -0.206055 0.570312 -0.051758
v -0.215820 0.570312 -0.051758
v 0.239258 0.570312 -0.051758
v 0.243164 0.570312 -0.051758
v 0.252930 0.570312 -0.051758
v 0.245117 0.576172 -0.051758
v -0.213867 0.591797 -0.051758
v -0.217773 0.593750 -0.051758
v -0.208008 0.595703 -0.051758
v -0.215820 0.603516 -0.051758
v -0.284180 0.615234 -0.051758
v 0.387695 0.615234 -0.051758
v 0.387695 0.634766 -0.051758
v -0.346680 0.707031 -0.051758
v -0.352539 0.720703 -0.051758
v -0.411133 0.722656 -0.051758
v -0.409180 0.746094 -0.051758
v -0.350586 0.306641 -0.051758
v -0.352539 0.240234 -0.051758
v 0.375977 0.236328 -0.051758
v -0.083008 0.203125 -0.051758
v -0.461914 0.179688 -0.051758
v -0.360352 0.126953 -0.051758
v 0.428711 0.119141 -0.051758
v 0.331055 0.111328 -0.051758
v -0.493164 0.093750 -0.051758
v -0.495117 0.083984 -0.051758
v -0.108398 0.044922 -0.051758
v -0.467773 0.041016 -0.051758
v -0.204102 0.566406 -0.053711
v -0.204102 0.574219 -0.053711
v -0.217773 0.582031 -0.053711
v -0.208008 0.585938 -0.053711
v -0.213867 0.585938 -0.053711
v 0.329102 0.609375 -0.053711
v -0.342773 0.611328 -0.053711
v 0.327148 0.628906 -0.053711
v -0.344727 0.632812 -0.053711
v -0.282227 0.634766 -0.053711
v 0.395508 0.640625 -0.053711
v 0.377930 0.642578 -0.053711
v -0.405273 0.705078 -0.053711
v -0.288086 0.734375 -0.053711
v -0.274414 0.316406 -0.053711
v -0.350586 0.289062 -0.053711
v -0.352539 0.255859 -0.053711
v 0.391602 0.253906 -0.053711
v -0.336914 0.236328 -0.053711
v 0.327148 0.087891 -0.053711
v 0.389648 0.087891 -0.053711
v -0.206055 0.566406 -0.055664
v -0.213867 0.566406 -0.055664
v -0.215820 0.566406 -0.055664
v 0.243164 0.566406 -0.055664
v 0.252930 0.566406 -0.055664
v -0.221680 0.570312 -0.055664
v -0.213867 0.574219 -0.055664
v -0.227539 0.583984 -0.055664
v -0.209961 0.595703 -0.055664
v -0.215820 0.595703 -0.055664
v -0.340820 0.621094 -0.055664
v 0.385742 0.621094 -0.055664
v -0.407227 0.654297 -0.055664
v -0.372070 0.656250 -0.055664
v 0.416992 0.656250 -0.055664
v -0.375977 0.677734 -0.055664
v 0.418945 0.677734 -0.055664
v -0.393555 0.693359 -0.055664
v 0.438477 0.693359 -0.055664
v -0.411133 0.705078 -0.055664
v -0.397461 0.724609 -0.055664
v 0.385742 0.724609 -0.055664
v 0.442383 0.724609 -0.055664
v 0.325195 0.779297 -0.055664
v 0.333008 0.785156 -0.055664
v -0.336914 0.308594 -0.055664
v -0.272461 0.300781 -0.055664
v -0.084961 0.207031 -0.055664
v -0.395508 0.167969 -0.055664
v -0.426758 0.132812 -0.055664
v 0.399414 0.123047 -0.055664
v 0.350586 0.117188 -0.055664
v -0.141602 0.093750 -0.055664
v -0.407227 0.675781 -0.057617
v -0.401367 0.710938 -0.057617
v 0.342773 0.781250 -0.057617
v -0.340820 0.787109 -0.057617
v -0.290039 0.316406 -0.057617
v -0.090820 0.214844 -0.057617
v 0.415039 0.123047 -0.057617
v -0.493164 0.085938 -0.057617
v -0.206055 0.556641 -0.059570
v -0.215820 0.556641 -0.059570
v 0.243164 0.556641 -0.059570
v 0.252930 0.556641 -0.059570
v -0.206055 0.566406 -0.059570
v -0.215820 0.566406 -0.059570
v 0.243164 0.566406 -0.059570
v 0.252930 0.566406 -0.059570
v -0.409180 0.710938 -0.059570
v 0.325195 0.769531 -0.059570
v -0.331055 0.781250 -0.059570
v -0.420898 0.185547 -0.059570
v 0.407227 0.123047 -0.059570
v 0.338867 0.113281 -0.059570
v -0.432617 0.093750 -0.059570
v -0.116211 0.070312 -0.059570
v 0.342773 0.623047 -0.061523
v -0.297852 0.632812 -0.061523
v -0.407227 0.666016 -0.061524
v -0.393555 0.675781 -0.061523
v -0.420898 0.675781 -0.061524
v -0.297852 0.677734 -0.061523
v 0.022461 0.677734 -0.061523
v 0.342773 0.677734 -0.061523
v -0.407227 0.685547 -0.061524
v -0.297852 0.726562 -0.061523
v 0.022461 0.726562 -0.061523
v 0.342773 0.726562 -0.061523
v -0.348633 0.773438 -0.061523
v -0.145508 0.230469 -0.061523
v -0.112305 0.226562 -0.061523
v -0.176758 0.216797 -0.061523
v -0.489258 0.093750 -0.061524
v -0.198242 0.191406 -0.063477
v -0.297852 0.615234 -0.065430
v 0.022461 0.615234 -0.065430
v 0.342773 0.615234 -0.065430
v -0.397461 0.666016 -0.065430
v -0.418945 0.666016 -0.065430
v -0.397461 0.685547 -0.065430
v -0.297852 0.292969 -0.065430
v 0.022461 0.292969 -0.065430
v 0.342773 0.292969 -0.065430
v -0.452148 0.125000 -0.065430
v -0.206055 0.556641 -0.067383
v -0.215820 0.556641 -0.067383
v 0.243164 0.556641 -0.067383
v 0.252930 0.556641 -0.067383
v -0.206055 0.566406 -0.067383
v -0.215820 0.566406 -0.067383
v 0.243164 0.566406 -0.067383
v 0.252930 0.566406 -0.067383
v -0.407227 0.660156 -0.067383
v -0.407227 0.693359 -0.067383
v -0.403320 0.699219 -0.067383
v -0.475586 0.107422 -0.067383
v -0.458008 0.070312 -0.067383
v 0.022461 0.634766 -0.069336
v -0.403320 0.693359 -0.069336
v -0.411133 0.701172 -0.069336
v -0.407227 0.703125 -0.069336
v -0.399414 0.705078 -0.069336
v -0.219727 0.132812 -0.069336
v -0.424805 0.685547 -0.071289
v -0.407227 0.687500 -0.071289
v -0.397461 0.691406 -0.071289
v -0.411133 0.693359 -0.071289
v -0.407227 0.707031 -0.071289
v -0.483398 0.175781 -0.071289
v -0.352539 0.130859 -0.071289
v -0.403320 0.699219 -0.073242
v -0.411133 0.699219 -0.073242
v -0.198242 0.189453 -0.073242
v -0.151367 0.093750 -0.073242
v -0.420898 0.093750 -0.073242
v -0.114258 0.042969 -0.073242
v -0.459961 0.039062 -0.073242
v -0.407227 0.689453 -0.075195
v -0.407227 0.693359 -0.075195
v -0.395508 0.697266 -0.075195
v -0.418945 0.697266 -0.075195
v -0.391602 0.708984 -0.075195
v -0.422852 0.708984 -0.075195
v -0.395508 0.718750 -0.075195
v -0.418945 0.718750 -0.075195
v -0.452148 0.191406 -0.075195
v -0.393555 0.189453 -0.075195
v 0.356445 0.082031 -0.075195
v -0.407227 0.693359 -0.077148
v -0.368164 0.154297 -0.077148
v -0.374023 0.519531 -0.079102
v -0.440430 0.519531 -0.079102
v -0.370117 0.525391 -0.079102
v -0.444336 0.525391 -0.079102
v -0.366211 0.603516 -0.079102
v -0.448242 0.603516 -0.079102
v -0.350586 0.605469 -0.079102
v -0.463867 0.605469 -0.079102
v -0.348633 0.615234 -0.079102
v -0.465820 0.615234 -0.079102
v -0.385742 0.654297 -0.079102
v -0.430664 0.654297 -0.079102
v -0.422852 0.660156 -0.079102
v -0.391602 0.662109 -0.079102
v -0.383789 0.675781 -0.079102
v -0.430664 0.675781 -0.079102
v -0.387695 0.685547 -0.079102
v -0.426758 0.685547 -0.079102
v -0.395508 0.691406 -0.079102
v -0.418945 0.691406 -0.079102
v -0.393555 0.695312 -0.079102
v -0.420898 0.695312 -0.079102
v -0.407227 0.697266 -0.079102
v -0.399414 0.699219 -0.079102
v -0.403320 0.699219 -0.079102
v -0.409180 0.699219 -0.079102
v -0.415039 0.699219 -0.079102
v -0.403320 0.703125 -0.079102
v -0.411133 0.703125 -0.079102
v -0.399414 0.705078 -0.079102
v -0.405273 0.707031 -0.079102
v -0.407227 0.707031 -0.079102
v -0.389648 0.708984 -0.079102
v -0.395508 0.708984 -0.079102
v -0.418945 0.708984 -0.079102
v -0.424805 0.708984 -0.079102
v -0.399414 0.716797 -0.079102
v -0.415039 0.716797 -0.079102
v -0.393555 0.720703 -0.079102
v -0.420898 0.720703 -0.079102
v -0.237305 0.136719 -0.079102
v 0.327148 0.082031 -0.079102
v 0.391602 0.082031 -0.079102
v -0.434570 0.041016 -0.079102
v -0.137695 0.037109 -0.079102
v -0.407227 0.689453 -0.081055
v -0.407227 0.693359 -0.081055
v -0.395508 0.697266 -0.081055
v -0.418945 0.697266 -0.081055
v -0.391602 0.708984 -0.081055
v -0.422852 0.708984 -0.081055
v -0.395508 0.718750 -0.081055
v -0.418945 0.718750 -0.081055
v 0.399414 0.773438 -0.081055
v 0.401367 0.785156 -0.081055
v -0.182617 0.216797 -0.081055
v -0.416992 0.208984 -0.081055
v -0.385742 0.173828 -0.081055
v -0.219727 0.158203 -0.081055
v -0.133789 0.070312 -0.081055
v 0.381836 0.785156 -0.083008
v 0.391602 0.791016 -0.083008
v -0.211914 0.195312 -0.083008
v -0.424805 0.685547 -0.084961
v -0.397461 0.691406 -0.084961
v -0.403320 0.699219 -0.084961
v -0.411133 0.699219 -0.084961
v -0.446289 0.070312 -0.084961
v -0.407227 0.687500 -0.086914
v -0.403320 0.693359 -0.086914
v -0.411133 0.693359 -0.086914
v -0.407227 0.703125 -0.086914
v -0.411133 0.191406 -0.086914
v -0.407227 0.660156 -0.088867
v -0.407227 0.693359 -0.088867
v -0.473633 0.185547 -0.088867
v -0.493164 0.169922 -0.088867
v -0.157227 0.093750 -0.088867
v -0.297852 0.615234 -0.090820
v 0.022461 0.615234 -0.090820
v 0.342773 0.615234 -0.090820
v 0.331055 0.314453 -0.090820
v 0.313477 0.298828 -0.090820
v -0.297852 0.292969 -0.090820
v 0.022461 0.292969 -0.090820
v 0.342773 0.292969 -0.090820
v -0.256836 0.138672 -0.090820
v -0.397461 0.666016 -0.092773
v -0.418945 0.666016 -0.092774
v -0.397461 0.685547 -0.092773
v 0.315430 0.314453 -0.092773
v 0.391602 0.253906 -0.092773
v -0.375977 0.199219 -0.092773
v -0.331055 0.132812 -0.092773
v -0.424805 0.093750 -0.092774
v -0.297852 0.626953 -0.094727
v 0.022461 0.626953 -0.094727
v 0.342773 0.626953 -0.094727
v -0.407227 0.666016 -0.094727
v -0.393555 0.675781 -0.094727
v -0.420898 0.675781 -0.094727
v -0.297852 0.677734 -0.094727
v 0.022461 0.677734 -0.094727
v 0.342773 0.677734 -0.094727
v -0.407227 0.685547 -0.094727
v -0.297852 0.726562 -0.094727
v 0.022461 0.726562 -0.094727
v 0.342773 0.726562 -0.094727
v 0.375977 0.306641 -0.094727
v 0.393555 0.238281 -0.094727
v 0.377930 0.234375 -0.094727
v -0.196289 0.222656 -0.094727
v -0.434570 0.218750 -0.094727
v -0.334961 0.169922 -0.094727
v -0.338867 0.169922 -0.094727
v -0.336914 0.167969 -0.094727
v 0.391602 0.287109 -0.096680
v -0.352539 0.285156 -0.096680
v -0.350586 0.255859 -0.096680
v -0.163086 0.234375 -0.096680
v -0.223633 0.197266 -0.096680
v -0.338867 0.177734 -0.096680
v -0.340820 0.175781 -0.096680
v -0.495117 0.166016 -0.096680
v -0.286133 0.140625 -0.096680
v -0.323242 0.138672 -0.096680
v -0.284180 0.607422 -0.098633
v -0.346680 0.607422 -0.098633
v 0.387695 0.607422 -0.098633
v 0.325195 0.609375 -0.098633
v -0.346680 0.628906 -0.098633
v -0.280273 0.630859 -0.098633
v 0.325195 0.630859 -0.098633
v 0.387695 0.630859 -0.098633
v -0.407227 0.675781 -0.098633
v -0.295898 0.312500 -0.098633
v 0.391602 0.304688 -0.098633
v -0.276367 0.296875 -0.098633
v -0.336914 0.238281 -0.098633
v -0.395508 0.218750 -0.098633
v -0.440430 0.197266 -0.098633
v -0.334961 0.177734 -0.098633
v -0.491211 0.175781 -0.098633
v -0.305664 0.140625 -0.098633
v -0.276367 0.134766 -0.098633
v -0.340820 0.621094 -0.100586
v 0.385742 0.621094 -0.100586
v -0.407227 0.654297 -0.100586
v -0.372070 0.656250 -0.100586
v 0.416992 0.656250 -0.100586
v -0.375977 0.677734 -0.100586
v 0.418945 0.677734 -0.100586
v -0.393555 0.693359 -0.100586
v 0.438477 0.693359 -0.100586
v -0.397461 0.724609 -0.100586
v 0.385742 0.724609 -0.100586
v 0.442383 0.724609 -0.100586
v -0.336914 0.306641 -0.100586
v -0.272461 0.251953 -0.100586
v -0.291992 0.238281 -0.100586
v -0.340820 0.183594 -0.100586
v -0.344727 0.183594 -0.100586
v -0.124023 0.039062 -0.100586
v -0.454102 0.039062 -0.100586
v -0.276367 0.611328 -0.102539
v 0.395508 0.613281 -0.102539
v -0.354492 0.617188 -0.102539
v 0.315430 0.619141 -0.102539
v -0.272461 0.621094 -0.102539
v 0.395508 0.623047 -0.102539
v -0.352539 0.302734 -0.102539
v 0.313477 0.250000 -0.102539
v -0.350586 0.242188 -0.102539
v -0.278320 0.238281 -0.102539
v 0.333008 0.238281 -0.102539
v -0.336914 0.183594 -0.102539
v -0.493164 0.166016 -0.102539
v -0.338867 0.158203 -0.102539
v 0.327148 0.087891 -0.102539
v 0.389648 0.087891 -0.102539
v -0.127930 0.070312 -0.102539
v -0.450195 0.070312 -0.102539
v 0.389648 0.705078 -0.104492
v 0.399414 0.710938 -0.104492
v 0.399414 0.722656 -0.104492
v 0.329102 0.726562 -0.104492
v 0.387695 0.726562 -0.104492
v -0.280273 0.310547 -0.104492
v -0.249023 0.201172 -0.104492
v -0.282227 0.707031 -0.106445
v -0.272461 0.714844 -0.106445
v -0.280273 0.771484 -0.106445
v -0.295898 0.783203 -0.106445
v 0.340820 0.306641 -0.106445
v -0.491211 0.169922 -0.106445
v 0.383789 0.140625 -0.106445
v -0.166992 0.093750 -0.106445
v -0.286133 0.726562 -0.108398
v -0.342773 0.726562 -0.108398
v -0.282227 0.783203 -0.108398
v -0.305664 0.294922 -0.108398
v 0.325195 0.289062 -0.108398
v 0.317383 0.236328 -0.108398
v -0.467773 0.189453 -0.108399
v -0.485352 0.177734 -0.108399
v -0.286133 0.140625 -0.108398
v -0.342773 0.140625 -0.108398
v 0.334961 0.710938 -0.110352
v 0.329102 0.720703 -0.110352
v 0.387695 0.720703 -0.110352
v -0.297852 0.300781 -0.110352
v -0.344727 0.300781 -0.110352
v 0.020508 0.300781 -0.110352
v 0.329102 0.300781 -0.110352
v 0.387695 0.300781 -0.110352
v -0.334961 0.269531 -0.110352
v -0.342773 0.265625 -0.110352
v -0.321289 0.250000 -0.110352
v -0.286133 0.248047 -0.110352
v -0.344727 0.248047 -0.110352
v 0.020508 0.248047 -0.110352
v 0.329102 0.248047 -0.110352
v 0.387695 0.248047 -0.110352
v -0.176758 0.240234 -0.110352
v -0.350586 0.199219 -0.110352
v -0.274414 0.156250 -0.110352
v 0.329102 0.140625 -0.110352
v -0.407227 0.519531 -0.112305
v -0.293945 0.613281 -0.112305
v -0.336914 0.613281 -0.112305
v 0.334961 0.613281 -0.112305
v 0.377930 0.613281 -0.112305
v -0.291992 0.634766 -0.112305
v -0.336914 0.634766 -0.112305
v 0.334961 0.634766 -0.112305
v 0.377930 0.634766 -0.112305
v 0.329102 0.708984 -0.112305
v -0.334961 0.710938 -0.112305
v 0.325195 0.712891 -0.112305
v 0.321289 0.720703 -0.112305
v -0.290039 0.736328 -0.112305
v 0.327148 0.771484 -0.112305
v 0.344727 0.783203 -0.112305
v -0.321289 0.294922 -0.112305
v -0.291992 0.283203 -0.112305
v -0.319336 0.279297 -0.112305
v 0.375977 0.269531 -0.112305
v -0.288086 0.265625 -0.112305
v -0.301758 0.246094 -0.112305
v -0.211914 0.224609 -0.112305
v -0.340820 0.201172 -0.112305
v -0.344727 0.201172 -0.112305
v -0.360352 0.201172 -0.112305
v -0.282227 0.134766 -0.112305
v -0.346680 0.134766 -0.112305
v 0.389649 0.134766 -0.112305
v -0.413086 0.093750 -0.112305
v -0.282227 0.087891 -0.112305
v -0.346680 0.087891 -0.112305
v -0.344727 0.708984 -0.114258
v -0.348633 0.720703 -0.114258
v -0.346680 0.773438 -0.114258
v 0.329102 0.781250 -0.114258
v -0.329102 0.783203 -0.114258
v 0.336914 0.787109 -0.114258
v 0.360352 0.296875 -0.114258
v 0.374023 0.279297 -0.114258
v -0.317383 0.259766 -0.114258
v -0.413086 0.232422 -0.114258
v -0.450195 0.216797 -0.114258
v 0.327148 0.134766 -0.114258
v 0.327148 0.101562 -0.114258
v 0.391602 0.101562 -0.114258
v 0.336914 0.087891 -0.114258
v 0.379883 0.087891 -0.114258
v 0.358398 0.082031 -0.114258
v -0.407227 0.525391 -0.116211
v -0.313477 0.615234 -0.116211
v -0.311523 0.636719 -0.116211
v 0.358398 0.636719 -0.116211
v -0.336914 0.789062 -0.116211
v 0.329102 0.304688 -0.116211
v -0.307617 0.275391 -0.116211
v 0.333008 0.267578 -0.116211
v 0.358398 0.617188 -0.118164
v -0.297852 0.712891 -0.118164
v -0.336914 0.267578 -0.118164
v -0.334961 0.253906 -0.118164
v 0.346680 0.250000 -0.118164
v 0.362305 0.246094 -0.118164
v -0.147461 0.242188 -0.118164
v -0.145508 0.070312 -0.118164
v -0.407227 0.603516 -0.120117
v -0.288086 0.623047 -0.120117
v -0.342773 0.623047 -0.120117
v 0.329102 0.623047 -0.120117
v 0.383789 0.623047 -0.120117
v 0.391602 0.769531 -0.120117
v 0.374023 0.783203 -0.120117
v -0.297852 0.294922 -0.120117
v -0.272461 0.197266 -0.120117
v -0.137695 0.042969 -0.120117
v -0.438477 0.042969 -0.120117
v -0.409180 0.041016 -0.120117
v 0.356445 0.261719 -0.122070
v -0.374023 0.216797 -0.122070
v -0.356445 0.214844 -0.122070
v -0.313477 0.626953 -0.124023
v 0.383789 0.787109 -0.124023
v 0.372070 0.292969 -0.124023
v -0.344727 0.289062 -0.124023
v 0.344727 0.281250 -0.124023
v -0.350586 0.216797 -0.124023
v -0.397461 0.093750 -0.124024
v -0.436523 0.070312 -0.124024
v 0.358398 0.626953 -0.125977
v -0.288086 0.710938 -0.125977
v -0.450195 0.722656 -0.125977
v 0.452149 0.722656 -0.125977
v -0.454102 0.726562 -0.125977
v 0.456055 0.726562 -0.125977
v -0.454102 0.777344 -0.125977
v 0.456055 0.777344 -0.125977
v -0.450195 0.781250 -0.125977
v 0.393555 0.781250 -0.125977
v 0.452149 0.781250 -0.125977
v 0.358398 0.289062 -0.125977
v -0.315430 0.273438 -0.125977
v 0.377930 0.251953 -0.125977
v -0.288086 0.248047 -0.125977
v -0.190430 0.242188 -0.125977
v -0.239258 0.230469 -0.125977
v -0.344727 0.214844 -0.125977
v -0.305664 0.177734 -0.125977
v -0.278320 0.720703 -0.127930
v 0.338867 0.257812 -0.127930
v -0.157227 0.246094 -0.127930
v -0.280273 0.175781 -0.127930
v -0.331055 0.171875 -0.127930
v -0.176758 0.093750 -0.127930
v -0.450195 0.726562 -0.129883
v 0.452149 0.726562 -0.129883
v -0.450195 0.777344 -0.129883
v 0.452149 0.777344 -0.129883
v -0.315430 0.267578 -0.129883
v 0.377930 0.744141 -0.131836
v -0.415039 0.070312 -0.131836
v -0.407227 0.605469 -0.133789
v 0.356445 0.724609 -0.133789
v 0.360352 0.728516 -0.133789
v -0.297852 0.750000 -0.133789
v -0.290039 0.761719 -0.133789
v 0.334961 0.763672 -0.133789
v 0.354492 0.775391 -0.133789
v -0.430664 0.230469 -0.133789
v -0.313477 0.734375 -0.135742
v -0.338867 0.763672 -0.135742
v -0.305664 0.775391 -0.135742
v -0.319336 0.775391 -0.135742
v 0.352539 0.273438 -0.135742
v -0.362305 0.226562 -0.135742
v -0.407227 0.615234 -0.137695
v -0.313477 0.728516 -0.137695
v 0.346680 0.740234 -0.137695
v 0.350586 0.748047 -0.137695
v 0.366211 0.761719 -0.137695
v -0.391602 0.232422 -0.137695
v -0.354492 0.228516 -0.137695
v -0.463867 0.218750 -0.137695
v -0.383789 0.093750 -0.137695
v -0.323242 0.748047 -0.139648
v 0.346680 0.777344 -0.139648
v 0.354492 0.277344 -0.139648
v -0.166992 0.246094 -0.139648
v -0.133789 0.240234 -0.139648
v -0.348633 0.228516 -0.139648
v -0.264648 0.226562 -0.139648
v -0.200195 0.093750 -0.139648
v 0.336914 0.771484 -0.141602
v -0.293945 0.773438 -0.141602
v 0.352539 0.722656 -0.143555
v 0.372070 0.734375 -0.143555
v 0.381836 0.753906 -0.143555
v -0.331055 0.775391 -0.143555
v -0.153320 0.070312 -0.143555
v -0.303711 0.740234 -0.145508
v 0.336914 0.744141 -0.145508
v -0.149414 0.046875 -0.145508
v -0.420898 0.042969 -0.145508
v 0.342773 0.730469 -0.147461
v -0.333008 0.744141 -0.147461
v -0.196289 0.244141 -0.147461
v -0.139648 0.242188 -0.147461
v -0.131836 0.238281 -0.147461
v -0.213867 0.093750 -0.147461
v -0.321289 0.734375 -0.149414
v 0.356445 0.755859 -0.149414
v 0.364258 0.769531 -0.149414
v -0.368164 0.093750 -0.149414
v -0.317383 0.755859 -0.151367
v -0.360352 0.236328 -0.151367
v -0.366211 0.234375 -0.151367
v -0.448242 0.230469 -0.151367
v -0.309570 0.189453 -0.151367
v -0.334961 0.183594 -0.151367
v -0.145508 0.242188 -0.153320
v -0.137695 0.238281 -0.153320
v -0.133789 0.236328 -0.153320
v -0.352539 0.236328 -0.153320
v -0.411133 0.232422 -0.153320
v -0.282227 0.189453 -0.153320
v -0.375977 0.046875 -0.153320
v -0.194336 0.041016 -0.153320
v 0.381836 0.761719 -0.155273
v -0.465820 0.216797 -0.155274
v -0.358398 0.093750 -0.155273
v -0.405273 0.070312 -0.155274
v 0.374023 0.767578 -0.157227
v -0.221680 0.246094 -0.159180
v -0.178711 0.070312 -0.159180
v -0.194336 0.070312 -0.163086
v -0.401367 0.050781 -0.163086
v -0.168945 0.044922 -0.163086
v -0.364258 0.240234 -0.165039
v -0.368164 0.238281 -0.165039
v -0.231445 0.093750 -0.165039
v -0.379883 0.070312 -0.165039
v -0.358398 0.240234 -0.166992
v -0.432617 0.232422 -0.166992
v -0.459961 0.222656 -0.166992
v -0.465820 0.210938 -0.166992
v -0.336914 0.093750 -0.166992
v -0.250977 0.242188 -0.168945
v -0.250977 0.093750 -0.170898
v -0.461914 0.210938 -0.172852
v -0.448242 0.224609 -0.174805
v -0.266602 0.093750 -0.174805
v -0.327148 0.093750 -0.174805
v -0.336914 0.039062 -0.174805
v -0.366211 0.240234 -0.176758
v -0.370117 0.238281 -0.176758
v -0.456055 0.214844 -0.176758
v -0.301758 0.093750 -0.176758
v -0.188477 0.240234 -0.178711
v -0.362305 0.240234 -0.178711
v -0.374023 0.070312 -0.178711
v -0.196289 0.042969 -0.178711
v -0.370117 0.238281 -0.180664
v -0.334961 0.185547 -0.180664
v -0.288086 0.093750 -0.180664
v -0.262695 0.046875 -0.180664
v -0.364258 0.238281 -0.182617
v -0.368164 0.238281 -0.182617
v -0.372070 0.050781 -0.182617
v -0.282227 0.189453 -0.184570
v -0.307617 0.189453 -0.184570
v -0.215820 0.070312 -0.184570
v -0.209961 0.242188 -0.186523
v -0.243164 0.070312 -0.186523
v -0.342773 0.070312 -0.188477
v -0.213867 0.041016 -0.190430
v -0.354492 0.042969 -0.192383
v -0.256836 0.070312 -0.194336
v -0.231445 0.048828 -0.194336
v -0.231445 0.240234 -0.196289
v -0.301758 0.070312 -0.196289
v -0.333008 0.070312 -0.196289
v -0.329102 0.039062 -0.198242
v -0.284180 0.070312 -0.200195
v -0.266602 0.046875 -0.200195
v -0.303711 0.046875 -0.200195
v -0.190430 0.232422 -0.202148
v -0.284180 0.048828 -0.204102
v -0.202148 0.234375 -0.208008
v -0.307617 0.181641 -0.208008
v -0.327148 0.177734 -0.208008
v -0.194336 0.224609 -0.209961
v -0.288086 0.179688 -0.209961
v -0.213867 0.232422 -0.211914
v -0.206055 0.226562 -0.213867
v -0.200195 0.222656 -0.213867
v -0.319336 0.169922 -0.223633
v -0.309570 0.171875 -0.225586
v -0.297852 0.169922 -0.225586
v -0.313477 0.164062 -0.227539
v -0.303711 0.164062 -0.229492
v -0.309570 0.162109 -0.229492
vt 0.758545 0.883545
vt 0.755371 0.890137
vt 0.750732 0.884521
vt 0.754883 0.876953
vt 0.748047 0.873047
vt 0.739990 0.871826
vt 0.740479 0.884033
vt 0.739746 0.895508
vt 0.729004 0.882080
vt 0.729004 0.877441
vt 0.724365 0.875488
vt 0.728027 0.885986
vt 0.724854 0.887939
vt 0.720703 0.873047
vt 0.717529 0.875732
vt 0.720459 0.889404
vt 0.728760 0.898926
vt 0.717529 0.902100
vt 0.739990 0.900391
vt 0.721191 0.907471
vt 0.740234 0.905518
vt 0.725830 0.911377
vt 0.738281 0.909668
vt 0.730469 0.913086
vt 0.734863 0.912842
vt 0.722900 0.254883
vt 0.721680 0.249268
vt 0.731689 0.251709
vt 0.727295 0.259766
vt 0.731689 0.263428
vt 0.020264 0.382324
vt 0.028320 0.382324
vt 0.028076 0.388916
vt 0.025879 0.394287
vt 0.022461 0.397461
vt 0.538330 0.984131
vt 0.532959 0.980225
vt 0.539307 0.974121
vt 0.531250 0.973389
vt 0.531006 0.965576
vt 0.548096 0.965576
vt 0.548828 0.970215
vt 0.207275 0.892578
vt 0.211426 0.904541
vt 0.199219 0.901611
vt 0.208496 0.908691
vt 0.194336 0.911133
vt 0.206787 0.911865
vt 0.207520 0.915527
vt 0.196777 0.918457
vt 0.197998 0.926514
vt 0.209473 0.917969
vt 0.205566 0.928955
vt 0.211426 0.920654
vt 0.706787 0.827881
vt 0.706787 0.816650
vt 0.712646 0.827637
vt 0.719971 0.822998
vt 0.720703 0.817627
vt 0.719482 0.813232
vt 0.716064 0.809814
vt 0.707520 0.805176
vt 0.673828 0.253174
vt 0.675049 0.257080
vt 0.673828 0.261719
vt 0.545654 0.421631
vt 0.545654 0.432129
vt 0.544434 0.426514
vt 0.791748 0.417236
vt 0.790283 0.426025
vt 0.786133 0.417969
vt 0.778076 0.422119
vt 0.774902 0.427246
vt 0.787109 0.434326
vt 0.774658 0.433838
vt 0.784424 0.441650
vt 0.791748 0.441162
vt 0.777832 0.439209
vt 0.209229 0.148193
vt 0.209229 0.140137
vt 0.209717 0.144287
vt 0.553223 0.408447
vt 0.555176 0.406006
vt 0.555176 0.416260
vt 0.551270 0.411621
vt 0.736572 0.276123
vt 0.732666 0.280762
vt 0.732666 0.267090
vt 0.801514 0.613037
vt 0.802002 0.604248
vt 0.805908 0.616943
vt 0.801514 0.627686
vt 0.644043 0.939941
vt 0.656738 0.944824
vt 0.649170 0.953369
vt 0.657715 0.960938
vt 0.639404 0.961426
vt 0.653320 0.965088
vt 0.637451 0.945801
vt 0.634521 0.951660
vt 0.633789 0.958984
vt 0.636475 0.965088
vt 0.982422 0.067871
vt 0.979004 0.055176
vt 0.982422 0.052002
vt 0.219971 0.210693
vt 0.225586 0.211426
vt 0.219727 0.217285
vt 0.221680 0.222656
vt 0.225586 0.227051
vt 0.953613 0.419189
vt 0.958984 0.409180
vt 0.958984 0.432129
vt 0.694092 0.002930
vt 0.698730 0.001953
vt 0.696045 0.012207
vt 0.689697 0.004150
vt 0.686768 0.007080
vt 0.685303 0.011230
vt 0.686279 0.015625
vt 0.689209 0.019531
vt 0.693604 0.023193
vt 0.698730 0.025146
vt 0.315430 0.886230
vt 0.314941 0.882324
vt 0.315430 0.877441
vt 0.819092 0.785645
vt 0.821777 0.788086
vt 0.821045 0.791260
vt 0.819092 0.794922
vt 0.876221 0.646484
vt 0.872559 0.645264
vt 0.878418 0.639893
vt 0.881104 0.646484
vt 0.869629 0.637207
vt 0.878662 0.625488
vt 0.870850 0.623535
vt 0.870850 0.615723
vt 0.879883 0.615234
vt 0.869629 0.599854
vt 0.889404 0.607666
vt 0.777588 0.288574
vt 0.774414 0.277588
vt 0.777588 0.274170
vt 0.673584 0.097656
vt 0.676514 0.110107
vt 0.673584 0.112061
vt 0.447266 0.430908
vt 0.447998 0.434326
vt 0.446045 0.438477
vt 0.439453 0.433838
vt 0.432861 0.420898
vt 0.446533 0.417969
vt 0.428955 0.411377
vt 0.446045 0.409424
vt 0.434814 0.400146
vt 0.447998 0.403809
vt 0.779297 0.810059
vt 0.775391 0.795166
vt 0.783691 0.810547
vt 0.783691 0.787354
vt 0.824951 0.167969
vt 0.835938 0.161621
vt 0.835938 0.184570
vt 0.954102 0.116699
vt 0.942871 0.097656
vt 0.948975 0.092285
vt 0.954102 0.088135
vt 0.955811 0.246094
vt 0.943848 0.239258
vt 0.955811 0.217529
vt 0.948730 0.219238
vt 0.020508 0.974609
vt 0.005371 0.974609
vt 0.011475 0.954834
vt 0.678223 0.105957
vt 0.684082 0.112793
vt 0.681396 0.115234
vt 0.678711 0.114746
vt 0.688477 0.103516
vt 0.678223 0.093506
vt 0.693848 0.091797
vt 0.854736 0.702637
vt 0.848633 0.708008
vt 0.845703 0.698242
vt 0.858154 0.689697
vt 0.842041 0.686523
vt 0.861084 0.673584
vt 0.842529 0.673340
vt 0.847168 0.663574
vt 0.842041 0.654541
vt 0.036377 0.520508
vt 0.025146 0.510254
vt 0.036377 0.498291
vt 0.963623 0.591553
vt 0.963623 0.613525
vt 0.954102 0.603516
vt 0.947754 0.770996
vt 0.961914 0.770996
vt 0.958984 0.794922
vt 0.953857 0.886230
vt 0.953857 0.860352
vt 0.961914 0.872559
vt 0.662598 0.161133
vt 0.675049 0.167236
vt 0.662598 0.181396
vt 0.208008 0.480957
vt 0.208008 0.460205
vt 0.219238 0.468750
vt 0.216797 0.452881
vt 0.964355 0.178223
vt 0.955566 0.156738
vt 0.973145 0.156738
vt 0.649658 0.232910
vt 0.631348 0.246582
vt 0.638184 0.232178
vt 0.626953 0.227295
vt 0.645752 0.219727
vt 0.623535 0.215332
vt 0.643799 0.200684
vt 0.614258 0.225830
vt 0.633789 0.180420
vt 0.649658 0.184082
vt 0.628906 0.195312
vt 0.617920 0.176758
vt 0.612305 0.194336
vt 0.636963 0.165039
vt 0.620605 0.162842
vt 0.604004 0.174561
vt 0.606445 0.162109
vt 0.600342 0.188721
vt 0.588867 0.181641
vt 0.590332 0.174805
vt 0.585938 0.175537
vt 0.611084 0.217529
vt 0.615479 0.207764
vt 0.597168 0.218994
vt 0.599609 0.204102
vt 0.584473 0.216064
vt 0.585449 0.201904
vt 0.587646 0.188477
vt 0.575195 0.209229
vt 0.574951 0.200684
vt 0.598877 0.231934
vt 0.587402 0.237305
vt 0.583740 0.226562
vt 0.576416 0.235107
vt 0.576172 0.241455
vt 0.580322 0.245605
vt 0.591309 0.246826
vt 0.605469 0.243652
vt 0.616943 0.234619
vt 0.617432 0.251953
vt 0.625000 0.238281
vt 0.599854 0.253906
vt 0.609375 0.263184
vt 0.604492 0.268066
vt 0.599121 0.263184
vt 0.635986 0.077881
vt 0.641357 0.087402
vt 0.635986 0.097168
vt 0.648193 0.093262
vt 0.647217 0.102539
vt 0.970459 0.664062
vt 0.970459 0.645996
vt 0.980957 0.653809
vt 0.957520 0.436523
vt 0.969971 0.435059
vt 0.968750 0.447754
vt 0.957520 0.450195
vt 0.965576 0.456055
vt 0.959229 0.457275
vt 0.652832 0.106445
vt 0.652832 0.099121
vt 0.659180 0.107178
vt 0.658203 0.103271
vt 0.391113 0.474609
vt 0.384277 0.474609
vt 0.391113 0.467773
vt 0.375244 0.583008
vt 0.375244 0.591309
vt 0.374268 0.589111
vt 0.036133 0.983154
vt 0.036133 0.977539
vt 0.044189 0.983154
vt 0.042969 0.980957
vt 0.036377 0.988770
vt 0.042969 0.986572
vt 0.010498 0.922119
vt 0.001221 0.924561
vt 0.001221 0.905518
vt 0.017090 0.898438
vt 0.020508 0.911865
vt 0.010742 0.933594
vt 0.094238 0.987305
vt 0.094238 0.970703
vt 0.105713 0.983887
vt 0.967041 0.458252
vt 0.980957 0.458496
vt 0.980957 0.468994
vt 0.972412 0.468262
vt 0.975586 0.473877
vt 0.978271 0.476318
vt 0.451416 0.128906
vt 0.457275 0.123535
vt 0.457275 0.132324
vt 0.456055 0.135742
vt 0.893066 0.990479
vt 0.893066 0.974365
vt 0.908203 0.989258
vt 0.908447 0.973633
vt 0.021240 0.958496
vt 0.033203 0.958496
vt 0.029785 0.973145
vt 0.023193 0.972168
vt 0.026611 0.977783
vt 0.374268 0.623047
vt 0.374268 0.615479
vt 0.375244 0.620850
vt 0.992432 0.258301
vt 0.996826 0.256836
vt 0.998291 0.258301
vt 0.992432 0.133057
vt 0.998535 0.133057
vt 0.997803 0.134521
vt 0.761719 0.076904
vt 0.761719 0.085205
vt 0.760254 0.082031
vt 0.858887 0.514893
vt 0.864014 0.517334
vt 0.860840 0.516357
vt 0.856689 0.510986
vt 0.864258 0.510742
vt 0.863281 0.501221
vt 0.852295 0.500488
vt 0.853027 0.488525
vt 0.863281 0.489746
vt 0.864258 0.477783
vt 0.855469 0.477051
vt 0.862061 0.464844
vt 0.855225 0.464600
vt 0.653564 0.454834
vt 0.656494 0.453369
vt 0.659668 0.454590
vt 0.651611 0.456543
vt 0.662598 0.456787
vt 0.649170 0.460205
vt 0.665039 0.459961
vt 0.646484 0.471191
vt 0.668701 0.469727
vt 0.668701 0.479980
vt 0.646484 0.481445
vt 0.666016 0.490723
vt 0.649902 0.492188
vt 0.652344 0.505127
vt 0.666016 0.503906
vt 0.666992 0.514160
vt 0.662109 0.517334
vt 0.570557 0.164795
vt 0.569580 0.161621
vt 0.575684 0.162109
vt 0.572266 0.167725
vt 0.575684 0.170410
vt 0.291992 0.515137
vt 0.301270 0.514160
vt 0.292236 0.522705
vt 0.301270 0.525146
vt 0.705078 0.182617
vt 0.693115 0.182861
vt 0.693359 0.172119
vt 0.705078 0.171143
vt 0.694824 0.160889
vt 0.702881 0.160889
vt 0.920898 0.931641
vt 0.920166 0.945068
vt 0.913330 0.931885
vt 0.913330 0.945068
vt 0.915283 0.958984
vt 0.980957 0.621338
vt 0.974854 0.608887
vt 0.980957 0.605713
vt 0.809082 0.230225
vt 0.805420 0.225342
vt 0.809082 0.216553
vt 0.997559 0.543213
vt 0.994873 0.543945
vt 0.992432 0.543213
vt 0.849609 0.351807
vt 0.848633 0.349121
vt 0.849609 0.346924
vt 0.851562 0.353271
vt 0.851562 0.344482
vt 0.794922 0.872314
vt 0.792969 0.873779
vt 0.791748 0.869873
vt 0.796631 0.869873
vt 0.791504 0.862305
vt 0.801270 0.862305
vt 0.992432 0.721680
vt 0.992676 0.718262
vt 0.997070 0.721680
vt 0.931396 0.588379
vt 0.936279 0.582275
vt 0.939941 0.585449
vt 0.939697 0.593506
vt 0.936279 0.605469
vt 0.924561 0.597412
vt 0.924805 0.582275
vt 0.915771 0.588623
vt 0.928955 0.616699
vt 0.917236 0.608398
vt 0.727051 0.392578
vt 0.718018 0.392578
vt 0.713867 0.385742
vt 0.732910 0.386719
vt 0.710693 0.375000
vt 0.737793 0.375244
vt 0.738037 0.361084
vt 0.711426 0.359863
vt 0.736328 0.348145
vt 0.710693 0.347412
vt 0.714111 0.323486
vt 0.734619 0.323975
vt 0.004639 0.976807
vt 0.017334 0.978271
vt 0.017334 0.991943
vt 0.005127 0.991455
vt 0.898926 0.115967
vt 0.913086 0.116699
vt 0.912109 0.129883
vt 0.899658 0.129639
vt 0.886719 0.119385
vt 0.913086 0.156250
vt 0.886475 0.131836
vt 0.892578 0.157715
vt 0.947021 0.076172
vt 0.954834 0.079346
vt 0.952881 0.080322
vt 0.952393 0.074463
vt 0.956543 0.077637
vt 0.958984 0.074707
vt 0.958740 0.072021
vt 0.957031 0.063232
vt 0.949219 0.065186
vt 0.947021 0.058350
vt 0.955566 0.057617
vt 0.955566 0.053223
vt 0.006348 0.421143
vt 0.005371 0.423584
vt 0.004150 0.418213
vt 0.004150 0.425781
vt 0.840576 0.596191
vt 0.839844 0.592285
vt 0.840576 0.589355
vt 0.094727 0.469971
vt 0.092529 0.461914
vt 0.094727 0.459229
vt 0.254639 0.473145
vt 0.244141 0.470703
vt 0.243652 0.468018
vt 0.256592 0.470459
vt 0.258545 0.463379
vt 0.243652 0.459717
vt 0.255371 0.449707
vt 0.243896 0.454590
vt 0.913818 0.359619
vt 0.907959 0.356445
vt 0.918457 0.352539
vt 0.910156 0.349609
vt 0.910645 0.343750
vt 0.920898 0.345703
vt 0.920410 0.338867
vt 0.910156 0.335938
vt 0.907959 0.322510
vt 0.846680 0.855469
vt 0.851562 0.850830
vt 0.851562 0.862549
vt 0.015869 0.496094
vt 0.011230 0.507812
vt 0.011230 0.494385
vt 0.035645 0.478516
vt 0.036377 0.486328
vt 0.035645 0.491943
vt 0.059814 0.960449
vt 0.051270 0.950195
vt 0.059814 0.933105
vt 0.838623 0.876221
vt 0.837402 0.859619
vt 0.859619 0.874268
vt 0.857666 0.879639
vt 0.855957 0.885254
vt 0.838135 0.882568
vt 0.852539 0.896729
vt 0.837402 0.894531
vt 0.839111 0.898438
vt 0.841553 0.900391
vt 0.850830 0.899414
vt 0.843994 0.901611
vt 0.847656 0.902100
vt 0.415527 0.958984
vt 0.415527 0.931885
vt 0.419434 0.948975
vt 0.414795 0.867432
vt 0.427490 0.854980
vt 0.425781 0.872314
vt 0.415527 0.873047
vt 0.426270 0.878906
vt 0.407227 0.876221
vt 0.405518 0.870605
vt 0.416992 0.881104
vt 0.408936 0.882080
vt 0.412354 0.893555
vt 0.419189 0.892578
vt 0.427490 0.891113
vt 0.425781 0.894775
vt 0.423340 0.896973
vt 0.420898 0.898438
vt 0.417480 0.898926
vt 0.255371 0.784180
vt 0.255371 0.791748
vt 0.254639 0.787598
vt 0.783691 0.696289
vt 0.783691 0.705078
vt 0.782471 0.702393
vt 0.992432 0.893555
vt 0.994873 0.892334
vt 0.996094 0.893555
vt 0.446777 0.319580
vt 0.450195 0.318604
vt 0.453369 0.319824
vt 0.455566 0.324463
vt 0.442871 0.324951
vt 0.458984 0.342285
vt 0.436279 0.341309
vt 0.431885 0.359619
vt 0.460449 0.356934
vt 0.460449 0.376465
vt 0.429688 0.376221
vt 0.429688 0.394287
vt 0.460449 0.393311
vt 0.450684 0.402100
vt 0.998047 0.064209
vt 0.998779 0.065674
vt 0.992432 0.065674
vt 0.616699 0.266602
vt 0.610107 0.266602
vt 0.614746 0.260010
vt 0.992432 0.895508
vt 0.996094 0.895508
vt 0.995117 0.895996
vt 0.714355 0.202881
vt 0.713379 0.203369
vt 0.710205 0.198975
vt 0.714355 0.195068
vt 0.221436 0.238037
vt 0.222412 0.243408
vt 0.221436 0.246094
vt 0.715820 0.173828
vt 0.721191 0.173828
vt 0.720459 0.191895
vt 0.710449 0.192139
vt 0.728027 0.174805
vt 0.731689 0.191650
vt 0.731689 0.210938
vt 0.718018 0.209961
vt 0.731201 0.227783
vt 0.715820 0.227051
vt 0.729980 0.246094
vt 0.714844 0.245117
vt 0.909912 0.968262
vt 0.900391 0.962158
vt 0.909912 0.947510
vt 0.326416 0.956787
vt 0.317627 0.968262
vt 0.317627 0.945557
vt 0.976318 0.847412
vt 0.976318 0.867432
vt 0.961426 0.864258
vt 0.960449 0.849121
vt 0.966797 0.096436
vt 0.956543 0.105713
vt 0.956543 0.082764
vt 0.207031 0.971436
vt 0.207031 0.950439
vt 0.219238 0.963623
vt 0.088135 0.450928
vt 0.083984 0.429199
vt 0.093018 0.437012
vt 0.093018 0.420166
vt 0.393799 0.431396
vt 0.406982 0.434326
vt 0.387939 0.445801
vt 0.400635 0.449219
vt 0.387207 0.464844
vt 0.377686 0.450439
vt 0.376221 0.469727
vt 0.363281 0.457031
vt 0.365967 0.473145
vt 0.401123 0.465332
vt 0.410156 0.452881
vt 0.415771 0.437500
vt 0.411377 0.467041
vt 0.418701 0.467529
vt 0.424316 0.448730
vt 0.423584 0.433350
vt 0.436035 0.435059
vt 0.427734 0.469238
vt 0.436768 0.452637
vt 0.435059 0.469727
vt 0.447510 0.452393
vt 0.445312 0.473145
vt 0.451416 0.436768
vt 0.462158 0.441162
vt 0.456055 0.456299
vt 0.791748 0.614990
vt 0.784180 0.601074
vt 0.791748 0.590820
vt 0.598633 0.965088
vt 0.598633 0.941406
vt 0.611816 0.954346
vt 0.959717 0.575195
vt 0.977783 0.575195
vt 0.973145 0.594482
vt 0.803955 0.946289
vt 0.813721 0.958008
vt 0.803955 0.968262
vt 0.723389 0.977295
vt 0.718506 0.957520
vt 0.738037 0.957520
vt 0.735596 0.977783
vt 0.055908 0.979248
vt 0.055908 0.960693
vt 0.069336 0.972412
vt 0.149902 0.958496
vt 0.149902 0.977783
vt 0.132812 0.974609
vt 0.941162 0.971436
vt 0.946289 0.987305
vt 0.933594 0.987305
vt 0.883545 0.956787
vt 0.895752 0.969482
vt 0.883545 0.976318
vt 0.711426 0.479980
vt 0.708740 0.487061
vt 0.658691 0.441895
vt 0.702881 0.493896
vt 0.717529 0.471436
vt 0.700195 0.500977
vt 0.690918 0.507812
vt 0.722168 0.458008
vt 0.716553 0.441895
vt 0.713135 0.428223
vt 0.709717 0.419189
vt 0.725342 0.429443
vt 0.600586 0.507812
vt 0.589844 0.497803
vt 0.583008 0.493408
vt 0.577148 0.481934
vt 0.572754 0.473877
vt 0.567627 0.463379
vt 0.568115 0.448975
vt 0.566162 0.440186
vt 0.549072 0.437500
vt 0.562256 0.425537
vt 0.567627 0.413086
vt 0.571289 0.402100
vt 0.575684 0.393311
vt 0.579346 0.382324
vt 0.587646 0.376465
vt 0.593018 0.366943
vt 0.604248 0.364258
vt 0.613281 0.357666
vt 0.626221 0.358154
vt 0.635742 0.356934
vt 0.647705 0.358154
vt 0.656250 0.364258
vt 0.665039 0.365479
vt 0.675049 0.371338
vt 0.668213 0.353516
vt 0.682373 0.362305
vt 0.686768 0.368652
vt 0.681152 0.378174
vt 0.689697 0.384033
vt 0.698486 0.374756
vt 0.706055 0.386475
vt 0.695557 0.393799
vt 0.711426 0.390625
vt 0.700195 0.400391
vt 0.706787 0.411133
vt 0.719482 0.404541
vt 0.721436 0.411865
vt 0.021973 0.406982
vt 0.012451 0.404541
vt 0.016846 0.384521
vt 0.007812 0.379395
vt 0.021973 0.305908
vt 0.001709 0.399414
vt 0.002197 0.416260
vt 0.572754 0.966553
vt 0.582031 0.984131
vt 0.567139 0.984131
vt 0.409912 0.959229
vt 0.421143 0.973633
vt 0.409912 0.977783
vt 0.911621 0.302002
vt 0.911133 0.321777
vt 0.902344 0.307129
vt 0.901367 0.286865
vt 0.911621 0.281494
vt 0.578613 0.121338
vt 0.564697 0.119141
vt 0.569336 0.105713
vt 0.580566 0.107178
vt 0.599365 0.120850
vt 0.600830 0.108154
vt 0.587646 0.096436
vt 0.604980 0.097656
vt 0.678223 0.121338
vt 0.608154 0.086914
vt 0.587891 0.082764
vt 0.572266 0.088379
vt 0.580322 0.074951
vt 0.612549 0.076416
vt 0.596191 0.069824
vt 0.615479 0.070557
vt 0.596191 0.061768
vt 0.621826 0.058105
vt 0.606934 0.047119
vt 0.624512 0.051514
vt 0.609375 0.040283
vt 0.634033 0.042236
vt 0.621582 0.030029
vt 0.627686 0.022461
vt 0.638672 0.035889
vt 0.647949 0.031494
vt 0.639160 0.016113
vt 0.442871 0.512939
vt 0.451904 0.520020
vt 0.375977 0.532959
vt 0.454102 0.532959
vt 0.182861 0.971924
vt 0.198730 0.971924
vt 0.198730 0.988770
vt 0.182129 0.984131
vt 0.512451 0.457275
vt 0.512451 0.473145
vt 0.498291 0.466309
vt 0.964355 0.687012
vt 0.973145 0.695557
vt 0.964355 0.706543
vt 0.987305 0.241211
vt 0.973877 0.227783
vt 0.987305 0.225830
vt 0.430908 0.244629
vt 0.440918 0.239502
vt 0.460449 0.316895
vt 0.447021 0.237305
vt 0.460449 0.232666
vt 0.301270 0.837402
vt 0.288330 0.833740
vt 0.301270 0.822510
vt 0.271240 0.515625
vt 0.271240 0.526855
vt 0.265137 0.519531
vt 0.230225 0.967529
vt 0.241455 0.968750
vt 0.246094 0.978760
vt 0.230225 0.985596
vt 0.966064 0.592773
vt 0.977783 0.603271
vt 0.966064 0.611816
vt 0.979248 0.206299
vt 0.979248 0.223877
vt 0.965820 0.219971
vt 0.858643 0.062256
vt 0.876953 0.070068
vt 0.858643 0.067871
vt 0.872314 0.084717
vt 0.858643 0.085938
vt 0.871094 0.096191
vt 0.858643 0.096191
vt 0.858643 0.112061
vt 0.872314 0.106201
vt 0.582764 0.178223
vt 0.583496 0.192383
vt 0.574463 0.175781
vt 0.583496 0.161621
vt 0.969971 0.621094
vt 0.969971 0.641846
vt 0.959961 0.635986
vt 0.944092 0.469971
vt 0.958984 0.460449
vt 0.955566 0.478271
vt 0.942139 0.485840
vt 0.958984 0.489014
vt 0.207275 0.506348
vt 0.220703 0.519775
vt 0.207275 0.515381
vt 0.207275 0.526855
vt 0.280273 0.960938
vt 0.293457 0.975586
vt 0.280273 0.979248
vt 0.928955 0.022217
vt 0.927246 0.039307
vt 0.916016 0.036865
vt 0.911621 0.019043
vt 0.914795 0.002930
vt 0.906494 0.001953
vt 0.928955 0.005615
vt 0.551514 0.964844
vt 0.562988 0.975586
vt 0.551514 0.982422
vt 0.852295 0.968994
vt 0.854736 0.985596
vt 0.840088 0.985596
vt 0.843262 0.970215
vt 0.895752 0.605713
vt 0.888428 0.604736
vt 0.895752 0.586426
vt 0.869385 0.648193
vt 0.884766 0.650879
vt 0.869385 0.664307
vt 0.852783 0.662109
vt 0.883301 0.665771
vt 0.883545 0.681641
vt 0.867432 0.678711
vt 0.866943 0.692139
vt 0.884766 0.695557
vt 0.406982 0.967041
vt 0.406982 0.984131
vt 0.391846 0.980469
vt 0.965088 0.192383
vt 0.965088 0.214600
vt 0.955322 0.201416
vt 0.947021 0.209229
vt 0.930176 0.708252
vt 0.930420 0.726318
vt 0.916016 0.727051
vt 0.917480 0.709229
vt 0.916016 0.691895
vt 0.386719 0.956543
vt 0.398926 0.970459
vt 0.386719 0.976318
vt 0.452148 0.212158
vt 0.458984 0.230225
vt 0.444824 0.230225
vt 0.900635 0.605713
vt 0.899414 0.625000
vt 0.892578 0.610596
vt 0.883057 0.616943
vt 0.886230 0.634277
vt 0.900635 0.644531
vt 0.889648 0.649658
vt 0.375244 0.926025
vt 0.371338 0.941406
vt 0.359375 0.939941
vt 0.362793 0.924316
vt 0.369141 0.908447
vt 0.359375 0.908447
vt 0.635498 0.483154
vt 0.630127 0.498291
vt 0.625488 0.483887
vt 0.617676 0.499512
vt 0.635498 0.514648
vt 0.621582 0.515625
vt 0.980957 0.533936
vt 0.980957 0.550293
vt 0.969482 0.546143
vt 0.344971 0.945801
vt 0.354736 0.957031
vt 0.344971 0.968262
vt 0.786865 0.784424
vt 0.771240 0.788574
vt 0.786621 0.772705
vt 0.771484 0.773438
vt 0.755615 0.773682
vt 0.785156 0.761963
vt 0.769043 0.761230
vt 0.785889 0.750000
vt 0.772217 0.747314
vt 0.785889 0.740479
vt 0.753662 0.751953
vt 0.751709 0.766602
vt 0.772461 0.736328
vt 0.786865 0.729736
vt 0.773193 0.724365
vt 0.756104 0.731689
vt 0.758545 0.720459
vt 0.756348 0.747070
vt 0.968262 0.227051
vt 0.958252 0.239746
vt 0.958252 0.218018
vt 0.225586 0.939941
vt 0.225586 0.963623
vt 0.214600 0.955078
vt 0.325928 0.962891
vt 0.332764 0.980957
vt 0.315674 0.980957
vt 0.971436 0.892090
vt 0.971436 0.911621
vt 0.962158 0.895752
vt 0.943359 0.001221
vt 0.950928 0.017822
vt 0.943359 0.025146
vt 0.955566 0.611572
vt 0.961914 0.622803
vt 0.945557 0.612061
vt 0.949707 0.623291
vt 0.945557 0.640381
vt 0.007812 0.958740
vt 0.001221 0.974609
vt 0.001221 0.955811
vt 0.979248 0.434814
vt 0.979248 0.449219
vt 0.971924 0.437256
vt 0.971924 0.452637
vt 0.990479 0.701904
vt 0.976562 0.716064
vt 0.976562 0.700684
vt 0.123047 0.975830
vt 0.119629 0.991943
vt 0.107422 0.975830
vt 0.109375 0.990479
vt 0.008301 0.310547
vt 0.015869 0.320312
vt 0.008301 0.328125
vt 0.982422 0.310303
vt 0.982422 0.326416
vt 0.975586 0.314453
vt 0.665527 0.001221
vt 0.665527 0.015869
vt 0.655273 0.006592
vt 0.961670 0.298340
vt 0.973145 0.302734
vt 0.961670 0.310791
vt 0.973145 0.310547
vt 0.973145 0.318604
vt 0.960205 0.241943
vt 0.968262 0.253174
vt 0.960205 0.263428
vt 0.678223 0.951172
vt 0.678223 0.971436
vt 0.668945 0.961426
vt 0.829590 0.109375
vt 0.839111 0.117432
vt 0.829590 0.124512
vt 0.965088 0.025146
vt 0.953857 0.016357
vt 0.965088 0.018555
vt 0.953857 0.007324
vt 0.965088 0.002441
vt 0.603516 0.804932
vt 0.613525 0.804932
vt 0.609863 0.818604
vt 0.607178 0.195068
vt 0.607178 0.209717
vt 0.600342 0.195801
vt 0.980957 0.374756
vt 0.980957 0.391113
vt 0.970703 0.383789
vt 0.931396 0.901123
vt 0.936768 0.915039
vt 0.931396 0.924072
vt 0.697021 0.968994
vt 0.680908 0.985596
vt 0.680908 0.968506
vt 0.515869 0.970703
vt 0.520508 0.987305
vt 0.506104 0.987305
vt 0.804199 0.072510
vt 0.793945 0.065918
vt 0.804199 0.058594
vt 0.960449 0.380127
vt 0.950439 0.373291
vt 0.950684 0.360352
vt 0.960449 0.352783
vt 0.946045 0.370605
vt 0.945557 0.363525
vt 0.944092 0.367432
vt 0.164551 0.816406
vt 0.165527 0.811279
vt 0.165527 0.820068
vt 0.557861 0.465332
vt 0.552246 0.458496
vt 0.558350 0.458496
vt 0.919434 0.518799
vt 0.917725 0.513184
vt 0.922607 0.517090
vt 0.924561 0.511963
vt 0.916748 0.500488
vt 0.930420 0.500244
vt 0.916748 0.487061
vt 0.933594 0.484131
vt 0.840576 0.198730
vt 0.834229 0.198730
vt 0.840088 0.186768
vt 0.650391 0.936279
vt 0.666748 0.920654
vt 0.666992 0.933594
vt 0.652832 0.917969
vt 0.632324 0.938477
vt 0.632568 0.920654
vt 0.652344 0.902100
vt 0.632812 0.902100
vt 0.818848 0.933350
vt 0.817871 0.906738
vt 0.833740 0.904541
vt 0.834717 0.939209
vt 0.853271 0.904053
vt 0.853271 0.939941
vt 0.511475 0.860352
vt 0.531250 0.858398
vt 0.531250 0.876221
vt 0.512939 0.878662
vt 0.517090 0.904297
vt 0.532227 0.902344
vt 0.538086 0.905273
vt 0.548828 0.877686
vt 0.548828 0.859863
vt 0.908447 0.528320
vt 0.894287 0.496338
vt 0.908447 0.487793
vt 0.088867 0.908447
vt 0.088867 0.867432
vt 0.102539 0.899414
vt 0.944580 0.789307
vt 0.918457 0.802734
vt 0.941406 0.783691
vt 0.918457 0.769287
vt 0.943115 0.769775
vt 0.713135 0.916260
vt 0.714600 0.911621
vt 0.717041 0.917969
vt 0.717773 0.907471
vt 0.713135 0.902588
vt 0.720703 0.913818
vt 0.557861 0.914062
vt 0.554688 0.917969
vt 0.553467 0.911133
vt 0.558350 0.906250
vt 0.554932 0.898682
vt 0.548828 0.910156
vt 0.548828 0.895020
vt 0.557129 0.888916
vt 0.555908 0.883057
vt 0.552490 0.879639
vt 0.170166 0.839844
vt 0.170410 0.843750
vt 0.165527 0.841553
vt 0.170410 0.832520
vt 0.165527 0.832275
vt 0.812256 0.226807
vt 0.814697 0.220459
vt 0.816895 0.229736
vt 0.812256 0.233398
vt 0.619873 0.081055
vt 0.619873 0.086670
vt 0.614258 0.081055
vt 0.614258 0.086670
vt 0.616699 0.076416
vt 0.637207 0.897705
vt 0.629639 0.898926
vt 0.629639 0.894287
vt 0.637207 0.893066
vt 0.631348 0.889893
vt 0.675049 0.848389
vt 0.671387 0.844238
vt 0.675049 0.836670
vt 0.972168 0.249512
vt 0.974854 0.243896
vt 0.975586 0.253906
vt 0.978027 0.247314
vt 0.979248 0.239990
vt 0.979248 0.252686
vt 0.979248 0.257080
vt 0.634033 0.091553
vt 0.630371 0.088867
vt 0.634033 0.076416
vt 0.786865 0.990479
vt 0.773193 0.985840
vt 0.786865 0.983643
vt 0.773926 0.976562
vt 0.786377 0.974365
vt 0.508545 0.962402
vt 0.505127 0.958496
vt 0.510498 0.954590
vt 0.505127 0.949951
vt 0.507812 0.941162
vt 0.512207 0.965088
vt 0.514160 0.954834
vt 0.353516 0.473145
vt 0.349854 0.459961
vt 0.357178 0.472900
vt 0.357910 0.458008
vt 0.349854 0.450439
vt 0.353027 0.445557
vt 0.355469 0.442383
vt 0.820068 0.285400
vt 0.820068 0.271240
vt 0.827393 0.284668
vt 0.827881 0.271484
vt 0.591309 0.264160
vt 0.591309 0.274414
vt 0.586670 0.267090
vt 0.586182 0.273193
vt 0.583496 0.269531
vt 0.428955 0.186279
vt 0.448730 0.201416
vt 0.429688 0.205322
vt 0.442139 0.233398
vt 0.428467 0.224365
vt 0.447998 0.181641
vt 0.428711 0.165771
vt 0.445557 0.160889
vt 0.442627 0.141846
vt 0.428467 0.145752
vt 0.431152 0.126221
vt 0.437988 0.124268
vt 0.444824 0.123291
vt 0.454346 0.140869
vt 0.460449 0.158447
vt 0.615967 0.906738
vt 0.626221 0.919189
vt 0.615967 0.939941
vt 0.914795 0.779541
vt 0.914307 0.811523
vt 0.896240 0.782959
vt 0.896240 0.820068
vt 0.082520 0.425049
vt 0.064941 0.435303
vt 0.066162 0.404785
vt 0.083496 0.405029
vt 0.064941 0.385254
vt 0.082520 0.384277
vt 0.066162 0.364502
vt 0.081543 0.364258
vt 0.069336 0.345215
vt 0.094727 0.523682
vt 0.056885 0.520264
vt 0.094727 0.507568
vt 0.056396 0.503174
vt 0.093262 0.489746
vt 0.059082 0.485352
vt 0.090332 0.470215
vt 0.062988 0.468018
vt 0.083984 0.449951
vt 0.069580 0.448730
vt 0.080322 0.444336
vt 0.078125 0.443115
vt 0.072998 0.443848
vt 0.074951 0.442383
vt 0.076904 0.441162
vt 0.512451 0.422607
vt 0.508057 0.427490
vt 0.508301 0.418213
vt 0.508057 0.416016
vt 0.007812 0.260254
vt 0.007080 0.254395
vt 0.007812 0.252441
vt 0.214600 0.317139
vt 0.214355 0.324951
vt 0.212402 0.323486
vt 0.207275 0.317139
vt 0.751709 0.586670
vt 0.751709 0.578613
vt 0.752197 0.580811
vt 0.996094 0.864258
vt 0.996094 0.866699
vt 0.992432 0.866455
vt 0.992432 0.264160
vt 0.993652 0.260742
vt 0.996826 0.260498
vt 0.998047 0.264160
vt 0.994873 0.237061
vt 0.992432 0.235596
vt 0.998291 0.235596
vt 0.850342 0.143311
vt 0.852295 0.141602
vt 0.853271 0.147461
vt 0.851562 0.147949
vt 0.853760 0.151367
vt 0.850342 0.150879
vt 0.856201 0.146240
vt 0.856201 0.143799
vt 0.857910 0.148193
vt 0.993652 0.501953
vt 0.997314 0.502441
vt 0.992432 0.505859
vt 0.997559 0.505859
vt 0.906494 0.113525
vt 0.901855 0.113525
vt 0.902832 0.111572
vt 0.904785 0.109863
vt 0.907471 0.111572
vt 0.901367 0.107910
vt 0.908447 0.106934
vt 0.902344 0.105957
vt 0.905029 0.104980
vt 0.996582 0.609619
vt 0.997314 0.614502
vt 0.992432 0.614502
vt 0.018066 0.260254
vt 0.019043 0.264648
vt 0.014160 0.265137
vt 0.015381 0.267578
vt 0.019043 0.268066
vt 0.067139 0.447998
vt 0.062256 0.444336
vt 0.064941 0.444336
vt 0.064453 0.441162
vt 0.067871 0.442383
vt 0.060547 0.443359
vt 0.060547 0.439453
vt 0.067383 0.439209
vt 0.065674 0.437988
vt 0.992432 0.351318
vt 0.998047 0.351318
vt 0.995850 0.353516
vt 0.997070 0.688721
vt 0.992432 0.688721
vt 0.996094 0.686035
vt 0.992432 0.685303
vt 0.023438 0.333496
vt 0.025146 0.334717
vt 0.023438 0.340576
vt 0.996582 0.516602
vt 0.993652 0.517334
vt 0.992432 0.513916
vt 0.997559 0.513916
vt 0.998047 0.318359
vt 0.992432 0.318359
vt 0.994141 0.315918
vt 0.995117 0.450684
vt 0.992432 0.450928
vt 0.994385 0.446533
vt 0.997559 0.446777
vt 0.997559 0.450195
vt 0.626221 0.349609
vt 0.627197 0.346680
vt 0.630859 0.348633
vt 0.630859 0.351318
vt 0.629883 0.354248
vt 0.626221 0.354736
vt 0.221924 0.176270
vt 0.220459 0.176270
vt 0.222412 0.173828
vt 0.221436 0.178711
vt 0.218750 0.179688
vt 0.218262 0.178467
vt 0.220947 0.173828
vt 0.223877 0.163574
vt 0.219971 0.175049
vt 0.218506 0.164307
vt 0.221436 0.164307
vt 0.218750 0.153564
vt 0.222900 0.152344
vt 0.219238 0.142578
vt 0.222900 0.142090
vt 0.219238 0.132568
vt 0.222656 0.132080
vt 0.217285 0.124756
vt 0.220947 0.124023
vt 0.223877 0.124268
vt 0.993896 0.958008
vt 0.995605 0.960205
vt 0.993164 0.960205
vt 0.992432 0.958008
vt 0.891113 0.864990
vt 0.888672 0.875244
vt 0.887451 0.865479
vt 0.890137 0.853760
vt 0.886963 0.853027
vt 0.890869 0.842773
vt 0.886719 0.842529
vt 0.891113 0.833008
vt 0.886963 0.832764
vt 0.798828 0.003174
vt 0.802734 0.001465
vt 0.802734 0.009521
vt 0.211670 0.498535
vt 0.214600 0.499512
vt 0.211670 0.505127
vt 0.214111 0.506348
vt 0.213623 0.509277
vt 0.010742 0.410645
vt 0.014160 0.411865
vt 0.010742 0.417969
vt 0.809082 0.065918
vt 0.807861 0.072510
vt 0.806396 0.065918
vt 0.996094 0.856689
vt 0.993896 0.859131
vt 0.992432 0.856689
vt 0.992432 0.777832
vt 0.996826 0.777832
vt 0.995605 0.779297
vt 0.995850 0.916016
vt 0.992432 0.916016
vt 0.994629 0.915283
vt 0.881592 0.288330
vt 0.895752 0.289795
vt 0.895752 0.311035
vt 0.881836 0.308350
vt 0.889893 0.332764
vt 0.622314 0.062988
vt 0.632324 0.074463
vt 0.622314 0.088379
vt 0.798096 0.593506
vt 0.794922 0.572754
vt 0.825684 0.586182
vt 0.817383 0.609619
vt 0.810547 0.613525
vt 0.826416 0.566162
vt 0.795654 0.553223
vt 0.826416 0.551025
vt 0.742676 0.025146
vt 0.742676 0.001953
vt 0.753906 0.010254
vt 0.976318 0.767822
vt 0.977783 0.786865
vt 0.962891 0.786865
vt 0.964600 0.767334
vt 0.570801 0.096191
vt 0.561279 0.107178
vt 0.561279 0.082031
vt 0.646484 0.490967
vt 0.646484 0.515625
vt 0.635986 0.507080
vt 0.743164 0.961914
vt 0.743164 0.934326
vt 0.758301 0.936279
vt 0.759766 0.957764
vt 0.769531 0.952637
vt 0.141602 0.959473
vt 0.126465 0.963623
vt 0.126465 0.948486
vt 0.141602 0.947754
vt 0.153076 0.954346
vt 0.152832 0.948486
vt 0.152832 0.942627
vt 0.143066 0.936523
vt 0.126465 0.933105
vt 0.624268 0.950195
vt 0.630615 0.961182
vt 0.624268 0.969971
vt 0.632324 0.965088
vt 0.629883 0.969727
vt 0.632324 0.967285
vt 0.001465 0.803223
vt 0.002930 0.797363
vt 0.006104 0.801270
vt 0.006348 0.804932
vt 0.001465 0.809082
vt 0.005127 0.806641
vt 0.576416 0.271240
vt 0.576416 0.246094
vt 0.588135 0.253174
vt 0.621338 0.934570
vt 0.621338 0.958984
vt 0.614746 0.954346
vt 0.375244 0.755127
vt 0.375244 0.763428
vt 0.374268 0.755371
vt 0.447998 0.934814
vt 0.446777 0.935303
vt 0.446777 0.912354
vt 0.081543 0.342773
vt 0.082764 0.339844
vt 0.083496 0.342041
vt 0.079346 0.339844
vt 0.079346 0.343506
vt 0.079346 0.346924
vt 0.082520 0.345947
vt 0.630859 0.808105
vt 0.632568 0.806641
vt 0.632324 0.811279
vt 0.634033 0.809570
vt 0.628418 0.811035
vt 0.628662 0.807617
vt 0.629883 0.814453
vt 0.634033 0.814697
vt 0.633057 0.818604
vt 0.059814 0.813721
vt 0.057373 0.811279
vt 0.062012 0.810547
vt 0.062988 0.815430
vt 0.058594 0.808838
vt 0.062988 0.807373
vt 0.648926 0.263428
vt 0.651367 0.263184
vt 0.651367 0.266602
vt 0.648926 0.266846
vt 0.651367 0.270264
vt 0.647217 0.271240
vt 0.261475 0.833496
vt 0.263428 0.837158
vt 0.260742 0.838623
vt 0.262695 0.842285
vt 0.259033 0.834961
vt 0.258545 0.840088
vt 0.257568 0.835938
vt 0.257568 0.832275
vt 0.651611 0.081543
vt 0.656006 0.081543
vt 0.654053 0.085938
vt 0.656006 0.088379
vt 0.996094 0.662598
vt 0.992432 0.662598
vt 0.997070 0.659424
vt 0.993408 0.659424
vt 0.884766 0.779541
vt 0.880859 0.780762
vt 0.878906 0.775391
vt 0.880127 0.772217
vt 0.884766 0.772461
vt 0.997314 0.653076
vt 0.992432 0.653076
vt 0.994385 0.651611
vt 0.865234 0.544189
vt 0.865479 0.540039
vt 0.868652 0.543457
vt 0.868652 0.539795
vt 0.872070 0.539551
vt 0.872070 0.543457
vt 0.872070 0.535400
vt 0.868652 0.535889
vt 0.865234 0.535400
vt 0.871094 0.531982
vt 0.868896 0.531982
vt 0.866455 0.531982
vt 0.996582 0.801270
vt 0.996582 0.804443
vt 0.992432 0.801758
vt 0.616943 0.123047
vt 0.617432 0.119385
vt 0.621338 0.121582
vt 0.620850 0.118408
vt 0.616943 0.114258
vt 0.624512 0.119141
vt 0.624512 0.122559
vt 0.993896 0.799316
vt 0.992432 0.795410
vt 0.996582 0.795410
vt 0.682617 0.011475
vt 0.678955 0.015869
vt 0.678711 0.012207
vt 0.682617 0.007812
vt 0.678711 0.008545
vt 0.680664 0.004395
vt 0.678711 0.004639
vt 0.684570 0.005859
vt 0.682617 0.002441
vt 0.678955 0.002197
vt 0.993652 0.984619
vt 0.994629 0.986816
vt 0.992432 0.986816
vt 0.992432 0.306885
vt 0.994629 0.306885
vt 0.994629 0.309326
vt 0.996826 0.306885
vt 0.998047 0.309082
vt 0.800049 0.664307
vt 0.781250 0.663330
vt 0.782227 0.641113
vt 0.783203 0.684570
vt 0.801270 0.642090
vt 0.781250 0.620361
vt 0.798096 0.621338
vt 0.346924 0.463623
vt 0.326172 0.460205
vt 0.345947 0.446289
vt 0.325928 0.440918
vt 0.304199 0.463379
vt 0.305176 0.444336
vt 0.283447 0.463623
vt 0.283936 0.446533
vt 0.264160 0.461670
vt 0.264893 0.448242
vt 0.470947 0.906738
vt 0.452148 0.906738
vt 0.479736 0.884521
vt 0.440674 0.885010
vt 0.442139 0.864746
vt 0.480957 0.863037
vt 0.753418 0.554688
vt 0.791748 0.550781
vt 0.788574 0.571533
vt 0.753418 0.574463
vt 0.784668 0.591797
vt 0.756836 0.594238
vt 0.778809 0.612305
vt 0.764404 0.614014
vt 0.768066 0.618896
vt 0.776123 0.618652
vt 0.774170 0.620117
vt 0.770996 0.620850
vt 0.771973 0.621338
vt 0.862549 0.114990
vt 0.880127 0.110840
vt 0.881592 0.128662
vt 0.868164 0.132812
vt 0.881592 0.149658
vt 0.880371 0.155518
vt 0.878418 0.158447
vt 0.875000 0.151855
vt 0.877686 0.159180
vt 0.867920 0.153564
vt 0.855469 0.137695
vt 0.875488 0.159180
vt 0.872803 0.158447
vt 0.223389 0.249756
vt 0.225586 0.242920
vt 0.225586 0.250732
vt 0.007080 0.211182
vt 0.011475 0.222168
vt 0.007080 0.239746
vt 0.014160 0.233887
vt 0.405029 0.861084
vt 0.406250 0.852051
vt 0.431152 0.849854
vt 0.405273 0.829834
vt 0.437744 0.828125
vt 0.405029 0.807129
vt 0.441650 0.805664
vt 0.697266 0.903564
vt 0.687500 0.902100
vt 0.690186 0.881592
vt 0.676758 0.902588
vt 0.675049 0.882324
vt 0.671143 0.859619
vt 0.688965 0.858887
vt 0.705078 0.883789
vt 0.705078 0.860840
vt 0.583496 0.498535
vt 0.572266 0.514160
vt 0.572266 0.486084
vt 0.846436 0.013184
vt 0.883057 0.008057
vt 0.881592 0.030029
vt 0.846436 0.032227
vt 0.877686 0.048828
vt 0.851562 0.050049
vt 0.859863 0.059814
vt 0.874023 0.059570
vt 0.698730 0.966797
vt 0.681641 0.964844
vt 0.681641 0.943115
vt 0.697754 0.944092
vt 0.858887 0.762939
vt 0.876953 0.761963
vt 0.876953 0.778809
vt 0.860352 0.782227
vt 0.875732 0.797607
vt 0.862061 0.797607
vt 0.871094 0.809570
vt 0.864502 0.811768
vt 0.850098 0.801270
vt 0.857422 0.812256
vt 0.843506 0.783936
vt 0.971436 0.226318
vt 0.971436 0.240479
vt 0.963867 0.239258
vt 0.968262 0.246094
vt 0.971436 0.245361
vt 0.992432 0.088623
vt 0.998535 0.088623
vt 0.994385 0.093750
vt 0.553467 0.427490
vt 0.548828 0.430664
vt 0.548828 0.417236
vt 0.553467 0.421387
vt 0.555176 0.424561
vt 0.266602 0.854736
vt 0.265137 0.851074
vt 0.266602 0.844971
vt 0.844971 0.062256
vt 0.851562 0.057617
vt 0.851562 0.060791
vt 0.844971 0.057861
vt 0.851318 0.067871
vt 0.076904 0.255371
vt 0.074463 0.253418
vt 0.078125 0.249023
vt 0.081787 0.250732
vt 0.079102 0.242676
vt 0.074463 0.241943
vt 0.083496 0.243408
vt 0.079346 0.237061
vt 0.868896 0.311768
vt 0.864014 0.313721
vt 0.861816 0.309814
vt 0.857910 0.312500
vt 0.868896 0.303467
vt 0.855957 0.307129
vt 0.852539 0.309326
vt 0.861328 0.293701
vt 0.868164 0.295898
vt 0.854736 0.299561
vt 0.849365 0.303223
vt 0.850342 0.297119
vt 0.853516 0.292236
vt 0.859131 0.289795
vt 0.969238 0.539307
vt 0.967529 0.533691
vt 0.976318 0.534668
vt 0.974365 0.527832
vt 0.966553 0.526123
vt 0.968750 0.520020
vt 0.976318 0.520752
vt 0.575928 0.188477
vt 0.580322 0.190918
vt 0.574707 0.194092
vt 0.580322 0.198730
vt 0.928223 0.568848
vt 0.931885 0.563232
vt 0.932129 0.569580
vt 0.928223 0.575684
vt 0.931885 0.575195
vt 0.930176 0.583496
vt 0.479492 0.541992
vt 0.479492 0.548828
vt 0.476807 0.547119
vt 0.884521 0.728516
vt 0.887207 0.730225
vt 0.889404 0.736572
vt 0.883545 0.736572
vt 0.696533 0.370605
vt 0.696533 0.363770
vt 0.703369 0.364746
vt 0.699219 0.356201
vt 0.951904 0.948730
vt 0.959717 0.944092
vt 0.966553 0.948486
vt 0.952148 0.955566
vt 0.958984 0.959961
vt 0.951904 0.964600
vt 0.958740 0.966797
vt 0.966797 0.956543
vt 0.965576 0.965576
vt 0.430176 0.960693
vt 0.438965 0.960693
vt 0.432373 0.966309
vt 0.439941 0.965820
vt 0.438477 0.972900
vt 0.430176 0.974365
vt 0.435303 0.979248
vt 0.754150 0.717773
vt 0.754150 0.708496
vt 0.757080 0.716064
vt 0.755371 0.722412
vt 0.034668 0.842529
vt 0.039551 0.837158
vt 0.038330 0.843506
vt 0.042480 0.843262
vt 0.034668 0.849609
vt 0.038086 0.849609
vt 0.040771 0.854736
vt 0.036865 0.856445
vt 0.971924 0.125977
vt 0.973145 0.132812
vt 0.967529 0.126953
vt 0.968506 0.132812
vt 0.973145 0.139404
vt 0.968506 0.139404
vt 0.971924 0.145020
vt 0.967529 0.144043
vt 0.865479 0.821777
vt 0.861084 0.814453
vt 0.867432 0.814453
vt 0.731445 0.394775
vt 0.738037 0.393311
vt 0.738037 0.400635
vt 0.783691 0.823730
vt 0.780273 0.824707
vt 0.783691 0.820557
vt 0.780273 0.820557
vt 0.780518 0.818115
vt 0.010986 0.522217
vt 0.010986 0.525879
vt 0.006836 0.522705
vt 0.006836 0.526855
vt 0.010498 0.520020
vt 0.868408 0.399902
vt 0.871582 0.398682
vt 0.870117 0.405273
vt 0.867188 0.403809
vt 0.873779 0.401611
vt 0.873779 0.405273
vt 0.452393 0.535400
vt 0.454102 0.539062
vt 0.450195 0.537598
vt 0.449951 0.541504
vt 0.453613 0.542236
vt 0.450928 0.545654
vt 0.454102 0.545410
vt 0.600830 0.161865
vt 0.600342 0.165283
vt 0.598145 0.164795
vt 0.600830 0.168701
vt 0.598633 0.168457
vt 0.997314 0.616699
vt 0.996582 0.620361
vt 0.995361 0.618164
vt 0.992432 0.621094
vt 0.992432 0.616455
vt 0.099365 0.872314
vt 0.099121 0.876953
vt 0.095703 0.875000
vt 0.095703 0.869141
vt 0.098633 0.867676
vt 0.997803 0.014404
vt 0.999023 0.015869
vt 0.992432 0.015869
vt 0.589111 0.367432
vt 0.586914 0.367188
vt 0.589844 0.363037
vt 0.587402 0.363770
vt 0.589355 0.360596
vt 0.586914 0.361328
vt 0.015869 0.240234
vt 0.015869 0.244873
vt 0.012939 0.240967
vt 0.011230 0.242188
vt 0.011963 0.245605
vt 0.009033 0.246338
vt 0.009033 0.241699
vt 0.013184 0.249023
vt 0.010742 0.250732
vt 0.609375 0.201172
vt 0.612793 0.200439
vt 0.609863 0.204346
vt 0.613525 0.204834
vt 0.609375 0.208008
vt 0.612061 0.209717
vt 0.992432 0.062256
vt 0.992432 0.058838
vt 0.994629 0.061523
vt 0.998779 0.059326
vt 0.993164 0.943359
vt 0.992432 0.941406
vt 0.995850 0.941406
vt 0.670410 0.517334
vt 0.670654 0.510986
vt 0.676514 0.517334
vt 0.675781 0.510010
vt 0.992432 0.215332
vt 0.998291 0.215332
vt 0.995361 0.218262
vt 0.409668 0.431885
vt 0.407715 0.428223
vt 0.414795 0.428223
vt 0.412842 0.435303
vt 0.727051 0.836914
vt 0.727051 0.843994
vt 0.722168 0.837402
vt 0.722412 0.844971
vt 0.726807 0.848389
vt 0.722412 0.863037
vt 0.730225 0.863037
vt 0.727783 0.866699
vt 0.723877 0.868652
vt 0.729004 0.868652
vt 0.727051 0.872070
vt 0.407227 0.546631
vt 0.407227 0.538330
vt 0.411621 0.540527
vt 0.413086 0.546631
vt 0.411865 0.548828
vt 0.852051 0.130127
vt 0.852539 0.124756
vt 0.856689 0.127197
vt 0.856201 0.132568
vt 0.861084 0.131104
vt 0.860352 0.126709
vt 0.861084 0.120850
vt 0.203369 0.852051
vt 0.199951 0.856445
vt 0.196533 0.851318
vt 0.203369 0.846436
vt 0.197754 0.846924
vt 0.010986 0.339111
vt 0.008057 0.337158
vt 0.010986 0.331787
vt 0.997559 0.508301
vt 0.992432 0.511963
vt 0.992432 0.508057
vt 0.569336 0.513184
vt 0.564453 0.514160
vt 0.564941 0.508545
vt 0.569336 0.507324
vt 0.998535 0.074707
vt 0.998535 0.079590
vt 0.994141 0.078369
vt 0.992432 0.075439
vt 0.656738 0.909668
vt 0.659912 0.907471
vt 0.661621 0.912842
vt 0.664062 0.909424
vt 0.656006 0.914307
vt 0.664062 0.916260
vt 0.659912 0.916260
vt 0.994385 0.557861
vt 0.992432 0.554443
vt 0.997559 0.554443
vt 0.943115 0.967773
vt 0.933594 0.968262
vt 0.933350 0.958008
vt 0.942871 0.958008
vt 0.927002 0.960205
vt 0.927002 0.967529
vt 0.932861 0.977783
vt 0.926514 0.975098
vt 0.897217 0.687500
vt 0.907471 0.686279
vt 0.907471 0.697754
vt 0.897217 0.696533
vt 0.897217 0.705566
vt 0.907471 0.705566
vt 0.897217 0.715820
vt 0.907471 0.715820
vt 0.897217 0.724854
vt 0.907471 0.727051
vt 0.913086 0.715820
vt 0.913086 0.705566
vt 0.399414 0.954102
vt 0.391602 0.958252
vt 0.390625 0.944824
vt 0.406250 0.947754
vt 0.405762 0.960449
vt 0.413086 0.953125
vt 0.396484 0.940674
vt 0.400635 0.932617
vt 0.413086 0.930664
vt 0.394043 0.938721
vt 0.390137 0.941406
vt 0.396240 0.933350
vt 0.979248 0.728760
vt 0.977539 0.738037
vt 0.970459 0.736084
vt 0.972168 0.729492
vt 0.977783 0.720459
vt 0.970459 0.720459
vt 0.800537 0.869873
vt 0.805420 0.864502
vt 0.800537 0.877930
vt 0.812988 0.861328
vt 0.828369 0.864746
vt 0.805176 0.886230
vt 0.834229 0.874268
vt 0.833740 0.861328
vt 0.833496 0.884521
vt 0.826660 0.893555
vt 0.804443 0.896729
vt 0.822266 0.902100
vt 0.810059 0.903809
vt 0.815918 0.905273
vt 0.053467 0.972900
vt 0.046875 0.974609
vt 0.053711 0.957275
vt 0.046875 0.952881
vt 0.037842 0.973633
vt 0.037842 0.954346
vt 0.558105 0.922119
vt 0.563965 0.909668
vt 0.563965 0.921875
vt 0.573975 0.910645
vt 0.573975 0.921875
vt 0.573975 0.934570
vt 0.563965 0.935547
vt 0.558105 0.932373
vt 0.573975 0.941406
vt 0.950928 0.887695
vt 0.943359 0.889404
vt 0.943848 0.878906
vt 0.935791 0.875977
vt 0.950684 0.877686
vt 0.949463 0.869873
vt 0.942139 0.870605
vt 0.943848 0.859863
vt 0.950928 0.863037
vt 0.936035 0.858398
vt 0.934326 0.867920
vt 0.917969 0.229980
vt 0.909912 0.224121
vt 0.922119 0.218506
vt 0.924072 0.238037
vt 0.906006 0.212158
vt 0.918701 0.209961
vt 0.906982 0.200439
vt 0.918945 0.204102
vt 0.922119 0.209229
vt 0.924072 0.215820
vt 0.923340 0.205811
vt 0.911865 0.984619
vt 0.911865 0.974365
vt 0.920898 0.985596
vt 0.920898 0.975342
vt 0.960449 0.485840
vt 0.960449 0.466553
vt 0.969971 0.470947
vt 0.963135 0.464355
vt 0.969482 0.467041
vt 0.971436 0.189209
vt 0.963379 0.186279
vt 0.971436 0.169678
vt 0.966797 0.328125
vt 0.968262 0.333496
vt 0.961426 0.337402
vt 0.959229 0.328125
vt 0.961914 0.315918
vt 0.968262 0.319092
vt 0.261719 0.958984
vt 0.261963 0.949951
vt 0.271240 0.956299
vt 0.270264 0.947510
vt 0.261719 0.931641
vt 0.429199 0.897461
vt 0.432617 0.888184
vt 0.445557 0.902344
vt 0.440430 0.911621
vt 0.447998 0.905518
vt 0.431641 0.907471
vt 0.442871 0.912598
vt 0.444092 0.917236
vt 0.429199 0.916748
vt 0.441650 0.919434
vt 0.429688 0.925781
vt 0.460205 0.471436
vt 0.456055 0.473145
vt 0.460449 0.468994
vt 0.454834 0.469971
vt 0.459473 0.463135
vt 0.454834 0.463867
vt 0.453857 0.458252
vt 0.449219 0.470947
vt 0.449219 0.464844
vt 0.874756 0.532959
vt 0.875000 0.530518
vt 0.879639 0.532715
vt 0.880127 0.530273
vt 0.875000 0.524902
vt 0.880127 0.524414
vt 0.444336 0.316895
vt 0.444092 0.314453
vt 0.449951 0.315918
vt 0.449707 0.313477
vt 0.453369 0.316895
vt 0.454102 0.313232
vt 0.453613 0.308105
vt 0.448730 0.307861
vt 0.444092 0.308838
vt 0.444824 0.303711
vt 0.589355 0.171875
vt 0.588135 0.168457
vt 0.596191 0.171875
vt 0.596191 0.167480
vt 0.592773 0.161621
vt 0.588379 0.162842
vt 0.391113 0.887939
vt 0.385986 0.887451
vt 0.388428 0.882812
vt 0.385986 0.882080
vt 0.389893 0.881836
vt 0.387939 0.880615
vt 0.389893 0.879150
vt 0.391113 0.881104
vt 0.212891 0.275391
vt 0.212646 0.280762
vt 0.209717 0.274902
vt 0.212646 0.273193
vt 0.211182 0.272949
vt 0.207764 0.273438
vt 0.207764 0.279541
vt 0.992432 0.410645
vt 0.997803 0.406250
vt 0.997803 0.411133
vt 0.240479 0.791748
vt 0.240479 0.783691
vt 0.242920 0.785645
vt 0.992432 0.950195
vt 0.995605 0.950195
vt 0.993408 0.952393
vt 0.025879 0.402588
vt 0.026611 0.400146
vt 0.027832 0.400635
vt 0.027344 0.398438
vt 0.029297 0.399902
vt 0.028809 0.397705
vt 0.028320 0.402344
vt 0.030029 0.408447
vt 0.025146 0.408447
vt 0.952637 0.978516
vt 0.957275 0.973633
vt 0.957520 0.981934
vt 0.950195 0.984375
vt 0.955078 0.988037
vt 0.961914 0.983154
vt 0.961914 0.988770
vt 0.959229 0.975098
vt 0.959473 0.973389
vt 0.961426 0.975586
vt 0.961914 0.973145
vt 0.618164 0.820801
vt 0.614014 0.821777
vt 0.613281 0.815430
vt 0.618164 0.813721
vt 0.616455 0.809326
vt 0.619873 0.343994
vt 0.624512 0.347412
vt 0.619873 0.352783
vt 0.623047 0.353271
vt 0.323242 0.852783
vt 0.317139 0.853271
vt 0.318848 0.846680
vt 0.322021 0.847656
vt 0.321777 0.844971
vt 0.322754 0.844482
vt 0.321045 0.843750
vt 0.323242 0.843262
vt 0.992432 0.930420
vt 0.995850 0.930420
vt 0.993652 0.931396
vt 0.000977 0.994873
vt 0.002441 0.993896
vt 0.002441 0.995361
vt 0.603516 0.900879
vt 0.598633 0.884521
vt 0.612549 0.880859
vt 0.615479 0.900146
vt 0.627686 0.906738
vt 0.626953 0.900879
vt 0.627686 0.881836
vt 0.608154 0.863281
vt 0.624512 0.863770
vt 0.294922 0.961914
vt 0.279053 0.957520
vt 0.294922 0.932617
vt 0.276611 0.934326
vt 0.270264 0.934814
vt 0.873779 0.176514
vt 0.857666 0.156738
vt 0.872559 0.160645
vt 0.856201 0.174316
vt 0.873779 0.193359
vt 0.856445 0.192139
vt 0.841797 0.174072
vt 0.843262 0.191406
vt 0.872070 0.208252
vt 0.859863 0.207764
vt 0.854736 0.220947
vt 0.828613 0.208984
vt 0.854736 0.200684
vt 0.825684 0.225586
vt 0.854492 0.238281
vt 0.826660 0.242432
vt 0.853516 0.253906
vt 0.830078 0.257080
vt 0.726562 0.394531
vt 0.736572 0.405762
vt 0.726562 0.417969
vt 0.362793 0.815674
vt 0.362793 0.839111
vt 0.354736 0.830078
vt 0.683594 0.330078
vt 0.696045 0.333252
vt 0.692627 0.347412
vt 0.683594 0.345215
vt 0.683594 0.356934
vt 0.685791 0.362061
vt 0.683838 0.360596
vt 0.687988 0.358398
vt 0.692383 0.360107
vt 0.700195 0.350830
vt 0.687988 0.362793
vt 0.690430 0.362793
vt 0.687012 0.362305
vt 0.329834 0.866943
vt 0.354736 0.866943
vt 0.350342 0.879395
vt 0.331543 0.878906
vt 0.345459 0.890137
vt 0.335449 0.889893
vt 0.343750 0.893311
vt 0.341309 0.893799
vt 0.339600 0.894287
vt 0.336182 0.893066
vt 0.971191 0.321289
vt 0.979248 0.328125
vt 0.971191 0.339111
vt 0.342285 0.963867
vt 0.342285 0.980957
vt 0.334961 0.974365
vt 0.996338 0.753906
vt 0.992432 0.752686
vt 0.997070 0.752686
vt 0.996094 0.897949
vt 0.994873 0.898193
vt 0.992432 0.897949
vt 0.487305 0.810303
vt 0.480469 0.812256
vt 0.480469 0.804932
vt 0.810547 0.194092
vt 0.806152 0.189209
vt 0.810547 0.181396
vt 0.783936 0.605713
vt 0.788574 0.618164
vt 0.782959 0.618164
vt 0.573242 0.960449
vt 0.573242 0.947266
vt 0.584229 0.966797
vt 0.584229 0.940430
vt 0.596191 0.947021
vt 0.596191 0.960205
vt 0.822266 0.075684
vt 0.822266 0.063232
vt 0.827881 0.072266
vt 0.827881 0.063232
vt 0.793701 0.599854
vt 0.799072 0.599365
vt 0.799561 0.606934
vt 0.793701 0.612305
vt 0.799072 0.613525
vt 0.861084 0.984375
vt 0.859619 0.974121
vt 0.866699 0.983154
vt 0.864990 0.990479
vt 0.869873 0.987061
vt 0.865723 0.975342
vt 0.875244 0.977783
vt 0.875244 0.974121
vt 0.970947 0.816406
vt 0.966797 0.820068
vt 0.960205 0.814941
vt 0.965576 0.812012
vt 0.971436 0.806641
vt 0.968994 0.803955
vt 0.963623 0.805664
vt 0.957520 0.806396
vt 0.964600 0.799316
vt 0.970215 0.798828
vt 0.958984 0.798828
vt 0.664795 0.980713
vt 0.658447 0.982422
vt 0.656006 0.978027
vt 0.660889 0.976318
vt 0.656006 0.968018
vt 0.669922 0.976074
vt 0.658691 0.964355
vt 0.665039 0.972412
vt 0.671875 0.968750
vt 0.666504 0.964600
vt 0.573730 0.102539
vt 0.573730 0.092285
vt 0.578857 0.101562
vt 0.003174 0.494141
vt 0.007812 0.495361
vt 0.001709 0.502197
vt 0.007812 0.509033
vt 0.003174 0.509277
vt 0.810547 0.983643
vt 0.807373 0.988770
vt 0.806641 0.980713
vt 0.810547 0.978027
vt 0.810059 0.972900
vt 0.801514 0.984375
vt 0.802246 0.972900
vt 0.796875 0.978027
vt 0.796387 0.971680
vt 0.395020 0.807373
vt 0.400635 0.807861
vt 0.393799 0.814941
vt 0.400635 0.821045
vt 0.395020 0.821777
vt 0.686035 0.515625
vt 0.680420 0.514648
vt 0.686035 0.508789
vt 0.680420 0.500977
vt 0.686035 0.501953
vt 0.025146 0.359863
vt 0.021729 0.369141
vt 0.021729 0.358398
vt 0.316895 0.474609
vt 0.312988 0.473877
vt 0.316895 0.468262
vt 0.314209 0.467529
vt 0.316895 0.464355
vt 0.310303 0.468018
vt 0.313477 0.464355
vt 0.308838 0.464844
vt 0.922363 0.808350
vt 0.922363 0.803955
vt 0.929199 0.808350
vt 0.929199 0.803955
vt 0.932617 0.809570
vt 0.933594 0.805176
vt 0.927979 0.812988
vt 0.925781 0.815430
vt 0.931396 0.814209
vt 0.992432 0.347168
vt 0.998047 0.347168
vt 0.995361 0.349121
vt 0.635498 0.837402
vt 0.635254 0.843750
vt 0.632080 0.842285
vt 0.632080 0.836914
vt 0.627441 0.837402
vt 0.635254 0.833252
vt 0.627441 0.834961
vt 0.631348 0.833984
vt 0.634033 0.831787
vt 0.631348 0.831787
vt 0.627686 0.832764
vt 0.637451 0.493164
vt 0.638672 0.496826
vt 0.635498 0.493164
vt 0.635498 0.497314
vt 0.635498 0.501465
vt 0.637451 0.501465
vt 0.679688 0.343994
vt 0.681396 0.344727
vt 0.677734 0.348877
vt 0.680908 0.348145
vt 0.678711 0.353271
vt 0.681396 0.353027
vt 0.360840 0.852539
vt 0.357178 0.854736
vt 0.356201 0.846924
vt 0.354492 0.854248
vt 0.362793 0.848633
vt 0.362793 0.844971
vt 0.350830 0.853027
vt 0.349121 0.848877
vt 0.349121 0.845215
vt 0.351807 0.842285
vt 0.356689 0.840820
vt 0.359375 0.841309
vt 0.062500 0.457031
vt 0.060303 0.457275
vt 0.060791 0.452637
vt 0.064697 0.455566
vt 0.062988 0.451416
vt 0.062500 0.447998
vt 0.060303 0.448242
vt 0.912842 0.579834
vt 0.912842 0.572998
vt 0.917236 0.580322
vt 0.916016 0.574463
vt 0.920898 0.571777
vt 0.920898 0.578613
vt 0.854736 0.645752
vt 0.852539 0.648682
vt 0.850342 0.646240
vt 0.850830 0.652344
vt 0.847900 0.650635
vt 0.845947 0.655762
vt 0.848633 0.656494
vt 0.854736 0.657715
vt 0.330322 0.519043
vt 0.327148 0.524414
vt 0.322266 0.525146
vt 0.325684 0.518555
vt 0.326416 0.514893
vt 0.331299 0.516357
vt 0.322266 0.514404
vt 0.298096 0.796387
vt 0.294922 0.792480
vt 0.297607 0.792725
vt 0.294678 0.787598
vt 0.297363 0.787842
vt 0.298096 0.785156
vt 0.296631 0.783203
vt 0.996826 0.788818
vt 0.992432 0.788818
vt 0.996094 0.787109
vt 0.026855 0.354248
vt 0.022461 0.356445
vt 0.022461 0.349365
vt 0.997070 0.728027
vt 0.992432 0.723633
vt 0.995850 0.723633
vt 0.992432 0.728027
vt 0.301270 0.472656
vt 0.296631 0.473145
vt 0.296143 0.468994
vt 0.301270 0.467773
vt 0.296143 0.465576
vt 0.268066 0.468018
vt 0.267822 0.472168
vt 0.266113 0.469238
vt 0.266357 0.464844
vt 0.261475 0.465088
vt 0.265381 0.474609
vt 0.261475 0.471191
vt 0.262207 0.474609
vt 0.094482 0.847900
vt 0.099365 0.844971
vt 0.099365 0.849121
vt 0.095459 0.853027
vt 0.098145 0.854736
vt 0.997070 0.741699
vt 0.997070 0.745850
vt 0.992432 0.745117
vt 0.993164 0.741699
vt 0.286865 0.465820
vt 0.291748 0.465820
vt 0.291504 0.470703
vt 0.283691 0.468994
vt 0.287598 0.471436
vt 0.291504 0.473877
vt 0.287598 0.474609
vt 0.090088 0.453613
vt 0.094727 0.455322
vt 0.090088 0.460449
vt 0.751953 0.801270
vt 0.752441 0.794678
vt 0.755127 0.797119
vt 0.757080 0.801270
vt 0.744385 0.843506
vt 0.747070 0.839111
vt 0.747559 0.843262
vt 0.743652 0.839600
vt 0.746826 0.847412
vt 0.743652 0.848389
vt 0.871582 0.749268
vt 0.875488 0.750732
vt 0.873047 0.753418
vt 0.876953 0.755615
vt 0.869385 0.751953
vt 0.872070 0.755859
vt 0.868408 0.754395
vt 0.871582 0.758545
vt 0.876953 0.758545
vt 0.992432 0.500000
vt 0.993164 0.495850
vt 0.996338 0.497559
vt 0.997559 0.500000
vt 0.856689 0.225098
vt 0.861328 0.227051
vt 0.859375 0.229980
vt 0.862549 0.231934
vt 0.856689 0.232178
vt 0.859131 0.235107
vt 0.992432 0.280029
vt 0.996094 0.276855
vt 0.998047 0.280029
vt 0.992432 0.877686
vt 0.996094 0.878418
vt 0.992432 0.880371
vt 0.887695 0.062988
vt 0.887939 0.067383
vt 0.884766 0.066650
vt 0.881592 0.062012
vt 0.881348 0.067871
vt 0.877197 0.065430
vt 0.887939 0.059082
vt 0.885010 0.056885
vt 0.880615 0.056396
vt 0.877930 0.058105
vt 0.997070 0.747803
vt 0.996582 0.750000
vt 0.992920 0.750488
vt 0.992432 0.747803
vt 0.992432 0.049805
vt 0.992432 0.045654
vt 0.998779 0.048096
vt 0.365967 0.793213
vt 0.362793 0.785889
vt 0.365967 0.783447
vt 0.078613 0.257324
vt 0.080811 0.255127
vt 0.082031 0.258301
vt 0.078613 0.260742
vt 0.082031 0.261719
vt 0.080078 0.436768
vt 0.080322 0.439941
vt 0.073975 0.436279
vt 0.080322 0.433350
vt 0.074463 0.432861
vt 0.079834 0.429443
vt 0.086426 0.414062
vt 0.089111 0.417969
vt 0.086426 0.417969
vt 0.089844 0.414551
vt 0.087402 0.408447
vt 0.753906 0.780029
vt 0.751465 0.783691
vt 0.751465 0.773926
vt 0.859131 0.703369
vt 0.858398 0.699951
vt 0.865723 0.701172
vt 0.865723 0.696045
vt 0.859619 0.693848
vt 0.405029 0.517822
vt 0.405762 0.513672
vt 0.411621 0.518311
vt 0.410645 0.513672
vt 0.407471 0.520508
vt 0.304932 0.520264
vt 0.309082 0.515625
vt 0.307373 0.519531
vt 0.305420 0.523682
vt 0.308350 0.522705
vt 0.307617 0.526855
vt 0.309082 0.526367
vt 0.708008 0.510986
vt 0.714355 0.508789
vt 0.714355 0.512207
vt 0.714355 0.515869
vt 0.708252 0.515625
vt 0.712891 0.518799
vt 0.998535 0.056885
vt 0.992920 0.056396
vt 0.998535 0.051758
vt 0.992432 0.052734
vt 0.336670 0.466553
vt 0.340576 0.465332
vt 0.340576 0.471191
vt 0.334961 0.469971
vt 0.332764 0.467773
vt 0.335938 0.465332
vt 0.331787 0.471191
vt 0.335938 0.474609
vt 0.332520 0.474609
vt 0.944336 0.591553
vt 0.944336 0.579834
vt 0.950684 0.592285
vt 0.952393 0.579590
vt 0.946289 0.604492
vt 0.956299 0.593506
vt 0.960449 0.581299
vt 0.951172 0.605225
vt 0.949707 0.605469
vt 0.946777 0.608398
vt 0.949219 0.608643
vt 0.950928 0.607910
vt 0.924316 0.860107
vt 0.932129 0.859375
vt 0.931885 0.871094
vt 0.923340 0.871338
vt 0.916260 0.859375
vt 0.931641 0.883789
vt 0.914551 0.870605
vt 0.923340 0.883057
vt 0.914551 0.882080
vt 0.932129 0.894287
vt 0.923584 0.893555
vt 0.593750 0.264893
vt 0.593018 0.262207
vt 0.594482 0.262451
vt 0.594482 0.249756
vt 0.368652 0.783691
vt 0.375244 0.790039
vt 0.368652 0.798096
vt 0.701904 0.502930
vt 0.701904 0.517334
vt 0.696045 0.511963
vt 0.333984 0.944824
vt 0.342285 0.944824
vt 0.341797 0.954834
vt 0.334473 0.954590
vt 0.325928 0.945801
vt 0.328857 0.955566
vt 0.338623 0.962646
vt 0.331787 0.964111
vt 0.335205 0.963379
vt 0.335205 0.968262
vt 0.337158 0.966309
vt 0.992432 0.304443
vt 0.998291 0.304443
vt 0.995850 0.304688
vt 0.840332 0.511963
vt 0.822021 0.509766
vt 0.848389 0.510254
vt 0.846680 0.528320
vt 0.822021 0.471924
vt 0.847656 0.475342
vt 0.965820 0.717529
vt 0.972656 0.699463
vt 0.974609 0.717529
vt 0.705322 0.041992
vt 0.703857 0.059814
vt 0.703125 0.039551
vt 0.738037 0.001221
vt 0.700928 0.001221
vt 0.738037 0.041992
vt 0.178223 0.897949
vt 0.186035 0.902344
vt 0.186035 0.935303
vt 0.158936 0.897949
vt 0.158936 0.935303
vt 0.484131 0.905273
vt 0.484131 0.865479
vt 0.507812 0.902588
vt 0.507812 0.862793
vt 0.933594 0.819092
vt 0.933594 0.856445
vt 0.906494 0.819092
vt 0.906494 0.856445
vt 0.912598 0.690674
vt 0.912598 0.653320
vt 0.916260 0.655762
vt 0.916260 0.688477
vt 0.009521 0.856689
vt 0.009521 0.897461
vt 0.005371 0.895020
vt 0.005371 0.858887
vt 0.912598 0.771240
vt 0.912598 0.733887
vt 0.916260 0.736084
vt 0.916260 0.768799
vt 0.712891 0.863770
vt 0.708740 0.902100
vt 0.708740 0.861572
vt 0.712891 0.899658
vt 0.834229 0.514893
vt 0.834229 0.547607
vt 0.771973 0.548828
vt 0.771973 0.514893
vt 0.741455 0.521729
vt 0.741455 0.548828
vt 0.494873 0.547607
vt 0.494873 0.514893
vt 0.741455 0.337402
vt 0.771973 0.337402
vt 0.741455 0.158936
vt 0.771973 0.158936
vt 0.498291 0.158936
vt 0.498291 0.125000
vt 0.741455 0.125000
vt 0.771973 0.125000
vt 0.834229 0.127197
vt 0.834229 0.158936
vt 0.162354 0.842285
vt 0.127197 0.838379
vt 0.126221 0.783447
vt 0.162354 0.787354
vt 0.494629 0.120850
vt 0.556641 0.088135
vt 0.556641 0.120850
vt 0.494629 0.086914
vt 0.463867 0.086914
vt 0.463867 0.120850
vt 0.217529 0.087891
vt 0.217529 0.120850
vt 0.494629 0.298340
vt 0.463867 0.298340
vt 0.494629 0.477051
vt 0.463867 0.477051
vt 0.556641 0.477051
vt 0.556641 0.510986
vt 0.494629 0.510986
vt 0.463867 0.510986
vt 0.217529 0.510986
vt 0.217529 0.477051
vt 0.227539 0.391602
vt 0.261230 0.446777
vt 0.228027 0.450928
vt 0.261719 0.386963
vt 0.227539 0.362305
vt 0.261719 0.357910
vt 0.228027 0.127930
vt 0.261230 0.123535
vt 0.395996 0.041504
vt 0.218994 0.078857
vt 0.218994 0.041504
vt 0.395996 0.078857
vt 0.573975 0.041504
vt 0.573975 0.078857
vt 0.519287 0.914062
vt 0.550293 0.915039
vt 0.519287 0.946777
vt 0.550293 0.947754
vt 0.571533 0.170654
vt 0.573975 0.387939
vt 0.536133 0.167236
vt 0.536133 0.387451
vt 0.216797 0.039307
vt 0.224854 0.007324
vt 0.402100 0.007324
vt 0.400879 0.039307
vt 0.580322 0.007324
vt 0.579102 0.039307
vt 0.776367 0.447021
vt 0.810547 0.442627
vt 0.776367 0.506348
vt 0.810547 0.501709
vt 0.890869 0.821045
vt 0.890869 0.783691
vt 0.894287 0.781494
vt 0.894287 0.823242
vt 0.914795 0.519287
vt 0.910889 0.520508
vt 0.914795 0.485352
vt 0.910889 0.483154
vt 0.916260 0.039551
vt 0.919922 0.040527
vt 0.916260 0.075684
vt 0.920898 0.072266
vt 0.391113 0.423096
vt 0.389404 0.366943
vt 0.425781 0.425781
vt 0.425781 0.371094
vt 0.389404 0.340088
vt 0.425781 0.343994
vt 0.389404 0.125732
vt 0.425781 0.126709
vt 0.392822 0.123047
vt 0.123047 0.866455
vt 0.122070 0.901367
vt 0.118164 0.903564
vt 0.118164 0.863037
vt 0.532959 0.164551
vt 0.532959 0.395996
vt 0.498779 0.400635
vt 0.498779 0.165771
vt 0.530029 0.161621
vt 0.322754 0.908203
vt 0.327393 0.908203
vt 0.322754 0.942139
vt 0.327393 0.942139
vt 0.356445 0.943115
vt 0.356445 0.909180
vt 0.144775 0.893066
vt 0.125488 0.930420
vt 0.125488 0.893066
vt 0.144775 0.930420
vt 0.152832 0.923584
vt 0.152832 0.898926
vt 0.156250 0.911133
vt 0.894531 0.444824
vt 0.911621 0.403076
vt 0.911377 0.443115
vt 0.895264 0.403809
vt 0.887695 0.410889
vt 0.885010 0.403076
vt 0.886963 0.438477
vt 0.234375 0.895752
vt 0.253662 0.894775
vt 0.234375 0.932129
vt 0.253662 0.932129
vt 0.261475 0.926514
vt 0.261475 0.901611
vt 0.264893 0.914062
vt 0.907227 0.241943
vt 0.888916 0.278320
vt 0.888916 0.239502
vt 0.907227 0.280762
vt 0.914551 0.275391
vt 0.914551 0.249268
vt 0.916504 0.240967
vt 0.917969 0.262207
vt 0.611816 0.115967
vt 0.604492 0.121338
vt 0.604492 0.111328
vt 0.065918 0.911621
vt 0.053223 0.911377
vt 0.047607 0.904785
vt 0.064941 0.892334
vt 0.078125 0.911377
vt 0.048096 0.890137
vt 0.083740 0.904541
vt 0.085205 0.890137
vt 0.083740 0.876465
vt 0.053223 0.869629
vt 0.047607 0.876465
vt 0.065918 0.869629
vt 0.078125 0.869629
vt 0.395996 0.536865
vt 0.403809 0.543457
vt 0.395996 0.547363
vt 0.627686 0.921143
vt 0.627686 0.949463
vt 0.624512 0.934814
vt 0.854736 0.779053
vt 0.844971 0.774170
vt 0.849365 0.743164
vt 0.833252 0.756836
vt 0.833252 0.773193
vt 0.834229 0.741455
vt 0.835205 0.723633
vt 0.851318 0.725830
vt 0.807373 0.438477
vt 0.791016 0.410645
vt 0.805908 0.410889
vt 0.791260 0.394043
vt 0.807373 0.395020
vt 0.791504 0.373779
vt 0.807373 0.375732
vt 0.776611 0.373535
vt 0.775391 0.392090
vt 0.903564 0.101318
vt 0.893311 0.110352
vt 0.888916 0.085693
vt 0.903564 0.068848
vt 0.968262 0.722656
vt 0.968262 0.742920
vt 0.957031 0.732422
vt 0.844727 0.313721
vt 0.833496 0.288574
vt 0.846680 0.289795
vt 0.851562 0.274170
vt 0.834717 0.275391
vt 0.833496 0.259277
vt 0.646484 0.071045
vt 0.635254 0.047119
vt 0.646484 0.045898
vt 0.452393 0.916016
vt 0.467041 0.916748
vt 0.452393 0.931396
vt 0.468506 0.933594
vt 0.482666 0.933105
vt 0.482666 0.914551
vt 0.480957 0.897949
vt 0.837402 0.970459
vt 0.837402 0.987305
vt 0.823730 0.984375
vt 0.822754 0.970215
vt 0.965576 0.843750
vt 0.965576 0.825439
vt 0.978760 0.842285
vt 0.979248 0.824707
vt 0.048340 0.926758
vt 0.047119 0.911865
vt 0.060547 0.915771
vt 0.061523 0.927734
vt 0.047119 0.944580
vt 0.916016 0.892822
vt 0.927246 0.912354
vt 0.914551 0.907227
vt 0.915527 0.917725
vt 0.921631 0.923096
vt 0.914551 0.924805
vt 0.916992 0.927734
vt 0.921387 0.928955
vt 0.230957 0.515625
vt 0.233398 0.526855
vt 0.222900 0.526855
vt 0.383301 0.960449
vt 0.383301 0.973877
vt 0.376709 0.970703
vt 0.379150 0.977783
vt 0.252930 0.839844
vt 0.242676 0.839600
vt 0.239014 0.814697
vt 0.231689 0.842285
vt 0.223389 0.831543
vt 0.224609 0.816406
vt 0.223389 0.799805
vt 0.253906 0.813477
vt 0.239014 0.798584
vt 0.253906 0.798340
vt 0.251953 0.783936
vt 0.947754 0.378662
vt 0.947021 0.389893
vt 0.939209 0.371338
vt 0.927490 0.374268
vt 0.947266 0.400146
vt 0.927490 0.403809
vt 0.160889 0.970947
vt 0.152832 0.979248
vt 0.152832 0.961182
vt 0.933838 0.751709
vt 0.919678 0.763428
vt 0.935303 0.729004
vt 0.919678 0.729492
vt 0.260742 0.875977
vt 0.261719 0.891113
vt 0.232666 0.889648
vt 0.230713 0.875732
vt 0.231445 0.858887
vt 0.261719 0.857910
vt 0.237305 0.843262
vt 0.259766 0.843262
vt 0.893799 0.735352
vt 0.909668 0.735352
vt 0.895264 0.751709
vt 0.909912 0.750732
vt 0.879639 0.751953
vt 0.907471 0.766602
vt 0.895996 0.765625
vt 0.885010 0.767578
vt 0.902344 0.777588
vt 0.889893 0.777344
vt 0.895508 0.777344
vt 0.971436 0.666992
vt 0.971436 0.687500
vt 0.961670 0.682373
vt 0.960938 0.671143
vt 0.774170 0.302734
vt 0.774170 0.290283
vt 0.777588 0.293701
vt 0.827148 0.301270
vt 0.827148 0.295410
vt 0.832764 0.296631
vt 0.829590 0.289062
vt 0.831055 0.298584
vt 0.723877 0.832764
vt 0.721680 0.831299
vt 0.721436 0.827881
vt 0.723877 0.823242
vt 0.009521 0.293457
vt 0.008057 0.296387
vt 0.008057 0.288574
vt 0.760254 0.894043
vt 0.760254 0.930420
vt 0.748779 0.930176
vt 0.745117 0.894531
vt 0.740234 0.916504
vt 0.592041 0.906006
vt 0.576904 0.906738
vt 0.578857 0.886230
vt 0.594482 0.886719
vt 0.561035 0.888428
vt 0.561523 0.906250
vt 0.561035 0.863525
vt 0.577148 0.863037
vt 0.594238 0.865967
vt 0.919434 0.533203
vt 0.935303 0.533203
vt 0.933594 0.550293
vt 0.920654 0.549072
vt 0.901367 0.533203
vt 0.906982 0.550049
vt 0.913086 0.562988
vt 0.927734 0.562988
vt 0.920410 0.562744
vt 0.923584 0.568115
vt 0.919434 0.569336
vt 0.446289 0.854736
vt 0.441406 0.859619
vt 0.441406 0.849854
vt 0.001465 0.425537
vt 0.001465 0.435303
vt 0.001221 0.431396
vt 0.967773 0.001709
vt 0.979248 0.001709
vt 0.978760 0.020264
vt 0.969971 0.020508
vt 0.869141 0.213867
vt 0.878418 0.208984
vt 0.878418 0.231934
vt 0.862061 0.220947
vt 0.786621 0.876709
vt 0.776367 0.876953
vt 0.777100 0.861328
vt 0.788330 0.859619
vt 0.776367 0.843994
vt 0.787842 0.842041
vt 0.801270 0.858154
vt 0.777100 0.828125
vt 0.799072 0.840820
vt 0.785156 0.827148
vt 0.793213 0.826172
vt 0.967285 0.259277
vt 0.974609 0.257080
vt 0.974609 0.271240
vt 0.969971 0.273682
vt 0.974121 0.275879
vt 0.958496 0.497803
vt 0.966797 0.498779
vt 0.960205 0.512451
vt 0.964600 0.513184
vt 0.962402 0.516602
vt 0.963379 0.518799
vt 0.966797 0.517578
vt 0.937988 0.939209
vt 0.940186 0.951904
vt 0.925781 0.957275
vt 0.924316 0.941162
vt 0.950684 0.946045
vt 0.939697 0.927490
vt 0.924316 0.925781
vt 0.950195 0.932861
vt 0.950439 0.939453
vt 0.954590 0.936523
vt 0.955811 0.939697
vt 0.954834 0.943115
vt 0.974854 0.157959
vt 0.980957 0.168701
vt 0.974854 0.175049
vt 0.814941 0.082275
vt 0.819336 0.093994
vt 0.773926 0.082764
vt 0.793701 0.069092
vt 0.780518 0.074707
vt 0.767822 0.077637
vt 0.761719 0.093018
vt 0.812988 0.115723
vt 0.826416 0.093750
vt 0.819580 0.077637
vt 0.822998 0.117432
vt 0.797607 0.122559
vt 0.769043 0.093994
vt 0.761719 0.109375
vt 0.785156 0.123047
vt 0.767578 0.106445
vt 0.122803 0.861084
vt 0.114258 0.848145
vt 0.123047 0.844971
vt 0.116455 0.819824
vt 0.108154 0.819580
vt 0.123047 0.810791
vt 0.114014 0.808350
vt 0.865723 0.839600
vt 0.863281 0.867432
vt 0.854980 0.864258
vt 0.858154 0.841064
vt 0.863770 0.826904
vt 0.854980 0.829102
vt 0.858154 0.816650
vt 0.802490 0.843994
vt 0.802490 0.818359
vt 0.812500 0.812256
vt 0.812012 0.854736
vt 0.827637 0.861084
vt 0.845215 0.852295
vt 0.853027 0.843994
vt 0.837402 0.811279
vt 0.849121 0.819580
vt 0.841553 0.805420
vt 0.854736 0.814697
vt 0.770752 0.837646
vt 0.752197 0.842285
vt 0.762939 0.833008
vt 0.779053 0.815430
vt 0.766602 0.815674
vt 0.769287 0.794189
vt 0.760010 0.798096
vt 0.757324 0.785156
vt 0.752197 0.790039
vt 0.949463 0.459961
vt 0.942871 0.465332
vt 0.942871 0.435059
vt 0.007812 0.926514
vt 0.007812 0.954102
vt 0.000977 0.939941
vt 0.975342 0.760254
vt 0.975342 0.744141
vt 0.982422 0.747070
vt 0.950928 0.170410
vt 0.944824 0.146484
vt 0.950928 0.141113
vt 0.559814 0.947266
vt 0.552490 0.947754
vt 0.552490 0.918701
vt 0.917480 0.615479
vt 0.920898 0.642578
vt 0.911377 0.641846
vt 0.909180 0.652832
vt 0.909180 0.619873
vt 0.898193 0.012451
vt 0.906738 0.015869
vt 0.896973 0.028809
vt 0.905518 0.028076
vt 0.899658 0.053711
vt 0.906738 0.044678
vt 0.854736 0.584961
vt 0.847412 0.591309
vt 0.848389 0.578857
vt 0.838623 0.583252
vt 0.841064 0.568604
vt 0.854736 0.535889
vt 0.831787 0.568848
vt 0.842285 0.552734
vt 0.832520 0.549805
vt 0.438477 0.880127
vt 0.430420 0.876709
vt 0.438477 0.833252
vt 0.864258 0.873535
vt 0.864258 0.911621
vt 0.857666 0.897461
vt 0.203369 0.842285
vt 0.188721 0.841797
vt 0.189453 0.834229
vt 0.172119 0.830078
vt 0.165039 0.799316
vt 0.175293 0.790039
vt 0.166504 0.784668
vt 0.200439 0.835205
vt 0.210693 0.827148
vt 0.219238 0.813965
vt 0.186523 0.785645
vt 0.200195 0.784668
vt 0.212646 0.788818
vt 0.936768 0.145752
vt 0.936768 0.160889
vt 0.926514 0.158447
vt 0.927002 0.145752
vt 0.935303 0.126953
vt 0.927490 0.129639
vt 0.727295 0.311768
vt 0.733398 0.306152
vt 0.733398 0.320068
vt 0.839355 0.599854
vt 0.848145 0.595947
vt 0.847412 0.620850
vt 0.857910 0.620605
vt 0.854980 0.635498
vt 0.839355 0.633301
vt 0.841797 0.638428
vt 0.842529 0.649658
vt 0.957275 0.665527
vt 0.949463 0.640137
vt 0.957275 0.638672
vt 0.111084 0.952637
vt 0.111084 0.924072
vt 0.118164 0.948975
vt 0.386963 0.845703
vt 0.397217 0.834229
vt 0.403809 0.840576
vt 0.400635 0.853271
vt 0.388428 0.865479
vt 0.398438 0.864502
vt 0.393555 0.881592
vt 0.403809 0.875000
vt 0.863525 0.457520
vt 0.876953 0.456055
vt 0.876953 0.504639
vt 0.328125 0.788818
vt 0.333008 0.785889
vt 0.342529 0.792969
vt 0.346924 0.784912
vt 0.328125 0.838867
vt 0.340088 0.835693
vt 0.345703 0.842285
vt 0.350830 0.798340
vt 0.360840 0.809326
vt 0.353271 0.807129
vt 0.361084 0.794434
vt 0.975586 0.407227
vt 0.985596 0.394043
vt 0.985596 0.410156
vt 0.975830 0.396729
vt 0.559082 0.472412
vt 0.561523 0.457520
vt 0.567871 0.473389
vt 0.559082 0.507812
vt 0.567871 0.504395
vt 0.971436 0.409912
vt 0.968994 0.425537
vt 0.962402 0.407715
vt 0.962402 0.428955
vt 0.210693 0.393555
vt 0.214111 0.382812
vt 0.212891 0.393066
vt 0.210449 0.397461
vt 0.208252 0.393066
vt 0.208008 0.396973
vt 0.208252 0.382324
vt 0.210449 0.381836
vt 0.215088 0.371582
vt 0.208008 0.371094
vt 0.211426 0.370850
vt 0.216064 0.360596
vt 0.207764 0.359863
vt 0.211182 0.360107
vt 0.216064 0.350342
vt 0.208008 0.350586
vt 0.212646 0.350586
vt 0.215332 0.342529
vt 0.209473 0.342285
vt 0.213135 0.342285
vt 0.280518 0.882324
vt 0.282227 0.877686
vt 0.281982 0.882812
vt 0.282227 0.886475
vt 0.281738 0.887939
vt 0.280273 0.887207
vt 0.278564 0.883057
vt 0.529541 0.805664
vt 0.532959 0.805664
vt 0.532227 0.812012
vt 0.529785 0.811768
vt 0.529785 0.815430
vt 0.531982 0.814697
vt 0.576416 0.054443
vt 0.578857 0.054199
vt 0.576416 0.061279
vt 0.578857 0.061035
vt 0.577637 0.064697
vt 0.992432 0.971436
vt 0.995605 0.971436
vt 0.994141 0.972168
vt 0.186768 0.716064
vt 0.001221 0.716064
vt 0.001221 0.529541
vt 0.001221 0.726318
vt 0.186768 0.529541
vt 0.372070 0.716064
vt 0.372070 0.529541
vt 0.186768 0.727539
vt 0.372070 0.720703
vt 0.001221 0.752441
vt 0.372070 0.752441
vt 0.186768 0.752441
vt 0.001221 0.780762
vt 0.372070 0.780762
vt 0.186768 0.780762
vt 0.822998 0.349365
vt 0.845215 0.349365
vt 0.845215 0.406982
vt 0.828613 0.406982
vt 0.755127 0.623291
vt 0.779053 0.624756
vt 0.776611 0.642578
vt 0.752441 0.641113
vt 0.778320 0.654541
vt 0.754150 0.653076
vt 0.776855 0.666992
vt 0.752686 0.665527
vt 0.779053 0.692383
vt 0.755127 0.690918
vt 0.059814 0.784668
vt 0.058105 0.802979
vt 0.002197 0.784668
vt 0.048096 0.812012
vt 0.045898 0.824707
vt 0.028320 0.845215
vt 0.063965 0.802979
vt 0.062012 0.784668
vt 0.119873 0.784668
vt 0.073975 0.812256
vt 0.075928 0.824707
vt 0.093750 0.845215
vt 0.801270 0.367432
vt 0.775635 0.367432
vt 0.796387 0.302002
vt 0.777344 0.302002
vt 0.749023 0.774414
vt 0.749023 0.802734
vt 0.563721 0.774414
vt 0.563721 0.802734
vt 0.378418 0.802734
vt 0.749023 0.745117
vt 0.378418 0.774414
vt 0.563721 0.745117
vt 0.378418 0.745117
vt 0.378418 0.738281
vt 0.563721 0.738281
vt 0.749023 0.738281
vt 0.749023 0.551758
vt 0.563721 0.551758
vt 0.378418 0.551758
vt 0.471436 0.516113
vt 0.468750 0.548828
vt 0.457520 0.547852
vt 0.457275 0.516113
vt 0.667969 0.860840
vt 0.655273 0.859375
vt 0.669678 0.827393
vt 0.642578 0.861084
vt 0.637695 0.825684
vt 0.671875 0.806885
vt 0.635742 0.806885
vt 0.870605 0.370605
vt 0.858154 0.369629
vt 0.853027 0.338623
vt 0.870117 0.337402
vt 0.853516 0.318604
vt 0.870605 0.318115
vt 0.836182 0.319580
vt 0.840088 0.340088
vt 0.397217 0.928955
vt 0.378174 0.928711
vt 0.378174 0.907715
vt 0.395996 0.906982
vt 0.413086 0.926514
vt 0.380615 0.889893
vt 0.413086 0.907715
vt 0.394531 0.891113
vt 0.407471 0.889404
vt 0.280762 0.842529
vt 0.315430 0.838379
vt 0.314453 0.855713
vt 0.280762 0.862305
vt 0.313232 0.875000
vt 0.287598 0.879883
vt 0.296143 0.889404
vt 0.309814 0.887695
vt 0.845215 0.943604
vt 0.850830 0.953857
vt 0.835693 0.953613
vt 0.852539 0.964355
vt 0.853271 0.959961
vt 0.846680 0.960205
vt 0.849854 0.966309
vt 0.844238 0.966797
vt 0.830566 0.966797
vt 0.525146 0.413086
vt 0.525146 0.399902
vt 0.529785 0.408936
vt 0.529785 0.402344
vt 0.531494 0.405029
vt 0.997803 0.342041
vt 0.996826 0.343750
vt 0.994141 0.342041
vt 0.995117 0.340332
vt 0.996826 0.345215
vt 0.993408 0.345215
vt 0.992432 0.342041
vt 0.997070 0.482910
vt 0.995117 0.483887
vt 0.992432 0.481201
vt 0.992432 0.483887
vt 0.997559 0.481201
vt 0.996582 0.479248
vt 0.994873 0.478760
vt 0.997314 0.362061
vt 0.997070 0.364502
vt 0.993652 0.362061
vt 0.994385 0.364258
vt 0.992432 0.364990
vt 0.995117 0.366699
vt 0.997803 0.365723
vt 0.995850 0.920410
vt 0.993652 0.920410
vt 0.995850 0.917969
vt 0.992432 0.917969
vt 0.997559 0.429443
vt 0.994385 0.429443
vt 0.997803 0.426758
vt 0.995361 0.426270
vt 0.992432 0.427002
vt 0.993652 0.523438
vt 0.992432 0.521484
vt 0.994629 0.520020
vt 0.992432 0.519287
vt 0.996094 0.523438
vt 0.997070 0.520020
vt 0.997559 0.522461
vt 0.995605 0.956055
vt 0.992432 0.956055
vt 0.994141 0.954346
vt 0.994873 0.525635
vt 0.997559 0.525391
vt 0.997314 0.528076
vt 0.995117 0.527588
vt 0.992432 0.525391
vt 0.992676 0.527344
vt 0.995850 0.433105
vt 0.997559 0.431396
vt 0.997803 0.434814
vt 0.994873 0.435303
vt 0.994141 0.431396
vt 0.992432 0.434570
vt 0.994629 0.773438
vt 0.996826 0.774170
vt 0.995850 0.775879
vt 0.993652 0.775879
vt 0.992432 0.774170
vt 0.992432 0.969238
vt 0.992432 0.966797
vt 0.995605 0.967041
vt 0.995117 0.969238
vt 0.994629 0.834961
vt 0.996582 0.836426
vt 0.992432 0.836426
vt 0.992432 0.814453
vt 0.996582 0.814453
vt 0.993652 0.815918
vt 0.992432 0.988770
vt 0.994629 0.988770
vt 0.993652 0.990967
vt 0.992432 0.923828
vt 0.993408 0.922363
vt 0.995850 0.923828
vt 0.992432 0.900391
vt 0.995850 0.900391
vt 0.992432 0.903809
vt 0.994629 0.902588
vt 0.995850 0.903564
vt 0.190186 0.894287
vt 0.162354 0.894287
vt 0.161377 0.890625
vt 0.191650 0.890625
vt 0.159668 0.845947
vt 0.194092 0.845947
vt 0.229248 0.937012
vt 0.257080 0.937988
vt 0.229980 0.965088
vt 0.257080 0.965088
vt 0.310547 0.929932
vt 0.282715 0.930420
vt 0.281006 0.927002
vt 0.311523 0.926758
vt 0.281006 0.892578
vt 0.315430 0.891846
vt 0.879639 0.745117
vt 0.856201 0.750732
vt 0.854248 0.747314
vt 0.880371 0.741211
vt 0.854248 0.707275
vt 0.883057 0.700439
vt 0.886230 0.593994
vt 0.884521 0.597656
vt 0.859131 0.595947
vt 0.857910 0.592041
vt 0.854980 0.548340
vt 0.886230 0.550781
vt 0.326660 0.863037
vt 0.327637 0.897217
vt 0.321289 0.903564
vt 0.361084 0.897217
vt 0.321289 0.857422
vt 0.366699 0.902832
vt 0.361084 0.863770
vt 0.367432 0.857422
vt 0.107178 0.833008
vt 0.107178 0.879395
vt 0.102539 0.880127
vt 0.102539 0.832031
vt 0.886963 0.684570
vt 0.892090 0.686279
vt 0.892578 0.726318
vt 0.886963 0.727051
vt 0.011475 0.889648
vt 0.011719 0.847168
vt 0.017334 0.891113
vt 0.017334 0.846191
vt 0.872803 0.288330
vt 0.878418 0.289062
vt 0.878418 0.335205
vt 0.872803 0.335938
vt 0.719238 0.861084
vt 0.679932 0.848877
vt 0.719238 0.834473
vt 0.704102 0.830322
vt 0.677979 0.807129
vt 0.703369 0.813721
vt 0.771240 0.886230
vt 0.747803 0.867432
vt 0.771240 0.840820
vt 0.747803 0.850830
vt 0.741943 0.862549
vt 0.732666 0.866211
vt 0.731201 0.870850
vt 0.662354 0.862305
vt 0.662354 0.905273
vt 0.636963 0.871338
vt 0.636230 0.888184
vt 0.631592 0.885010
vt 0.979004 0.414551
vt 0.980957 0.432129
vt 0.974609 0.427979
vt 0.964600 0.432129
vt 0.974854 0.417236
vt 0.760254 0.113770
vt 0.756592 0.118164
vt 0.756592 0.105225
vt 0.255371 0.513916
vt 0.255371 0.525146
vt 0.250488 0.520264
vt 0.579346 0.834229
vt 0.579346 0.823486
vt 0.585205 0.829590
vt 0.582520 0.835938
vt 0.657715 0.160889
vt 0.657715 0.166748
vt 0.653564 0.164551
vt 0.652100 0.170166
vt 0.648193 0.162842
vt 0.656006 0.177979
vt 0.645752 0.170410
vt 0.648193 0.181396
vt 0.977295 0.097900
vt 0.973389 0.092285
vt 0.978027 0.088867
vt 0.982422 0.095459
vt 0.982422 0.085693
vt 0.979248 0.081055
vt 0.973389 0.082520
vt 0.839600 0.545654
vt 0.837158 0.537354
vt 0.848389 0.541016
vt 0.840576 0.532471
vt 0.848389 0.532959
vt 0.825684 0.342285
vt 0.825684 0.332275
vt 0.834229 0.340088
vt 0.835938 0.334473
vt 0.830811 0.328125
vt 0.985596 0.640869
vt 0.982666 0.639160
vt 0.985596 0.634521
vt 0.977783 0.636475
vt 0.981934 0.629639
vt 0.979248 0.645020
vt 0.976074 0.628418
vt 0.973633 0.643066
vt 0.973145 0.633301
vt 0.214355 0.014648
vt 0.219238 0.018066
vt 0.214355 0.025146
vt 0.918213 0.086670
vt 0.918457 0.078125
vt 0.924561 0.076904
vt 0.927246 0.086670
vt 0.971680 0.963379
vt 0.977783 0.962891
vt 0.977783 0.974121
vt 0.972412 0.972412
vt 0.968018 0.965820
vt 0.967285 0.970459
vt 0.965332 0.973145
vt 0.966064 0.978027
vt 0.970947 0.980957
vt 0.587646 0.968018
vt 0.592285 0.966797
vt 0.587402 0.974121
vt 0.597168 0.971191
vt 0.595459 0.964600
vt 0.594727 0.982422
vt 0.599365 0.977783
vt 0.586670 0.982422
vt 0.974609 0.870361
vt 0.977051 0.872314
vt 0.971191 0.876465
vt 0.981934 0.879639
vt 0.982422 0.874023
vt 0.974365 0.887939
vt 0.970947 0.883301
vt 0.982422 0.887695
vt 0.884521 0.446289
vt 0.891113 0.445068
vt 0.887939 0.449707
vt 0.891113 0.450928
vt 0.884521 0.454102
vt 0.010986 0.148682
vt 0.010986 0.204590
vt 0.007812 0.205078
vt 0.007812 0.148926
vt 0.086426 0.078857
vt 0.089844 0.078857
vt 0.086426 0.391113
vt 0.089844 0.391113
vt 0.001709 0.065674
vt 0.004639 0.065918
vt 0.001709 0.378418
vt 0.004639 0.378418
vt 0.327637 0.438477
vt 0.327637 0.125244
vt 0.386475 0.438477
vt 0.386475 0.125244
vt 0.266113 0.125244
vt 0.324951 0.125244
vt 0.266113 0.438477
vt 0.324951 0.438477
vt 0.083496 0.217529
vt 0.080322 0.217285
vt 0.083496 0.165771
vt 0.080322 0.165527
vt 0.725830 0.853516
vt 0.732422 0.845215
vt 0.739258 0.849365
vt 0.731445 0.861084
vt 0.721436 0.856445
vt 0.745850 0.818359
vt 0.737793 0.819580
vt 0.721436 0.807617
vt 0.739990 0.807373
vt 0.732178 0.811035
vt 0.880127 0.456787
vt 0.890625 0.455811
vt 0.899658 0.487061
vt 0.880127 0.500000
vt 0.895752 0.456543
vt 0.905273 0.477295
vt 0.903809 0.463623
vt 0.971924 0.611328
vt 0.977783 0.619873
vt 0.971924 0.629150
vt 0.505859 0.441406
vt 0.510986 0.452148
vt 0.497559 0.444580
vt 0.504150 0.458984
vt 0.504395 0.415527
vt 0.497314 0.413086
vt 0.504639 0.403564
vt 0.510986 0.408203
vt 0.957275 0.263428
vt 0.955566 0.279053
vt 0.948242 0.265869
vt 0.947266 0.252197
vt 0.957275 0.250488
vt 0.370117 0.903564
vt 0.370117 0.861084
vt 0.380371 0.863037
vt 0.387939 0.871826
vt 0.888184 0.375732
vt 0.894287 0.345703
vt 0.894287 0.376953
vt 0.889160 0.387939
vt 0.886475 0.115234
vt 0.877441 0.087158
vt 0.891113 0.112061
vt 0.884766 0.088135
vt 0.887939 0.080078
vt 0.881836 0.071777
vt 0.891113 0.075439
vt 0.890625 0.068848
vt 0.815430 0.510986
vt 0.810547 0.510254
vt 0.815430 0.498291
vt 0.908691 0.932373
vt 0.909912 0.943848
vt 0.902588 0.946289
vt 0.901855 0.931396
vt 0.909912 0.917725
vt 0.902588 0.914551
vt 0.946289 0.703369
vt 0.946289 0.680176
vt 0.950928 0.694336
vt 0.901611 0.369141
vt 0.900391 0.356934
vt 0.906982 0.360596
vt 0.908447 0.370361
vt 0.900391 0.397461
vt 0.907227 0.393311
vt 0.944580 0.732910
vt 0.938965 0.736572
vt 0.943604 0.719482
vt 0.936768 0.719727
vt 0.944580 0.708008
vt 0.938965 0.704834
vt 0.449463 0.807129
vt 0.462891 0.805908
vt 0.443359 0.814697
vt 0.474121 0.809082
vt 0.479492 0.817627
vt 0.443359 0.840820
vt 0.476807 0.844482
vt 0.471924 0.852051
vt 0.467041 0.854980
vt 0.447266 0.850098
vt 0.451416 0.853760
vt 0.464355 0.860352
vt 0.458496 0.861084
vt 0.452881 0.859619
vt 0.538574 0.436523
vt 0.542480 0.429688
vt 0.542480 0.444824
vt 0.966064 0.931152
vt 0.959473 0.932129
vt 0.966797 0.916992
vt 0.958496 0.922119
vt 0.958496 0.916748
vt 0.960205 0.910400
vt 0.704102 0.354492
vt 0.706543 0.345703
vt 0.706543 0.359619
vt 0.730957 0.503174
vt 0.734375 0.489746
vt 0.738037 0.503174
vt 0.086426 0.397949
vt 0.093018 0.396484
vt 0.093018 0.411621
vt 0.086670 0.403809
vt 0.317139 0.941406
vt 0.315430 0.938965
vt 0.318604 0.938965
vt 0.318604 0.910156
vt 0.315430 0.910156
vt 0.156250 0.888916
vt 0.153320 0.889404
vt 0.153320 0.847656
vt 0.156250 0.846924
vt 0.154053 0.844727
vt 0.126221 0.841064
vt 0.125488 0.843994
vt 0.125488 0.885742
vt 0.225586 0.471191
vt 0.222412 0.471436
vt 0.207520 0.013672
vt 0.210693 0.013428
vt 0.208740 0.010742
vt 0.223633 0.001465
vt 0.225586 0.004150
vt 0.157471 0.001221
vt 0.202637 0.001465
vt 0.157471 0.521973
vt 0.202637 0.521973
vt 0.205078 0.521729
vt 0.205078 0.001221
vt 0.864258 0.602295
vt 0.864258 0.647461
vt 0.861084 0.602295
vt 0.862549 0.600098
vt 0.861084 0.647461
vt 0.862549 0.649658
vt 0.005371 0.002686
vt 0.044189 0.001221
vt 0.044189 0.522705
vt 0.002197 0.002930
vt 0.041016 0.522949
vt 0.043213 0.525146
vt 0.052002 0.523682
vt 0.049072 0.523682
vt 0.046143 0.001221
vt 0.050049 0.000977
vt 0.089844 0.001221
vt 0.092041 0.001221
vt 0.121338 0.001221
vt 0.121338 0.523682
vt 0.097656 0.523682
vt 0.871582 0.861084
vt 0.869629 0.858887
vt 0.873779 0.858398
vt 0.869629 0.813232
vt 0.872803 0.812988
vt 0.860596 0.285400
vt 0.857422 0.285156
vt 0.857422 0.240967
vt 0.860596 0.241211
vt 0.881348 0.283203
vt 0.859375 0.238525
vt 0.886230 0.238281
vt 0.885254 0.235596
vt 0.125244 0.001465
vt 0.154541 0.001465
vt 0.154541 0.523682
vt 0.125244 0.523682
vt 0.665527 0.960449
vt 0.662598 0.959961
vt 0.665039 0.952148
vt 0.659912 0.950928
vt 0.660400 0.940918
vt 0.664795 0.942139
vt 0.665527 0.937500
vt 0.980957 0.299561
vt 0.978027 0.307617
vt 0.975342 0.298340
vt 0.980957 0.291504
vt 0.975830 0.291016
vt 0.958252 0.541748
vt 0.959473 0.532715
vt 0.963623 0.532715
vt 0.960938 0.528564
vt 0.963623 0.529297
vt 0.963379 0.541504
vt 0.959717 0.550293
vt 0.963623 0.549072
vt 0.992432 0.041260
vt 0.998779 0.041260
vt 0.994873 0.043701
vt 0.992432 0.846436
vt 0.995850 0.846436
vt 0.992920 0.849121
vt 0.996094 0.849854
vt 0.996338 0.641846
vt 0.997314 0.645996
vt 0.992432 0.645996
vt 0.992432 0.379883
vt 0.998047 0.379883
vt 0.993896 0.381836
vt 0.955078 0.380859
vt 0.955566 0.385254
vt 0.950928 0.385498
vt 0.951416 0.381836
vt 0.950928 0.393555
vt 0.955566 0.393311
vt 0.951172 0.401123
vt 0.955811 0.400879
vt 0.950928 0.407959
vt 0.955566 0.408447
vt 0.379883 0.857422
vt 0.383301 0.850342
vt 0.383301 0.859619
vt 0.796387 0.441650
vt 0.793213 0.439209
vt 0.798096 0.433594
vt 0.793945 0.432617
vt 0.798096 0.427979
vt 0.793213 0.427979
vt 0.689209 0.120361
vt 0.689209 0.112549
vt 0.693848 0.113525
vt 0.692627 0.121338
vt 0.690430 0.106934
vt 0.693848 0.106689
vt 0.211426 0.238281
vt 0.207764 0.241211
vt 0.207764 0.232910
vt 0.817871 0.236328
vt 0.821777 0.228027
vt 0.821777 0.236572
vt 0.865723 0.006836
vt 0.861816 0.007812
vt 0.865723 0.001221
vt 0.861816 0.001221
vt 0.998047 0.274902
vt 0.992432 0.274902
vt 0.997070 0.270996
vt 0.992432 0.271729
vt 0.992920 0.338379
vt 0.992432 0.334961
vt 0.996582 0.335449
vt 0.998047 0.338379
vt 0.023682 0.894287
vt 0.020508 0.893799
vt 0.022705 0.884766
vt 0.027832 0.884766
vt 0.028320 0.893555
vt 0.758545 0.607422
vt 0.751953 0.613525
vt 0.753906 0.608398
vt 0.755859 0.598389
vt 0.751953 0.601562
vt 0.836182 0.517822
vt 0.839111 0.515381
vt 0.839111 0.525146
vt 0.391113 0.815430
vt 0.385986 0.812988
vt 0.390625 0.807861
vt 0.383789 0.805176
vt 0.391113 0.805176
vt 0.228027 0.796387
vt 0.226807 0.789551
vt 0.227783 0.789551
vt 0.227783 0.787354
vt 0.233398 0.794189
vt 0.229004 0.788330
vt 0.233398 0.786133
vt 0.228027 0.782715
vt 0.994873 0.978760
vt 0.992432 0.978760
vt 0.993408 0.977783
vt 0.031494 0.464111
vt 0.031494 0.471436
vt 0.027588 0.465820
vt 0.485107 0.974609
vt 0.485840 0.980957
vt 0.481201 0.982422
vt 0.480469 0.973633
vt 0.485840 0.968262
vt 0.482178 0.965332
vt 0.476562 0.981445
vt 0.476562 0.974121
vt 0.279053 0.470215
vt 0.279053 0.474609
vt 0.270264 0.470947
vt 0.271240 0.466309
vt 0.279053 0.465576
vt 0.575684 0.226074
vt 0.575928 0.217773
vt 0.580322 0.216797
vt 0.580322 0.227051
vt 0.738037 0.179199
vt 0.738037 0.189209
vt 0.733643 0.188965
vt 0.732910 0.179932
vt 0.434814 0.547363
vt 0.434814 0.536865
vt 0.439941 0.538330
vt 0.439697 0.546387
vt 0.875000 0.108887
vt 0.875000 0.099854
vt 0.879639 0.101074
vt 0.880127 0.108643
vt 0.854492 0.009521
vt 0.851074 0.000977
vt 0.857910 0.000977
vt 0.594482 0.505615
vt 0.594482 0.513428
vt 0.587891 0.510742
vt 0.585449 0.514160
vt 0.583252 0.510986
vt 0.583252 0.507568
vt 0.586670 0.508789
vt 0.587646 0.500977
vt 0.585449 0.507324
vt 0.841553 0.798584
vt 0.843750 0.791992
vt 0.843750 0.801270
vt 0.738037 0.420898
vt 0.738037 0.428955
vt 0.732178 0.423828
vt 0.738037 0.417236
vt 0.732666 0.415771
vt 0.996094 0.492188
vt 0.997803 0.493896
vt 0.992432 0.493896
vt 0.994141 0.491699
vt 0.651367 0.234863
vt 0.656006 0.232422
vt 0.650879 0.237305
vt 0.656006 0.241211
vt 0.044189 0.854736
vt 0.040283 0.849121
vt 0.044189 0.846680
vt 0.220947 0.261719
vt 0.223633 0.254150
vt 0.225586 0.261719
vt 0.997070 0.250732
vt 0.992432 0.250732
vt 0.992432 0.245850
vt 0.998047 0.245850
vt 0.956299 0.194336
vt 0.951660 0.195557
vt 0.951904 0.187988
vt 0.956543 0.187988
vt 0.951660 0.177979
vt 0.958984 0.177979
vt 0.955078 0.168945
vt 0.957520 0.169189
vt 0.788574 0.411377
vt 0.785400 0.414795
vt 0.785400 0.406738
vt 0.068115 0.963623
vt 0.068359 0.956787
vt 0.073975 0.962646
vt 0.074219 0.957031
vt 0.068848 0.946533
vt 0.075684 0.947021
vt 0.070312 0.939941
vt 0.068115 0.937500
vt 0.644287 0.272949
vt 0.639160 0.275879
vt 0.639404 0.270996
vt 0.639160 0.261475
vt 0.645020 0.263428
vt 0.813232 0.962891
vt 0.819580 0.972900
vt 0.814941 0.973145
vt 0.820068 0.962646
vt 0.819580 0.953613
vt 0.829590 0.266602
vt 0.822510 0.266602
vt 0.827881 0.257812
vt 0.824463 0.257812
vt 0.826416 0.254395
vt 0.823975 0.254639
vt 0.786865 0.801270
vt 0.786133 0.792236
vt 0.786865 0.788574
vt 0.344238 0.853271
vt 0.341797 0.849854
vt 0.344971 0.849365
vt 0.341797 0.844482
vt 0.345459 0.845947
vt 0.993408 0.806641
vt 0.996582 0.808838
vt 0.992432 0.808838
vt 0.569336 0.394043
vt 0.566895 0.397461
vt 0.564697 0.394043
vt 0.564697 0.390625
vt 0.569336 0.390625
vt 0.992432 0.126709
vt 0.997559 0.124756
vt 0.998535 0.126709
vt 0.978516 0.342285
vt 0.980225 0.339355
vt 0.983887 0.340576
vt 0.980957 0.335449
vt 0.984131 0.334717
vt 0.981445 0.330811
vt 0.978516 0.332764
vt 0.997070 0.671631
vt 0.992676 0.671631
vt 0.992432 0.668213
vt 0.996826 0.668213
vt 0.307373 0.831787
vt 0.309082 0.835205
vt 0.305908 0.837402
vt 0.304199 0.831787
vt 0.305908 0.827148
vt 0.309082 0.828369
vt 0.992676 0.785156
vt 0.992432 0.781250
vt 0.996582 0.785156
vt 0.996582 0.781250
vt 0.629395 0.050049
vt 0.634033 0.050049
vt 0.629395 0.053467
vt 0.634033 0.053467
vt 0.631592 0.056885
vt 0.224365 0.229492
vt 0.225586 0.232666
vt 0.221436 0.228271
vt 0.223389 0.233398
vt 0.221436 0.234131
vt 0.224609 0.236572
vt 0.994385 0.649414
vt 0.992432 0.647949
vt 0.997314 0.647949
vt 0.664795 0.097900
vt 0.666992 0.097900
vt 0.668701 0.105713
vt 0.668701 0.090820
vt 0.944580 0.781250
vt 0.945801 0.772949
vt 0.947754 0.780762
vt 0.947754 0.788574
vt 0.701904 0.257080
vt 0.697510 0.249268
vt 0.700439 0.249023
vt 0.701904 0.242920
vt 0.699463 0.242432
vt 0.973145 0.377197
vt 0.967041 0.383301
vt 0.966309 0.381836
vt 0.970947 0.376221
vt 0.972656 0.368408
vt 0.971191 0.369141
vt 0.966064 0.363525
vt 0.968750 0.375488
vt 0.966064 0.379150
vt 0.805908 0.032227
vt 0.804443 0.033203
vt 0.804932 0.025146
vt 0.803467 0.024902
vt 0.805908 0.020264
vt 0.583496 0.807129
vt 0.579834 0.811768
vt 0.581055 0.804932
vt 0.582764 0.811768
vt 0.581055 0.818604
vt 0.583496 0.816162
vt 0.031250 0.500000
vt 0.031250 0.492920
vt 0.033203 0.494873
vt 0.698242 0.031250
vt 0.700195 0.029541
vt 0.700195 0.037842
vt 0.817139 0.487305
vt 0.814697 0.486084
vt 0.818604 0.479248
vt 0.815918 0.479004
vt 0.817139 0.472900
vt 0.814697 0.473877
vt 0.356689 0.791748
vt 0.356689 0.784912
vt 0.357910 0.789307
vt 0.225586 0.301270
vt 0.222900 0.301270
vt 0.224609 0.294189
vt 0.003174 0.384766
vt 0.001709 0.391113
vt 0.001709 0.384033
vt 0.348633 0.788086
vt 0.351074 0.782471
vt 0.353271 0.783447
vt 0.351074 0.788086
vt 0.351074 0.794922
vt 0.353271 0.793701
vt 0.995605 0.945801
vt 0.994385 0.948242
vt 0.992432 0.948242
vt 0.992432 0.945312
vt 0.997070 0.371826
vt 0.992432 0.372070
vt 0.992432 0.368652
vt 0.997803 0.368652
vt 0.660645 0.341553
vt 0.662354 0.339355
vt 0.662354 0.346924
vt 0.669189 0.343262
vt 0.666748 0.350098
vt 0.664551 0.348877
vt 0.666992 0.343262
vt 0.666748 0.337646
vt 0.664551 0.338867
vt 0.667969 0.336670
vt 0.670166 0.343262
vt 0.062988 0.432129
vt 0.061768 0.425293
vt 0.062988 0.424561
vt 0.837646 0.679688
vt 0.839111 0.684814
vt 0.835938 0.686035
vt 0.834473 0.679688
vt 0.839111 0.674805
vt 0.835938 0.673828
vt 0.998291 0.036865
vt 0.998779 0.039307
vt 0.992432 0.036865
vt 0.992432 0.039307
vt 0.994873 0.936768
vt 0.995605 0.939209
vt 0.992920 0.936523
vt 0.992432 0.939209
vt 0.838379 0.720703
vt 0.846436 0.708496
vt 0.846924 0.720703
vt 0.840820 0.707764
vt 0.697021 0.074219
vt 0.694092 0.087646
vt 0.675781 0.082275
vt 0.674805 0.091553
vt 0.697021 0.038086
vt 0.660645 0.080566
vt 0.649658 0.040527
vt 0.651367 0.074463
vt 0.657715 0.023926
vt 0.676025 0.022461
vt 0.681885 0.018066
vt 0.670898 0.015381
vt 0.818604 0.419434
vt 0.810059 0.418457
vt 0.823242 0.385742
vt 0.816162 0.384521
vt 0.810059 0.360596
vt 0.817871 0.359131
vt 0.209961 0.450684
vt 0.207520 0.414551
vt 0.213135 0.415283
vt 0.217529 0.392822
vt 0.217529 0.450928
vt 0.968262 0.889404
vt 0.956299 0.892578
vt 0.957764 0.884277
vt 0.968262 0.871338
vt 0.219238 0.868896
vt 0.212891 0.868896
vt 0.207031 0.850830
vt 0.216553 0.849609
vt 0.218018 0.831299
vt 0.210938 0.831787
vt 0.219238 0.821045
vt 0.982422 0.264404
vt 0.982422 0.280762
vt 0.974609 0.280029
vt 0.655518 0.273193
vt 0.656250 0.281006
vt 0.635986 0.278564
vt 0.627441 0.286865
vt 0.623047 0.321045
vt 0.668701 0.292969
vt 0.668701 0.328369
vt 0.650391 0.340088
vt 0.652100 0.348633
vt 0.640137 0.350098
vt 0.629883 0.337158
vt 0.624756 0.342529
vt 0.617432 0.322754
vt 0.876953 0.886230
vt 0.878174 0.876709
vt 0.884766 0.878418
vt 0.882568 0.839844
vt 0.876953 0.841309
vt 0.083496 0.321777
vt 0.074219 0.308350
vt 0.082520 0.304199
vt 0.078125 0.294189
vt 0.070801 0.295166
vt 0.083496 0.265381
vt 0.076172 0.262451
vt 0.918945 0.648438
vt 0.926514 0.646240
vt 0.919678 0.666260
vt 0.927246 0.666992
vt 0.918945 0.681396
vt 0.285400 0.515869
vt 0.291748 0.526855
vt 0.282959 0.526855
vt 0.922363 0.365723
vt 0.922607 0.382568
vt 0.910400 0.380127
vt 0.913574 0.362061
vt 0.910889 0.397461
vt 0.922607 0.398926
vt 0.810547 0.622070
vt 0.821533 0.609619
vt 0.835938 0.668701
vt 0.835938 0.609619
vt 0.805176 0.637939
vt 0.703125 0.328125
vt 0.684082 0.326416
vt 0.686768 0.319336
vt 0.702637 0.323242
vt 0.685303 0.306885
vt 0.672363 0.310303
vt 0.715576 0.316406
vt 0.719482 0.320068
vt 0.728516 0.305664
vt 0.722168 0.304199
vt 0.728516 0.271729
vt 0.687744 0.273193
vt 0.671631 0.276123
vt 0.676758 0.263916
vt 0.722900 0.272461
vt 0.720947 0.255859
vt 0.696777 0.260742
vt 0.695312 0.254395
vt 0.716064 0.260010
vt 0.227051 0.841064
vt 0.227051 0.884766
vt 0.219482 0.852783
vt 0.963135 0.027344
vt 0.973145 0.033203
vt 0.963135 0.047363
vt 0.971191 0.047119
vt 0.935303 0.045654
vt 0.932861 0.053711
vt 0.932861 0.034180
vt 0.979248 0.154541
vt 0.974121 0.151611
vt 0.979248 0.137695
vt 0.946289 0.547363
vt 0.938965 0.535645
vt 0.946289 0.528320
vt 0.926758 0.239746
vt 0.926758 0.219971
vt 0.933594 0.234619
vt 0.718262 0.517334
vt 0.718262 0.483398
vt 0.727295 0.515625
vt 0.728516 0.485107
vt 0.722656 0.467773
vt 0.009277 0.515137
vt 0.034668 0.473633
vt 0.020752 0.516846
vt 0.017578 0.523682
vt 0.034668 0.522705
vt 0.365723 0.798584
vt 0.387207 0.817383
vt 0.379639 0.851562
vt 0.365723 0.854736
vt 0.392334 0.830811
vt 0.400635 0.831299
vt 0.266113 0.875000
vt 0.269775 0.850098
vt 0.277588 0.848145
vt 0.274658 0.873779
vt 0.269531 0.892578
vt 0.277588 0.892578
vt 0.775635 0.933105
vt 0.768066 0.931152
vt 0.780762 0.919922
vt 0.772217 0.950928
vt 0.780762 0.947021
vt 0.886230 0.783447
vt 0.885742 0.796631
vt 0.878662 0.784668
vt 0.878906 0.796387
vt 0.878662 0.828369
vt 0.886230 0.829590
vt 0.973877 0.192871
vt 0.975098 0.188232
vt 0.982422 0.186768
vt 0.977539 0.179688
vt 0.973877 0.182617
vt 0.979248 0.195068
vt 0.975830 0.197021
vt 0.890869 0.400635
vt 0.889648 0.391602
vt 0.895752 0.391602
vt 0.895508 0.400146
vt 0.725342 0.171875
vt 0.720703 0.170898
vt 0.721436 0.167236
vt 0.724609 0.166992
vt 0.720703 0.161621
vt 0.725342 0.162598
vt 0.357910 0.892334
vt 0.351807 0.892578
vt 0.357910 0.883057
vt 0.351807 0.883301
vt 0.075928 0.226562
vt 0.076416 0.222900
vt 0.081055 0.223145
vt 0.082031 0.227783
vt 0.075928 0.232422
vt 0.082031 0.233398
vt 0.884766 0.636475
vt 0.881836 0.640381
vt 0.881836 0.632812
vt 0.072998 0.974609
vt 0.074707 0.966064
vt 0.078857 0.970459
vt 0.083984 0.967041
vt 0.083496 0.964111
vt 0.077881 0.975342
vt 0.075195 0.979004
vt 0.079834 0.982422
vt 0.082520 0.978760
vt 0.083984 0.982422
vt 0.089844 0.978271
vt 0.087158 0.976318
vt 0.089844 0.968750
vt 0.085938 0.969971
vt 0.094727 0.452637
vt 0.091064 0.449463
vt 0.094727 0.445068
vt 0.838135 0.790039
vt 0.832031 0.789307
vt 0.839111 0.785156
vt 0.833008 0.785156
vt 0.837646 0.777100
vt 0.832031 0.777832
vt 0.997559 0.489746
vt 0.992432 0.489746
vt 0.993652 0.485840
vt 0.973145 0.088867
vt 0.970215 0.093018
vt 0.968750 0.085938
vt 0.964355 0.087402
vt 0.968994 0.079346
vt 0.965332 0.077637
vt 0.972900 0.077148
vt 0.973145 0.072998
vt 0.992432 0.178467
vt 0.998291 0.178467
vt 0.997070 0.183838
vt 0.993896 0.183105
vt 0.558350 0.875244
vt 0.552490 0.875244
vt 0.558350 0.865723
vt 0.552490 0.865479
vt 0.717529 0.053711
vt 0.712158 0.053711
vt 0.717529 0.044434
vt 0.711914 0.045410
vt 0.873047 0.341064
vt 0.878418 0.340576
vt 0.877686 0.344971
vt 0.874268 0.344971
vt 0.878418 0.350098
vt 0.873535 0.349609
vt 0.993408 0.185791
vt 0.996582 0.186279
vt 0.998047 0.191406
vt 0.992432 0.191406
vt 0.226074 0.917236
vt 0.231934 0.917236
vt 0.229980 0.921387
vt 0.227051 0.921387
vt 0.231934 0.925781
vt 0.225342 0.925293
vt 0.992432 0.136475
vt 0.998535 0.136475
vt 0.995361 0.137939
vt 0.604248 0.348633
vt 0.607910 0.349121
vt 0.607910 0.352539
vt 0.605713 0.353027
vt 0.608643 0.356934
vt 0.604248 0.357910
vt 0.992432 0.072754
vt 0.994629 0.067627
vt 0.998535 0.072754
vt 0.997314 0.068359
vt 0.996582 0.149414
vt 0.993652 0.148926
vt 0.992432 0.144043
vt 0.998291 0.144043
vt 0.995850 0.887695
vt 0.994873 0.890381
vt 0.992432 0.887695
vt 0.992432 0.962158
vt 0.995605 0.963623
vt 0.992432 0.964844
vt 0.790039 0.742920
vt 0.791992 0.739502
vt 0.794678 0.740479
vt 0.790527 0.744385
vt 0.794922 0.734619
vt 0.792480 0.735596
vt 0.792480 0.730713
vt 0.790039 0.731689
vt 0.651123 0.223389
vt 0.651367 0.226318
vt 0.650391 0.228760
vt 0.648438 0.224365
vt 0.651367 0.220215
vt 0.648926 0.220947
vt 0.995605 0.764160
vt 0.997070 0.766113
vt 0.992432 0.766113
vt 0.992432 0.908936
vt 0.992432 0.905762
vt 0.995850 0.906250
vt 0.223877 0.198486
vt 0.223877 0.202637
vt 0.222168 0.201172
vt 0.223633 0.205078
vt 0.220215 0.196045
vt 0.219971 0.202637
vt 0.219971 0.198486
vt 0.998291 0.021240
vt 0.992432 0.021240
vt 0.993164 0.018066
vt 0.998779 0.018066
vt 0.258545 0.520020
vt 0.258057 0.515381
vt 0.261475 0.515381
vt 0.261719 0.521240
vt 0.258057 0.526855
vt 0.738037 0.173828
vt 0.737305 0.175049
vt 0.734619 0.170898
vt 0.732178 0.171875
vt 0.732910 0.167236
vt 0.730469 0.166992
vt 0.734619 0.162842
vt 0.732178 0.161621
vt 0.738037 0.160889
vt 0.997559 0.466553
vt 0.997559 0.469971
vt 0.992432 0.466797
vt 0.992432 0.266357
vt 0.998047 0.266357
vt 0.994629 0.269043
vt 0.485596 0.534668
vt 0.489746 0.532471
vt 0.490479 0.534668
vt 0.486572 0.536621
vt 0.483154 0.540771
vt 0.485107 0.540283
vt 0.485596 0.544678
vt 0.486328 0.543457
vt 0.489746 0.547363
vt 0.490479 0.544922
vt 0.599365 0.053711
vt 0.597168 0.049316
vt 0.598633 0.048584
vt 0.599365 0.045410
vt 0.997314 0.636963
vt 0.992432 0.636963
vt 0.995850 0.635254
vt 0.998047 0.095703
vt 0.998535 0.099365
vt 0.992920 0.095947
vt 0.992432 0.099365
vt 0.578125 0.341553
vt 0.577148 0.337158
vt 0.580322 0.341064
vt 0.577148 0.345459
vt 0.756104 0.005615
vt 0.756104 0.002197
vt 0.758545 0.002441
vt 0.758545 0.005859
vt 0.756348 0.009521
vt 0.992432 0.844482
vt 0.992432 0.841797
vt 0.996338 0.844238
vt 0.442383 0.547363
vt 0.442871 0.542236
vt 0.446289 0.541504
vt 0.445312 0.536865
vt 0.442383 0.536865
vt 0.992432 0.882324
vt 0.995850 0.882324
vt 0.995361 0.885742
vt 0.992920 0.884766
vt 0.992432 0.820312
vt 0.996094 0.817871
vt 0.996582 0.820312
vt 0.992432 0.550781
vt 0.997559 0.550781
vt 0.994385 0.552246
vt 0.992432 0.023438
vt 0.998291 0.023438
vt 0.998779 0.026611
vt 0.993164 0.026611
vt 0.997803 0.422607
vt 0.996094 0.424316
vt 0.992432 0.422607
vt 0.992676 0.423828
vt 0.992432 0.697510
vt 0.994629 0.698242
vt 0.992432 0.700928
vt 0.994873 0.700684
vt 0.997070 0.697754
vt 0.998047 0.393555
vt 0.997559 0.395020
vt 0.992432 0.393555
vt 0.992432 0.830566
vt 0.996582 0.830566
vt 0.996338 0.833008
vt 0.993164 0.832520
vt 0.803955 0.371826
vt 0.804199 0.365967
vt 0.807373 0.365479
vt 0.807373 0.372070
vt 0.025146 0.374512
vt 0.025146 0.378418
vt 0.022705 0.374512
vt 0.025146 0.371338
vt 0.080322 0.329590
vt 0.081055 0.325684
vt 0.083496 0.328369
vt 0.081299 0.332764
vt 0.083496 0.332031
vt 0.316162 0.521484
vt 0.316162 0.515625
vt 0.318604 0.520996
vt 0.316650 0.524658
vt 0.318604 0.526855
vt 0.992432 0.666016
vt 0.995605 0.664551
vt 0.997314 0.666016
vt 0.009521 0.357910
vt 0.007568 0.356934
vt 0.009521 0.350830
vt 0.992432 0.193359
vt 0.998291 0.193359
vt 0.995361 0.195068
vt 0.992432 0.254883
vt 0.994629 0.252686
vt 0.998291 0.254883
vt 0.673340 0.905273
vt 0.672363 0.916260
vt 0.667236 0.915283
vt 0.666992 0.904785
vt 0.666992 0.893555
vt 0.672607 0.893799
vt 0.667236 0.879150
vt 0.672119 0.879395
vt 0.998535 0.101318
vt 0.993652 0.104492
vt 0.992432 0.101318
vt 0.996826 0.103027
vt 0.792480 0.578369
vt 0.793213 0.586670
vt 0.788086 0.586670
vt 0.992432 0.444580
vt 0.995850 0.443115
vt 0.997803 0.444580
vt 0.998047 0.281982
vt 0.996582 0.283936
vt 0.992432 0.281982
vt 0.992432 0.402344
vt 0.997803 0.402344
vt 0.993408 0.404297
vt 0.993652 0.212402
vt 0.998291 0.213379
vt 0.992432 0.213379
vt 0.994629 0.933350
vt 0.995850 0.934570
vt 0.992432 0.934570
vt 0.422852 0.966797
vt 0.419434 0.966797
vt 0.419434 0.956543
vt 0.424316 0.956543
vt 0.423340 0.945312
vt 0.769531 0.914551
vt 0.767334 0.924072
vt 0.763916 0.913086
vt 0.768799 0.903809
vt 0.763184 0.902344
vt 0.764160 0.888916
vt 0.769531 0.889893
vt 0.939941 0.425537
vt 0.946289 0.424316
vt 0.939697 0.435303
vt 0.946045 0.415527
vt 0.941162 0.416260
vt 0.945312 0.404053
vt 0.939697 0.404297
vt 0.619141 0.026855
vt 0.617188 0.017090
vt 0.621338 0.013916
vt 0.617188 0.001221
vt 0.998535 0.086426
vt 0.993896 0.086426
vt 0.998535 0.081543
vt 0.992432 0.081543
vt 0.596436 0.864502
vt 0.600830 0.863037
vt 0.600830 0.878418
vt 0.998047 0.204590
vt 0.998047 0.210449
vt 0.992432 0.210449
vt 0.992432 0.204590
vt 0.248535 0.968262
vt 0.253174 0.970703
vt 0.247559 0.973633
vt 0.249268 0.974854
vt 0.255371 0.974121
vt 0.250977 0.977295
vt 0.255371 0.979736
vt 0.250488 0.979492
vt 0.254639 0.984131
vt 0.249756 0.983643
vt 0.992676 0.154785
vt 0.998291 0.154785
vt 0.992432 0.159424
vt 0.998047 0.159424
vt 0.782715 0.232422
vt 0.783691 0.237549
vt 0.777832 0.234863
vt 0.781982 0.238770
vt 0.775146 0.238281
vt 0.780273 0.240967
vt 0.775146 0.243408
vt 0.780518 0.243164
vt 0.781494 0.247070
vt 0.776123 0.247559
vt 0.998047 0.293701
vt 0.992432 0.293701
vt 0.998047 0.291504
vt 0.992432 0.291504
vt 0.992676 0.464600
vt 0.992432 0.459717
vt 0.997314 0.459717
vt 0.997559 0.464600
vt 0.894775 0.062012
vt 0.894775 0.058838
vt 0.900391 0.058838
vt 0.900635 0.061768
vt 0.894775 0.063965
vt 0.900391 0.063721
vt 0.894775 0.067871
vt 0.900391 0.067627
vt 0.675049 0.012451
vt 0.669434 0.012695
vt 0.675049 0.006836
vt 0.669434 0.007080
vt 0.669434 0.002441
vt 0.675049 0.002441
vt 0.998047 0.227783
vt 0.998047 0.233398
vt 0.992432 0.233398
vt 0.992432 0.227783
vt 0.970459 0.928467
vt 0.970215 0.918945
vt 0.973389 0.918457
vt 0.973145 0.928955
vt 0.976318 0.920166
vt 0.977783 0.927979
vt 0.977783 0.912842
vt 0.974854 0.911133
vt 0.977783 0.042480
vt 0.974609 0.041992
vt 0.980957 0.033447
vt 0.976807 0.033447
vt 0.978516 0.024902
vt 0.974609 0.025879
vt 0.490967 0.978271
vt 0.490967 0.968262
vt 0.494629 0.970947
vt 0.498535 0.968262
vt 0.493652 0.976807
vt 0.498779 0.964111
vt 0.498291 0.982422
vt 0.502197 0.970947
vt 0.498535 0.979248
vt 0.506348 0.969238
vt 0.506104 0.978271
vt 0.502441 0.976562
vt 0.431396 0.239258
vt 0.428955 0.239746
vt 0.432129 0.229980
vt 0.428955 0.229004
vt 0.588135 0.032471
vt 0.584717 0.033203
vt 0.588135 0.022949
vt 0.584717 0.022705
vt 0.381592 0.548096
vt 0.377930 0.548828
vt 0.381592 0.538086
vt 0.377197 0.538086
vt 0.374512 0.547852
vt 0.375000 0.538818
vt 0.428223 0.257080
vt 0.432129 0.256592
vt 0.427979 0.265869
vt 0.432129 0.266602
vt 0.839355 0.695068
vt 0.841797 0.695312
vt 0.838623 0.705078
vt 0.842285 0.705078
vt 0.861084 0.535889
vt 0.861084 0.545654
vt 0.856445 0.544922
vt 0.856934 0.536621
vt 0.717529 0.979248
vt 0.709961 0.984131
vt 0.710205 0.980469
vt 0.714355 0.978516
vt 0.717529 0.971191
vt 0.705078 0.979736
vt 0.702393 0.981689
vt 0.704346 0.973633
vt 0.701660 0.972656
vt 0.708984 0.971436
vt 0.708740 0.967041
vt 0.714355 0.973389
vt 0.992432 0.437500
vt 0.997803 0.437500
vt 0.997559 0.440674
vt 0.993408 0.440918
vt 0.821533 0.796631
vt 0.821777 0.804443
vt 0.819336 0.800049
vt 0.818359 0.804443
vt 0.817139 0.801025
vt 0.817139 0.807861
vt 0.820557 0.809082
vt 0.992432 0.142090
vt 0.995850 0.139893
vt 0.998535 0.142090
vt 0.992920 0.110840
vt 0.998535 0.113770
vt 0.992432 0.113770
vt 0.632324 0.871582
vt 0.629395 0.872070
vt 0.632080 0.868652
vt 0.627686 0.868652
vt 0.632324 0.864502
vt 0.629150 0.864014
vt 0.997803 0.374023
vt 0.997070 0.377686
vt 0.992432 0.374023
vt 0.993164 0.377441
vt 0.304443 0.784668
vt 0.303955 0.788574
vt 0.300781 0.790039
vt 0.300781 0.783447
vt 0.997070 0.679688
vt 0.996338 0.683105
vt 0.992432 0.679688
vt 0.992676 0.683350
vt 0.349365 0.471680
vt 0.344482 0.468506
vt 0.350098 0.468018
vt 0.345215 0.471680
vt 0.350098 0.474609
vt 0.992432 0.548584
vt 0.993164 0.545898
vt 0.997559 0.548584
vt 0.992432 0.568848
vt 0.992920 0.565674
vt 0.997314 0.568848
vt 0.996094 0.565430
vt 0.995850 0.913330
vt 0.993408 0.913330
vt 0.992432 0.911133
vt 0.994873 0.911133
vt 0.995850 0.739746
vt 0.993164 0.739014
vt 0.992432 0.736572
vt 0.997070 0.736572
vt 0.421143 0.933594
vt 0.418945 0.933105
vt 0.418457 0.929688
vt 0.422607 0.931641
vt 0.423584 0.922607
vt 0.417969 0.921387
vt 0.425781 0.912598
vt 0.417969 0.910889
vt 0.419189 0.900879
vt 0.425537 0.903320
vt 0.939941 0.031006
vt 0.938965 0.034668
vt 0.936523 0.034424
vt 0.936279 0.031982
vt 0.933594 0.023438
vt 0.939941 0.022949
vt 0.931641 0.013184
vt 0.939941 0.012451
vt 0.939453 0.002441
vt 0.932129 0.004150
vt 0.070312 0.820068
vt 0.069092 0.821777
vt 0.066406 0.819580
vt 0.071045 0.817627
vt 0.066406 0.810059
vt 0.850342 0.473145
vt 0.845703 0.472900
vt 0.845703 0.465576
vt 0.851562 0.465088
vt 0.952637 0.455811
vt 0.948486 0.448486
vt 0.954102 0.447266
vt 0.946289 0.438477
vt 0.954102 0.437012
vt 0.946533 0.429199
vt 0.953369 0.427734
vt 0.322510 0.472412
vt 0.320312 0.463867
vt 0.328125 0.473145
vt 0.328125 0.463867
vt 0.917725 0.278564
vt 0.925781 0.278809
vt 0.925781 0.287109
vt 0.917725 0.285645
vt 0.924072 0.520996
vt 0.924072 0.528320
vt 0.917236 0.528076
vt 0.916992 0.521240
vt 0.005859 0.470215
vt 0.027100 0.475830
vt 0.025635 0.483887
vt 0.021973 0.488525
vt 0.016113 0.491943
vt 0.009033 0.490967
vt 0.001709 0.489990
vt 0.023682 0.465332
vt 0.014160 0.451660
vt 0.001709 0.453125
vt 0.031494 0.455078
vt 0.030029 0.460693
vt 0.028564 0.443604
vt 0.020996 0.431152
vt 0.007080 0.425537
vt 0.030762 0.429443
vt 0.031250 0.426025
vt 0.017578 0.413086
vt 0.030762 0.422119
vt 0.026123 0.410889
vt 0.955811 0.839600
vt 0.955811 0.856689
vt 0.938232 0.848877
vt 0.947754 0.857910
vt 0.942139 0.828857
vt 0.696533 0.105713
vt 0.701904 0.117432
vt 0.696533 0.119873
vt 0.587891 0.349365
vt 0.575684 0.325684
vt 0.618164 0.316650
vt 0.593750 0.364258
vt 0.575684 0.298096
vt 0.589355 0.277344
vt 0.618164 0.268799
vt 0.578125 0.274170
vt 0.455811 0.432129
vt 0.449463 0.426514
vt 0.455811 0.401123
vt 0.083496 0.841064
vt 0.097900 0.864258
vt 0.045410 0.864258
vt 0.068115 0.825684
vt 0.053955 0.811279
vt 0.031250 0.906738
vt 0.042480 0.920898
vt 0.030518 0.919189
vt 0.024170 0.913330
vt 0.022705 0.906982
vt 0.025635 0.899414
vt 0.042480 0.897705
vt 0.034424 0.893555
vt 0.037109 0.881592
vt 0.121338 0.938477
vt 0.114990 0.920898
vt 0.121338 0.906250
vt 0.115479 0.911621
vt 0.001221 0.861084
vt 0.002441 0.828613
vt 0.019043 0.830322
vt 0.001221 0.815918
vt 0.005615 0.809326
vt 0.121338 0.823242
vt 0.123047 0.816650
vt 0.123047 0.829590
vt 0.749023 0.831055
vt 0.749023 0.807129
vt 0.756836 0.809326
vt 0.763428 0.817383
vt 0.461182 0.982422
vt 0.461182 0.964844
vt 0.476318 0.968262
vt 0.588379 0.807129
vt 0.603760 0.816406
vt 0.588379 0.860107
vt 0.616455 0.829346
vt 0.628174 0.843262
vt 0.638672 0.861084
vt 0.967529 0.190430
vt 0.974609 0.204590
vt 0.967529 0.209717
vt 0.298340 0.953369
vt 0.298340 0.934326
vt 0.304199 0.932373
vt 0.309082 0.937256
vt 0.315430 0.946777
vt 0.314697 0.960449
vt 0.541992 0.471436
vt 0.533447 0.469971
vt 0.555176 0.467773
vt 0.543457 0.454102
vt 0.528809 0.468018
vt 0.532471 0.460449
vt 0.526611 0.463867
vt 0.523926 0.455566
vt 0.526123 0.449219
vt 0.535400 0.434082
vt 0.516113 0.444336
vt 0.512451 0.438232
vt 0.511230 0.431641
vt 0.514160 0.424561
vt 0.520996 0.418457
vt 0.545166 0.417236
vt 0.527832 0.414307
vt 0.533691 0.410645
vt 0.534668 0.404785
vt 0.541748 0.395508
vt 0.535400 0.394775
vt 0.555176 0.398926
vt 0.549316 0.389893
vt 0.810059 0.423828
vt 0.816895 0.421875
vt 0.816162 0.429199
vt 0.810059 0.435303
vt 0.225830 0.890381
vt 0.215088 0.888916
vt 0.213379 0.876465
vt 0.224365 0.902100
vt 0.215332 0.899658
vt 0.213379 0.910156
vt 0.229736 0.904541
vt 0.231934 0.894043
vt 0.220703 0.911133
vt 0.218506 0.916260
vt 0.221680 0.915039
vt 0.224854 0.913818
vt 0.908447 0.643066
vt 0.906982 0.653809
vt 0.890137 0.660156
vt 0.906738 0.664551
vt 0.892334 0.670166
vt 0.908447 0.676514
vt 0.893555 0.678467
vt 0.907959 0.679932
vt 0.906006 0.682617
vt 0.899658 0.683594
vt 0.896240 0.682861
vt 0.902832 0.684570
vt 0.640381 0.468262
vt 0.640381 0.493652
vt 0.638916 0.486816
vt 0.699219 0.372070
vt 0.706543 0.372070
vt 0.706055 0.380127
vt 0.994873 0.541260
vt 0.992432 0.536377
vt 0.997559 0.536377
vt 0.675049 0.810303
vt 0.675049 0.820068
vt 0.673828 0.816650
vt 0.992432 0.638916
vt 0.997314 0.638916
vt 0.995117 0.639893
vt 0.992432 0.694336
vt 0.997314 0.694336
vt 0.994873 0.695557
vt 0.997559 0.583740
vt 0.992432 0.583740
vt 0.993896 0.581543
vt 0.996582 0.790771
vt 0.993408 0.793457
vt 0.992432 0.790771
vt 0.997070 0.711670
vt 0.992432 0.711670
vt 0.995605 0.710693
vt 0.169189 0.980469
vt 0.166504 0.979736
vt 0.171631 0.972412
vt 0.171875 0.980957
vt 0.176514 0.973877
vt 0.166016 0.971191
vt 0.173584 0.963135
vt 0.166016 0.962158
vt 0.805420 0.771240
vt 0.800781 0.762207
vt 0.807373 0.762207
vt 0.888916 0.010986
vt 0.895752 0.011963
vt 0.885986 0.023438
vt 0.894287 0.024170
vt 0.885010 0.037354
vt 0.894775 0.038086
vt 0.886963 0.052002
vt 0.895752 0.053711
vt 0.900391 0.826172
vt 0.902344 0.838623
vt 0.893311 0.827393
vt 0.894043 0.839355
vt 0.903564 0.852539
vt 0.894043 0.853516
vt 0.893311 0.867432
vt 0.902344 0.867432
vt 0.360596 0.942871
vt 0.367920 0.946289
vt 0.360596 0.966797
vt 0.372070 0.952881
vt 0.818848 0.222412
vt 0.809326 0.205811
vt 0.822021 0.200928
vt 0.832764 0.194824
vt 0.815430 0.187744
vt 0.826660 0.184326
vt 0.811279 0.175537
vt 0.823975 0.172119
vt 0.809326 0.166260
vt 0.821777 0.162354
vt 0.897461 0.533203
vt 0.880371 0.547363
vt 0.884277 0.532471
vt 0.895752 0.519775
vt 0.883057 0.522949
vt 0.880371 0.511475
vt 0.893066 0.509766
vt 0.882080 0.502686
vt 0.868896 0.949707
vt 0.880127 0.956543
vt 0.873779 0.962402
vt 0.880127 0.969727
vt 0.866943 0.957520
vt 0.873779 0.970947
vt 0.866455 0.963623
vt 0.870117 0.971436
vt 0.866943 0.970703
vt 0.992432 0.168457
vt 0.998535 0.168457
vt 0.996094 0.168701
vt 0.950684 0.927246
vt 0.949463 0.927246
vt 0.949219 0.921631
vt 0.947266 0.927246
vt 0.955078 0.921387
vt 0.942627 0.921875
vt 0.944824 0.925781
vt 0.947754 0.908447
vt 0.937744 0.910156
vt 0.934082 0.899170
vt 0.958008 0.908447
vt 0.946289 0.896729
vt 0.958984 0.896729
vt 0.838379 0.111816
vt 0.837158 0.111572
vt 0.835205 0.109131
vt 0.840576 0.112061
vt 0.843018 0.111084
vt 0.845215 0.107666
vt 0.833008 0.106689
vt 0.830322 0.093750
vt 0.850342 0.096680
vt 0.830322 0.080078
vt 0.854736 0.084717
vt 0.831787 0.066650
vt 0.836426 0.055908
vt 0.062500 0.414795
vt 0.062500 0.407471
vt 0.062988 0.411377
vt 0.157715 0.939697
vt 0.170166 0.937988
vt 0.170410 0.950928
vt 0.156738 0.952393
vt 0.159668 0.965088
vt 0.182861 0.951660
vt 0.181152 0.965088
vt 0.182617 0.938965
vt 0.579834 0.048584
vt 0.582031 0.035889
vt 0.582031 0.061523
vt 0.851074 0.946045
vt 0.862549 0.934570
vt 0.862549 0.960449
vt 0.925781 0.334717
vt 0.925781 0.369141
vt 0.922119 0.351562
vt 0.275146 0.972412
vt 0.269043 0.979736
vt 0.260498 0.982422
vt 0.260498 0.963623
vt 0.277588 0.964355
vt 0.039795 0.930420
vt 0.044189 0.938232
vt 0.036133 0.951904
vt 0.042969 0.945557
vt 0.031494 0.924805
vt 0.026855 0.955322
vt 0.017334 0.955811
vt 0.017334 0.924072
vt 0.969727 0.514160
vt 0.977783 0.496338
vt 0.977783 0.514160
vt 0.971191 0.363525
vt 0.979248 0.348877
vt 0.979248 0.365967
vt 0.424805 0.987305
vt 0.424805 0.971436
vt 0.433594 0.984863
vt 0.939941 0.461914
vt 0.939453 0.480957
vt 0.923340 0.461182
vt 0.924561 0.479492
vt 0.937500 0.444092
vt 0.908691 0.480469
vt 0.922852 0.445068
vt 0.906494 0.462891
vt 0.906494 0.447510
vt 0.877686 0.889648
vt 0.911621 0.872314
vt 0.909668 0.885498
vt 0.879150 0.905762
vt 0.910645 0.902588
vt 0.911621 0.913086
vt 0.927979 0.670410
vt 0.939941 0.668701
vt 0.939941 0.684082
vt 0.925293 0.683105
vt 0.925537 0.699219
vt 0.939209 0.701904
vt 0.558838 0.421143
vt 0.558838 0.390625
vt 0.567871 0.402100
vt 0.647461 0.025146
vt 0.647461 0.001465
vt 0.657715 0.017090
vt 0.666992 0.266846
vt 0.665283 0.283936
vt 0.656006 0.269531
vt 0.653809 0.258301
vt 0.666992 0.256348
vt 0.652588 0.246338
vt 0.666260 0.246582
vt 0.640381 0.249756
vt 0.641357 0.259521
vt 0.942627 0.072266
vt 0.944580 0.089844
vt 0.931885 0.068115
vt 0.932129 0.058105
vt 0.944580 0.061035
vt 0.937256 0.109619
vt 0.922852 0.126221
vt 0.915527 0.110352
vt 0.912842 0.100098
vt 0.937500 0.100342
vt 0.912598 0.090332
vt 0.938477 0.090332
vt 0.485840 0.951904
vt 0.485840 0.938232
vt 0.494385 0.940918
vt 0.495850 0.951172
vt 0.487793 0.965088
vt 0.500000 0.945801
vt 0.496338 0.961670
vt 0.501465 0.950195
vt 0.500488 0.954590
vt 0.626221 0.252686
vt 0.634033 0.250732
vt 0.634033 0.275879
vt 0.625488 0.272217
vt 0.621338 0.265381
vt 0.621094 0.257324
vt 0.786865 0.242920
vt 0.786865 0.234375
vt 0.788574 0.238525
vt 0.814697 0.457031
vt 0.815430 0.461426
vt 0.814697 0.466797
vt 0.313721 0.525146
vt 0.311279 0.521240
vt 0.312256 0.517334
vt 0.313721 0.513916
vt 0.832764 0.950195
vt 0.828125 0.959717
vt 0.828613 0.951172
vt 0.824219 0.963623
vt 0.831055 0.945801
vt 0.828613 0.942627
vt 0.822754 0.950928
vt 0.822754 0.939453
vt 0.085205 0.910889
vt 0.095947 0.913086
vt 0.098389 0.919189
vt 0.080566 0.913818
vt 0.076904 0.918945
vt 0.073242 0.930664
vt 0.104004 0.930420
vt 0.105713 0.944580
vt 0.077393 0.944580
vt 0.596924 0.903320
vt 0.607910 0.910889
vt 0.595459 0.909424
vt 0.611816 0.923096
vt 0.594971 0.921143
vt 0.583984 0.909668
vt 0.577637 0.920654
vt 0.594238 0.938477
vt 0.610352 0.938477
vt 0.578369 0.936035
vt 0.364258 0.513916
vt 0.376953 0.513916
vt 0.375488 0.529785
vt 0.441406 0.957764
vt 0.426758 0.958984
vt 0.426758 0.928223
vt 0.441162 0.931641
vt 0.454102 0.951416
vt 0.939697 0.547363
vt 0.952637 0.553711
vt 0.944092 0.567139
vt 0.952637 0.572021
vt 0.933594 0.561523
vt 0.939941 0.578857
vt 0.567871 0.944580
vt 0.567871 0.966797
vt 0.555176 0.953125
vt 0.547852 0.961426
vt 0.966797 0.274658
vt 0.966797 0.296387
vt 0.951660 0.288086
vt 0.857910 0.416016
vt 0.850830 0.428223
vt 0.832764 0.424316
vt 0.838867 0.409912
vt 0.830322 0.437744
vt 0.849365 0.438232
vt 0.833252 0.450439
vt 0.850342 0.447266
vt 0.838623 0.465332
vt 0.857910 0.459961
vt 0.928955 0.357910
vt 0.928955 0.342529
vt 0.944092 0.357422
vt 0.944092 0.342041
vt 0.929932 0.327637
vt 0.957275 0.342285
vt 0.955566 0.353516
vt 0.955566 0.329590
vt 0.943604 0.326660
vt 0.931641 0.327148
vt 0.316895 0.972656
vt 0.297852 0.977783
vt 0.311279 0.965332
vt 0.297852 0.958496
vt 0.739746 0.936768
vt 0.739746 0.952637
vt 0.723145 0.950684
vt 0.723877 0.935303
vt 0.738281 0.922607
vt 0.711182 0.933594
vt 0.711670 0.946045
vt 0.713623 0.922363
vt 0.725098 0.919922
vt 0.736816 0.922119
vt 0.107666 0.941406
vt 0.108887 0.921387
vt 0.108887 0.941406
vt 0.763428 0.936523
vt 0.762207 0.936768
vt 0.762207 0.917480
vt 0.925781 0.162354
vt 0.915527 0.144287
vt 0.916748 0.144287
vt 0.925781 0.127441
vt 0.975098 0.114014
vt 0.987305 0.112305
vt 0.982910 0.122314
vt 0.975098 0.123291
vt 0.981201 0.128174
vt 0.976807 0.129395
vt 0.448730 0.956543
vt 0.457275 0.964355
vt 0.446777 0.966553
vt 0.451660 0.971436
vt 0.444824 0.972656
vt 0.447510 0.976318
vt 0.457275 0.975830
vt 0.481201 0.513428
vt 0.491943 0.513428
vt 0.491699 0.523193
vt 0.485352 0.521484
vt 0.489990 0.528320
vt 0.826416 0.076904
vt 0.826416 0.086670
vt 0.824707 0.082520
vt 0.706543 0.889160
vt 0.705566 0.900635
vt 0.697021 0.889160
vt 0.697754 0.895996
vt 0.223877 0.265137
vt 0.223877 0.272949
vt 0.221924 0.269043
vt 0.906738 0.231445
vt 0.895264 0.236572
vt 0.897461 0.219971
vt 0.886475 0.228516
vt 0.881592 0.218750
vt 0.881592 0.233398
vt 0.888184 0.208496
vt 0.906738 0.195068
vt 0.490479 0.936523
vt 0.486816 0.924805
vt 0.511475 0.938477
vt 0.514160 0.928223
vt 0.487793 0.911377
vt 0.500732 0.912109
vt 0.514160 0.903320
vt 0.968506 0.561035
vt 0.969971 0.572510
vt 0.961426 0.568115
vt 0.961426 0.561035
vt 0.956787 0.564941
vt 0.956299 0.560303
vt 0.961426 0.553955
vt 0.969971 0.551025
vt 0.968018 0.401123
vt 0.959473 0.405273
vt 0.968018 0.386963
vt 0.959473 0.384033
vt 0.972656 0.397949
vt 0.973145 0.389648
vt 0.235840 0.790771
vt 0.238037 0.786865
vt 0.238037 0.794922
vt 0.223877 0.285400
vt 0.221191 0.281494
vt 0.223877 0.277832
vt 0.100830 0.911621
vt 0.110107 0.884277
vt 0.112061 0.901123
vt 0.112061 0.920898
vt 0.855469 0.955078
vt 0.864258 0.965820
vt 0.855469 0.974609
vt 0.976318 0.101807
vt 0.972412 0.114258
vt 0.966553 0.101807
vt 0.967041 0.116211
vt 0.970703 0.119629
vt 0.968994 0.121338
vt 0.780762 0.718994
vt 0.770752 0.719238
vt 0.770752 0.707520
vt 0.780273 0.706543
vt 0.767822 0.694824
vt 0.761963 0.707031
vt 0.761963 0.718506
vt 0.117432 0.951904
vt 0.124023 0.962646
vt 0.105957 0.961426
vt 0.124512 0.973145
vt 0.105957 0.972900
vt 0.965576 0.933350
vt 0.982422 0.933350
vt 0.972168 0.944580
vt 0.981201 0.944580
vt 0.979492 0.948975
vt 0.974854 0.949463
vt 0.977051 0.950928
vt 0.704834 0.496094
vt 0.712891 0.492188
vt 0.708984 0.506348
vt 0.712891 0.506104
vt 0.994385 0.626221
vt 0.992432 0.623291
vt 0.997314 0.623291
vt 0.997070 0.627930
vt 0.208008 0.283203
vt 0.209717 0.286621
vt 0.208008 0.290283
vt 0.995850 0.579590
vt 0.992432 0.577637
vt 0.997559 0.577637
vt 0.992432 0.980713
vt 0.994629 0.980957
vt 0.992432 0.982422
vt 0.998047 0.320312
vt 0.997070 0.322754
vt 0.992432 0.320312
vt 0.992432 0.862061
vt 0.994141 0.861084
vt 0.996094 0.862061
vt 0.997070 0.655029
vt 0.997314 0.657227
vt 0.992432 0.657227
vt 0.362793 0.520020
vt 0.355713 0.523682
vt 0.360596 0.515625
vt 0.355713 0.520020
vt 0.355713 0.512939
vt 0.996094 0.851807
vt 0.995605 0.854736
vt 0.992432 0.851807
vt 0.348145 0.990479
vt 0.344971 0.985840
vt 0.353027 0.986084
vt 0.351318 0.977051
vt 0.354736 0.980713
vt 0.344971 0.974854
vt 0.996582 0.329102
vt 0.992432 0.324707
vt 0.998047 0.324707
vt 0.009521 0.307617
vt 0.007812 0.302734
vt 0.009521 0.300293
vt 0.994629 0.151367
vt 0.998535 0.152588
vt 0.992432 0.152588
vt 0.859375 0.219238
vt 0.859375 0.211182
vt 0.862549 0.214355
vt 0.010986 0.343750
vt 0.007812 0.346924
vt 0.007568 0.344482
vt 0.007568 0.339844
vt 0.740479 0.033936
vt 0.745850 0.034180
vt 0.741211 0.040527
vt 0.748535 0.040527
vt 0.749023 0.047363
vt 0.740479 0.045654
vt 0.045654 0.829102
vt 0.045654 0.840576
vt 0.041992 0.837891
vt 0.375244 0.447998
vt 0.369141 0.443115
vt 0.375244 0.440918
vt 0.958984 0.523682
vt 0.940674 0.523682
vt 0.941650 0.507568
vt 0.955566 0.497559
vt 0.942871 0.493652
vt 0.386475 0.952637
vt 0.374512 0.966797
vt 0.374512 0.939941
vt 0.385254 0.939453
vt 0.916260 0.197021
vt 0.899414 0.180420
vt 0.916260 0.159424
vt 0.949463 0.181885
vt 0.949463 0.198486
vt 0.933350 0.184570
vt 0.935791 0.200195
vt 0.946289 0.168457
vt 0.932617 0.166992
vt 0.920654 0.171143
vt 0.920410 0.184326
vt 0.531982 0.950928
vt 0.539307 0.958252
vt 0.528320 0.960693
vt 0.517822 0.949951
vt 0.517822 0.964600
vt 0.520508 0.973145
vt 0.527832 0.972412
vt 0.881348 0.350098
vt 0.881348 0.314941
vt 0.887939 0.347412
vt 0.211914 0.943115
vt 0.212646 0.935059
vt 0.217529 0.933594
vt 0.211914 0.924316
vt 0.937744 0.655029
vt 0.950928 0.654541
vt 0.950928 0.684570
vt 0.078369 0.958740
vt 0.087891 0.948486
vt 0.100830 0.971436
vt 0.100830 0.948486
vt 0.902100 0.171387
vt 0.892822 0.171875
vt 0.902100 0.160156
vt 0.892822 0.163330
vt 0.010010 0.946533
vt 0.014160 0.934570
vt 0.014160 0.950928
vt 0.214600 0.335938
vt 0.208740 0.333252
vt 0.214600 0.328369
vt 0.207275 0.328369
vt 0.701416 0.966797
vt 0.701416 0.943359
vt 0.710449 0.948975
vt 0.714844 0.962158
vt 0.716064 0.952148
vt 0.477783 0.861084
vt 0.472168 0.860107
vt 0.477783 0.851807
vt 0.472412 0.854492
vt 0.751953 0.740234
vt 0.753906 0.735840
vt 0.753906 0.744385
vt 0.938232 0.041016
vt 0.948730 0.039551
vt 0.943359 0.056885
vt 0.952148 0.051270
vt 0.947754 0.026611
vt 0.960205 0.049561
vt 0.960449 0.026123
vt 0.960449 0.037354
vt 0.880615 0.951660
vt 0.889648 0.944824
vt 0.897461 0.965088
vt 0.897461 0.941650
vt 0.984131 0.481689
vt 0.972900 0.500000
vt 0.966064 0.481689
vt 0.479492 0.965088
vt 0.460449 0.961182
vt 0.480957 0.948730
vt 0.456787 0.948975
vt 0.479736 0.938721
vt 0.455078 0.938721
vt 0.955322 0.752197
vt 0.958984 0.768066
vt 0.949463 0.763672
vt 0.941406 0.757324
vt 0.943359 0.747803
vt 0.958984 0.740479
vt 0.935791 0.751221
vt 0.948730 0.738525
vt 0.937012 0.745117
vt 0.940430 0.739746
vt 0.793213 0.970215
vt 0.783936 0.971436
vt 0.783936 0.948975
vt 0.793457 0.952637
vt 0.801025 0.955811
vt 0.801270 0.966553
vt 0.223877 0.188232
vt 0.223389 0.194092
vt 0.219727 0.192139
vt 0.218750 0.188721
vt 0.218262 0.184814
vt 0.223877 0.181641
vt 0.790039 0.821289
vt 0.786377 0.823242
vt 0.786377 0.811279
vt 0.763428 0.617676
vt 0.760498 0.619873
vt 0.760498 0.611084
vt 0.222412 0.843262
vt 0.219971 0.845215
vt 0.219971 0.837891
vt 0.928223 0.637451
vt 0.943115 0.634277
vt 0.943115 0.649902
vt 0.931152 0.652832
vt 0.942139 0.621094
vt 0.928955 0.621094
vt 0.782959 0.944580
vt 0.782471 0.930420
vt 0.796387 0.946289
vt 0.797119 0.917480
vt 0.782471 0.918457
vt 0.810547 0.942627
vt 0.810547 0.912598
vt 0.709717 0.924316
vt 0.707520 0.939941
vt 0.692627 0.923340
vt 0.708740 0.907715
vt 0.693604 0.905518
vt 0.678955 0.904541
vt 0.691895 0.939209
vt 0.677002 0.922852
vt 0.678223 0.939941
vt 0.866455 0.912842
vt 0.881836 0.912354
vt 0.866455 0.944824
vt 0.880615 0.946289
vt 0.888672 0.942383
vt 0.895508 0.934570
vt 0.891113 0.913574
vt 0.897217 0.919189
vt 0.898926 0.927246
vt 0.932129 0.307861
vt 0.932129 0.324951
vt 0.924072 0.320801
vt 0.916504 0.313721
vt 0.913574 0.306152
vt 0.932129 0.289551
vt 0.921631 0.291748
vt 0.915283 0.297852
vt 0.610107 0.512695
vt 0.613525 0.509033
vt 0.612061 0.514160
vt 0.613525 0.500732
vt 0.607910 0.503906
vt 0.994629 0.415771
vt 0.992432 0.414551
vt 0.995361 0.413086
vt 0.997803 0.415771
vt 0.430664 0.291748
vt 0.427734 0.289795
vt 0.430664 0.284912
vt 0.018066 0.283936
vt 0.020508 0.277588
vt 0.020508 0.285400
vt 0.995361 0.755859
vt 0.997070 0.758057
vt 0.992432 0.758057
vt 0.804688 0.654785
vt 0.811523 0.651611
vt 0.804932 0.660645
vt 0.812012 0.664307
vt 0.806152 0.664551
vt 0.818604 0.655762
vt 0.818604 0.665527
vt 0.342285 0.523682
vt 0.336670 0.521973
vt 0.342285 0.518799
vt 0.334473 0.519531
vt 0.335205 0.516357
vt 0.341309 0.512939
vt 0.318604 0.868896
vt 0.316406 0.866699
vt 0.318604 0.860107
vt 0.995117 0.828613
vt 0.992432 0.826416
vt 0.996582 0.826416
vt 0.701660 0.059570
vt 0.699219 0.059814
vt 0.701904 0.056152
vt 0.699219 0.052490
vt 0.021729 0.990479
vt 0.022949 0.985840
vt 0.027832 0.988770
vt 0.027100 0.983154
vt 0.031006 0.982666
vt 0.033203 0.974609
vt 0.024170 0.981445
vt 0.021729 0.977783
vt 0.992676 0.170654
vt 0.998047 0.176514
vt 0.992432 0.176514
vt 0.998779 0.034912
vt 0.992432 0.034912
vt 0.997070 0.028564
vt 0.729736 0.505615
vt 0.738037 0.510010
vt 0.729736 0.515625
vt 0.834229 0.671387
vt 0.830566 0.673340
vt 0.825928 0.663330
vt 0.825928 0.675049
vt 0.737793 0.490479
vt 0.729492 0.478271
vt 0.738037 0.475586
vt 0.732422 0.443359
vt 0.723145 0.441650
vt 0.738037 0.433105
vt 0.732178 0.428223
vt 0.786621 0.720947
vt 0.785645 0.688721
vt 0.794922 0.679932
vt 0.803467 0.677490
vt 0.807617 0.668457
vt 0.796143 0.673096
vt 0.817627 0.681885
vt 0.823486 0.675049
vt 0.827148 0.692627
vt 0.793213 0.727539
vt 0.835938 0.689941
vt 0.805176 0.729004
vt 0.826904 0.719482
vt 0.835938 0.721191
vt 0.820557 0.730225
vt 0.444824 0.294189
vt 0.437256 0.328125
vt 0.429443 0.324951
vt 0.436035 0.295410
vt 0.440674 0.276611
vt 0.433105 0.281738
vt 0.436768 0.267334
vt 0.429443 0.273193
vt 0.984131 0.906738
vt 0.975830 0.906738
vt 0.977539 0.890869
vt 0.528564 0.853271
vt 0.496826 0.861084
vt 0.532715 0.836670
vt 0.487305 0.851074
vt 0.481201 0.860107
vt 0.534668 0.825439
vt 0.526123 0.814453
vt 0.512695 0.807129
vt 0.482178 0.840088
vt 0.481201 0.826172
vt 0.485352 0.814453
vt 0.605713 0.515625
vt 0.599121 0.515137
vt 0.605713 0.506836
vt 0.187500 0.963135
vt 0.197021 0.967041
vt 0.181885 0.969971
vt 0.197021 0.947510
vt 0.187500 0.950195
vt 0.924561 0.436768
vt 0.916016 0.433350
vt 0.925781 0.420898
vt 0.916748 0.420410
vt 0.924561 0.401367
vt 0.916016 0.405029
vt 0.200684 0.933105
vt 0.209717 0.934326
vt 0.200684 0.960449
vt 0.189697 0.944580
vt 0.189697 0.914307
vt 0.197021 0.941650
vt 0.356445 0.976318
vt 0.348633 0.970703
vt 0.356445 0.958740
vt 0.873291 0.373779
vt 0.880859 0.358887
vt 0.887939 0.364990
vt 0.884766 0.376953
vt 0.872559 0.389648
vt 0.882568 0.388184
vt 0.877930 0.405273
vt 0.887939 0.398193
vt 0.954102 0.972656
vt 0.946777 0.980957
vt 0.946777 0.963379
vt 0.968750 0.294922
vt 0.968750 0.276123
vt 0.976318 0.287109
vt 0.212646 0.980225
vt 0.216309 0.968262
vt 0.227051 0.968262
vt 0.227051 0.985596
vt 0.657715 0.346191
vt 0.664062 0.352783
vt 0.657715 0.361084
vt 0.620850 0.805176
vt 0.632324 0.826416
vt 0.620850 0.829590
vt 0.957275 0.673828
vt 0.957275 0.700195
vt 0.952881 0.690430
vt 0.432129 0.535400
vt 0.432129 0.545654
vt 0.423340 0.545654
vt 0.424561 0.535645
vt 0.903809 0.587158
vt 0.909668 0.581787
vt 0.912598 0.600586
vt 0.919434 0.599365
vt 0.903809 0.621338
vt 0.944580 0.218506
vt 0.942139 0.235107
vt 0.935791 0.220215
vt 0.944092 0.204102
vt 0.935791 0.203125
vt 0.229248 0.473145
vt 0.229248 0.453857
vt 0.239746 0.460205
vt 0.237793 0.472656
vt 0.814453 0.927002
vt 0.820068 0.948486
vt 0.814453 0.954102
vt 0.866211 0.859863
vt 0.873779 0.867920
vt 0.866211 0.900635
vt 0.823242 0.240723
vt 0.817871 0.245605
vt 0.808105 0.234619
vt 0.806641 0.242188
vt 0.791260 0.235352
vt 0.817627 0.286865
vt 0.800781 0.289062
vt 0.777344 0.257812
vt 0.793457 0.240234
vt 0.778076 0.269531
vt 0.783691 0.286865
vt 0.803223 0.299561
vt 0.823242 0.291504
vt 0.782227 0.294922
vt 0.955811 0.526611
vt 0.955811 0.553467
vt 0.948486 0.527344
vt 0.932129 0.223877
vt 0.925537 0.213135
vt 0.932129 0.190186
vt 0.534424 0.850098
vt 0.541260 0.820801
vt 0.556641 0.861084
vt 0.554199 0.816895
vt 0.536621 0.813721
vt 0.569336 0.859375
vt 0.585205 0.842041
vt 0.552002 0.807129
vt 0.576416 0.820557
vt 0.577148 0.807129
vt 0.950195 0.125488
vt 0.957275 0.121338
vt 0.957275 0.148193
vt 0.885742 0.206543
vt 0.877441 0.202637
vt 0.892578 0.180420
vt 0.884033 0.178467
vt 0.886963 0.160400
vt 0.877441 0.163086
vt 0.716064 0.162598
vt 0.708496 0.186035
vt 0.707520 0.162598
vt 0.611572 0.001953
vt 0.614990 0.026123
vt 0.606689 0.025879
vt 0.603271 0.037842
vt 0.603271 0.005371
vt 0.896973 0.315186
vt 0.905273 0.319336
vt 0.895752 0.331543
vt 0.904541 0.330811
vt 0.897949 0.356445
vt 0.905273 0.348877
vt 0.938965 0.148193
vt 0.944580 0.160889
vt 0.938965 0.165527
vt 0.964355 0.761230
vt 0.958984 0.746826
vt 0.973145 0.744629
vt 0.973145 0.764893
vt 0.211426 0.871826
vt 0.205566 0.885986
vt 0.196045 0.857422
vt 0.196045 0.900635
vt 0.641846 0.170898
vt 0.641846 0.179688
vt 0.638184 0.177246
vt 0.637451 0.172363
vt 0.298096 0.822266
vt 0.294189 0.824707
vt 0.298096 0.817383
vt 0.294189 0.814941
vt 0.855225 0.410156
vt 0.856201 0.400879
vt 0.861084 0.400146
vt 0.861084 0.409668
vt 0.998047 0.243896
vt 0.992432 0.243896
vt 0.993652 0.239014
vt 0.995850 0.239014
vt 0.992432 0.591553
vt 0.997314 0.591553
vt 0.997314 0.595215
vt 0.648193 0.966309
vt 0.646240 0.970459
vt 0.639160 0.967041
vt 0.642090 0.970947
vt 0.634033 0.977051
vt 0.639648 0.976074
vt 0.639648 0.983643
vt 0.641602 0.979492
vt 0.648193 0.984131
vt 0.646729 0.979492
vt 0.212891 0.267334
vt 0.208984 0.269775
vt 0.211670 0.264893
vt 0.207520 0.265137
vt 0.212891 0.262695
vt 0.208740 0.261475
vt 0.897461 0.198242
vt 0.892578 0.198730
vt 0.897217 0.189941
vt 0.892578 0.189697
vt 0.849121 0.258301
vt 0.854736 0.258301
vt 0.849121 0.269775
vt 0.853760 0.269531
vt 0.670166 0.866211
vt 0.670166 0.875244
vt 0.665283 0.875000
vt 0.664551 0.866699
vt 0.625977 0.284912
vt 0.620361 0.285400
vt 0.626221 0.276855
vt 0.620361 0.276611
vt 0.772461 0.968506
vt 0.775879 0.960449
vt 0.775879 0.971680
vt 0.772461 0.963867
vt 0.768066 0.970703
vt 0.769043 0.955811
vt 0.768066 0.976318
vt 0.763428 0.968262
vt 0.761230 0.971680
vt 0.768066 0.961426
vt 0.761230 0.960205
vt 0.763428 0.963623
vt 0.992432 0.673584
vt 0.997070 0.673584
vt 0.994873 0.677734
vt 0.992676 0.677246
vt 0.996338 0.571289
vt 0.997314 0.575684
vt 0.993896 0.570801
vt 0.992432 0.575684
vt 0.999023 0.008057
vt 0.997070 0.009521
vt 0.992432 0.008057
vt 0.992676 0.012207
vt 0.997559 0.011963
vt 0.997314 0.585693
vt 0.996582 0.588867
vt 0.992432 0.585693
vt 0.993896 0.589355
vt 0.997559 0.530273
vt 0.997559 0.534180
vt 0.992432 0.531006
vt 0.995117 0.534180
vt 0.236084 0.515381
vt 0.241211 0.515381
vt 0.236816 0.526855
vt 0.241211 0.526855
vt 0.660889 0.084717
vt 0.660889 0.093018
vt 0.658691 0.088867
vt 0.992432 0.633301
vt 0.995605 0.630127
vt 0.997314 0.633301
vt 0.676514 0.322754
vt 0.670898 0.323242
vt 0.672852 0.318604
vt 0.675049 0.318359
vt 0.670898 0.315186
vt 0.993896 0.472412
vt 0.996582 0.471924
vt 0.997559 0.476807
vt 0.992432 0.476807
vt 0.779297 0.398926
vt 0.784424 0.396484
vt 0.785400 0.401611
vt 0.783447 0.402832
vt 0.776855 0.402344
vt 0.781738 0.405029
vt 0.776855 0.407471
vt 0.782227 0.407227
vt 0.777588 0.411621
vt 0.782959 0.411133
vt 0.992432 0.197021
vt 0.998047 0.197021
vt 0.998047 0.202637
vt 0.992432 0.202637
vt 0.992432 0.166260
vt 0.992676 0.161621
vt 0.998047 0.166260
vt 0.998291 0.161621
vt 0.978760 0.581787
vt 0.983398 0.584473
vt 0.977783 0.587158
vt 0.979492 0.588623
vt 0.985596 0.587891
vt 0.981201 0.590820
vt 0.985596 0.593262
vt 0.980713 0.593018
vt 0.979980 0.597412
vt 0.984863 0.597656
vt 0.998047 0.297852
vt 0.992432 0.297852
vt 0.992432 0.295654
vt 0.998047 0.295654
vt 0.997314 0.452881
vt 0.997559 0.457764
vt 0.992432 0.452881
vt 0.992676 0.457764
vt 0.875244 0.896240
vt 0.875244 0.899414
vt 0.869629 0.896240
vt 0.869629 0.899414
vt 0.875244 0.901367
vt 0.869629 0.901367
vt 0.875244 0.905029
vt 0.869629 0.905273
vt 0.645020 0.012451
vt 0.639404 0.012695
vt 0.639404 0.007080
vt 0.645020 0.006836
vt 0.645020 0.002441
vt 0.639404 0.002441
vt 0.998047 0.220215
vt 0.998047 0.225830
vt 0.992432 0.220215
vt 0.992432 0.225830
vt 0.279053 0.525146
vt 0.275879 0.522217
vt 0.278076 0.520752
vt 0.277832 0.516602
vt 0.276367 0.516113
vt 0.273682 0.521484
vt 0.279053 0.513916
vt 0.350830 0.524414
vt 0.346924 0.525146
vt 0.349121 0.522949
vt 0.351807 0.518311
vt 0.349854 0.519531
vt 0.347900 0.514404
vt 0.346924 0.516113
vt 0.002197 0.523926
vt 0.001465 0.519531
vt 0.004639 0.519531
vt 0.004395 0.525146
vt 0.004639 0.513916
vt 0.001465 0.513672
vt 0.995850 0.926758
vt 0.992432 0.928223
vt 0.992432 0.925781
vt 0.002197 0.886230
vt 0.001465 0.882324
vt 0.003174 0.884033
vt 0.003174 0.880615
vt 0.001465 0.877441
vt 0.562256 0.118164
vt 0.559814 0.118164
vt 0.562988 0.114990
vt 0.560547 0.114990
vt 0.562256 0.111572
vt 0.559814 0.111572
vt 0.995361 0.873779
vt 0.996094 0.875732
vt 0.992920 0.873291
vt 0.992432 0.875732
vt 0.016846 0.277588
vt 0.016846 0.274902
vt 0.019043 0.273438
vt 0.016846 0.269775
vt 0.223145 0.312988
vt 0.225342 0.309814
vt 0.225586 0.313477
vt 0.223145 0.316406
vt 0.225586 0.316895
vt 0.996582 0.810791
vt 0.994141 0.812500
vt 0.992432 0.810791
vt 0.832764 0.596680
vt 0.830566 0.593750
vt 0.831299 0.591797
vt 0.825684 0.592773
vt 0.835938 0.595459
vt 0.832520 0.600098
vt 0.834961 0.600830
vt 0.830078 0.604004
vt 0.831055 0.605713
vt 0.825684 0.604004
vt 0.825684 0.605469
vt 0.840576 0.315430
vt 0.837891 0.315186
vt 0.840576 0.310547
vt 0.837646 0.311523
vt 0.837891 0.305420
vt 0.992432 0.690674
vt 0.997070 0.690674
vt 0.995605 0.692383
vt 0.992432 0.824463
vt 0.994873 0.822510
vt 0.996582 0.824463
vt 0.996826 0.768066
vt 0.996826 0.771484
vt 0.992432 0.770264
vt 0.753906 0.111816
vt 0.752930 0.116699
vt 0.750488 0.116699
vt 0.753906 0.121338
vt 0.068115 0.336670
vt 0.070801 0.333496
vt 0.070801 0.336914
vt 0.068115 0.340576
vt 0.071045 0.339355
vt 0.992432 0.119385
vt 0.997803 0.119385
vt 0.998535 0.122803
vt 0.992432 0.122803
vt 0.992432 0.559814
vt 0.997314 0.563232
vt 0.992432 0.563232
vt 0.997314 0.559814
vt 0.515381 0.449219
vt 0.518799 0.449219
vt 0.515381 0.454834
vt 0.518799 0.454834
vt 0.516602 0.460449
vt 0.014160 0.217529
vt 0.011475 0.212646
vt 0.013428 0.213623
vt 0.014160 0.209717
vt 0.012695 0.208008
vt 0.993896 0.332764
vt 0.992432 0.331055
vt 0.998047 0.331055
vt 0.998047 0.385742
vt 0.992432 0.385742
vt 0.998047 0.383789
vt 0.831543 0.465332
vt 0.832031 0.461914
vt 0.834229 0.462158
vt 0.833740 0.458740
vt 0.831543 0.457275
vt 0.993408 0.839844
vt 0.992432 0.838379
vt 0.996338 0.838379
vt 0.993164 0.871338
vt 0.992432 0.868896
vt 0.995605 0.871094
vt 0.996094 0.868896
vt 0.992432 0.732422
vt 0.992432 0.730225
vt 0.995850 0.732422
vt 0.996826 0.730225
vt 0.997070 0.734619
vt 0.992432 0.734619
vt 0.992432 0.703857
vt 0.996094 0.703125
vt 0.997314 0.703857
vt 0.583496 0.849365
vt 0.583008 0.855225
vt 0.579590 0.855469
vt 0.580322 0.850830
vt 0.580078 0.861084
vt 0.583496 0.860840
vt 0.992432 0.760254
vt 0.997070 0.760254
vt 0.995850 0.762207
vt 0.997070 0.716309
vt 0.992432 0.716309
vt 0.993164 0.713867
vt 0.996826 0.713867
vt 0.947998 0.732178
vt 0.952637 0.731934
vt 0.947998 0.733398
vt 0.946533 0.722656
vt 0.952637 0.722412
vt 0.946533 0.711426
vt 0.952393 0.711914
vt 0.952637 0.704834
vt 0.997803 0.400146
vt 0.993164 0.400146
vt 0.996094 0.396973
vt 0.992432 0.396973
vt 0.995361 0.974121
vt 0.992432 0.975586
vt 0.992432 0.974121
vt 0.676025 0.834229
vt 0.673096 0.833008
vt 0.676514 0.833252
vt 0.672363 0.831299
vt 0.676514 0.822021
vt 0.963379 0.153076
vt 0.959717 0.150879
vt 0.964111 0.151855
vt 0.964111 0.150391
vt 0.965088 0.141113
vt 0.959961 0.140869
vt 0.959717 0.130859
vt 0.995850 0.117188
vt 0.992432 0.115723
vt 0.998535 0.115723
vt 0.928711 0.067383
vt 0.930420 0.077393
vt 0.924316 0.068115
vt 0.923828 0.056641
vt 0.929443 0.056152
vt 0.924561 0.048340
vt 0.930420 0.048096
vt 0.929443 0.042969
vt 0.924316 0.043213
vt 0.959229 0.117676
vt 0.963623 0.126953
vt 0.960205 0.127686
vt 0.963623 0.116455
vt 0.961182 0.105469
vt 0.799561 0.822754
vt 0.799561 0.834229
vt 0.795166 0.823730
vt 0.676514 0.337402
vt 0.675049 0.350098
vt 0.671875 0.340088
vt 0.669922 0.332764
vt 0.676514 0.330322
vt 0.673828 0.326416
vt 0.212891 0.255371
vt 0.207520 0.251953
vt 0.212891 0.247314
vt 0.737549 0.298096
vt 0.731445 0.291260
vt 0.738037 0.289795
vt 0.735840 0.284424
vt 0.731445 0.285400
vt 0.812012 0.077393
vt 0.812012 0.069336
vt 0.818604 0.070312
vt 0.813965 0.063721
vt 0.818359 0.064453
vt 0.993164 0.355469
vt 0.997803 0.355469
vt 0.992432 0.360107
vt 0.997314 0.360107
vt 0.992432 0.607666
vt 0.992432 0.603027
vt 0.997314 0.606934
vt 0.433594 0.331055
vt 0.433594 0.340088
vt 0.430420 0.340576
vt 0.430420 0.330566
vt 0.973145 0.554688
vt 0.976318 0.555908
vt 0.971924 0.563965
vt 0.975586 0.563477
vt 0.972656 0.572510
vt 0.976318 0.572021
vt 0.742432 0.975830
vt 0.742432 0.966797
vt 0.745361 0.969238
vt 0.750000 0.966553
vt 0.745850 0.974609
vt 0.750732 0.963135
vt 0.750244 0.980957
vt 0.755127 0.969482
vt 0.750000 0.976562
vt 0.758545 0.967041
vt 0.758545 0.976074
vt 0.754395 0.973877
vt 0.832764 0.577148
vt 0.832764 0.588135
vt 0.829590 0.585938
vt 0.829346 0.576660
vt 0.075684 0.316895
vt 0.070068 0.315918
vt 0.070557 0.313721
vt 0.075195 0.313477
vt 0.070068 0.310059
vt 0.974121 0.069336
vt 0.971436 0.060303
vt 0.975098 0.059326
vt 0.977783 0.068359
vt 0.977783 0.052246
vt 0.975098 0.051514
vt 0.863770 0.759521
vt 0.859131 0.760254
vt 0.859131 0.756348
vt 0.863281 0.756836
vt 0.858154 0.753662
vt 0.864258 0.753662
vt 0.207764 0.224365
vt 0.208008 0.220215
vt 0.209961 0.219238
vt 0.211426 0.223633
vt 0.208252 0.227783
vt 0.211426 0.228760
vt 0.723877 0.414551
vt 0.722412 0.418213
vt 0.718994 0.417725
vt 0.720459 0.422607
vt 0.723877 0.422119
vt 0.997314 0.601074
vt 0.992432 0.598633
vt 0.997314 0.597412
vt 0.617432 0.982910
vt 0.620850 0.987061
vt 0.619141 0.990479
vt 0.626709 0.990479
vt 0.614746 0.983887
vt 0.619385 0.978516
vt 0.616943 0.974609
vt 0.623535 0.978027
vt 0.624268 0.974609
vt 0.626709 0.983154
vt 0.629150 0.982422
vt 0.624756 0.987549
vt 0.998535 0.130859
vt 0.992432 0.130859
vt 0.996094 0.128906
vt 0.998047 0.289307
vt 0.992432 0.289307
vt 0.993652 0.285889
vt 0.998047 0.287109
vt 0.856445 0.111084
vt 0.853516 0.112061
vt 0.856201 0.103271
vt 0.853027 0.102051
vt 0.849609 0.112061
vt 0.850098 0.103027
vt 0.247559 0.515381
vt 0.247559 0.526855
vt 0.244385 0.525146
vt 0.244141 0.516113
vt 0.207520 0.204346
vt 0.211426 0.203857
vt 0.207764 0.214355
vt 0.211426 0.214600
vt 0.992432 0.108887
vt 0.997070 0.106445
vt 0.998535 0.108887
vt 0.997070 0.300049
vt 0.998047 0.302246
vt 0.992432 0.302246
vt 0.992432 0.006104
vt 0.995117 0.001465
vt 0.996338 0.005371
vt 0.998779 0.000977
vt 0.998291 0.006104
vt 0.996826 0.387939
vt 0.997803 0.391602
vt 0.992432 0.387939
vt 0.993164 0.390869
vt 0.842285 0.624512
vt 0.838623 0.623779
vt 0.842285 0.614258
vt 0.838867 0.614746
vt 0.416260 0.547363
vt 0.416260 0.536621
vt 0.419434 0.537354
vt 0.419434 0.546631
vt 0.940918 0.131592
vt 0.945557 0.131348
vt 0.946045 0.138916
vt 0.938965 0.121338
vt 0.941406 0.139404
vt 0.944824 0.141602
vt 0.941650 0.141846
vt 0.946289 0.120850
vt 0.938477 0.112549
vt 0.946289 0.110596
vt 0.578125 0.375732
vt 0.578613 0.368164
vt 0.582520 0.376465
vt 0.578857 0.378418
vt 0.583008 0.368896
vt 0.578125 0.357666
vt 0.585205 0.358643
vt 0.584473 0.349121
vt 0.578125 0.347656
vt 0.994629 0.420410
vt 0.992432 0.417725
vt 0.995117 0.417969
vt 0.996582 0.417725
vt 0.997803 0.419922
vt 0.993896 0.706055
vt 0.995361 0.706055
vt 0.997070 0.708496
vt 0.992432 0.708496
vt 0.996582 0.313232
vt 0.994141 0.313965
vt 0.992432 0.311279
vt 0.998047 0.311279
vt 0.282227 0.873047
vt 0.277832 0.873779
vt 0.277832 0.865723
vt 0.804688 0.850830
vt 0.809082 0.857666
vt 0.804688 0.859619
vt 0.757080 0.708008
vt 0.752686 0.702393
vt 0.757324 0.702393
vt 0.752197 0.694336
vt 0.760254 0.694336
vt 0.973877 0.684570
vt 0.975098 0.677490
vt 0.979248 0.677002
vt 0.973877 0.668701
vt 0.980957 0.667725
vt 0.717529 0.257080
vt 0.711670 0.257080
vt 0.716309 0.248047
vt 0.711670 0.246826
vt 0.172607 0.843750
vt 0.173828 0.834717
vt 0.178223 0.843750
vt 0.799316 0.506348
vt 0.805908 0.504883
vt 0.799316 0.512451
vt 0.805664 0.512451
vt 0.760254 0.831055
vt 0.753418 0.830322
vt 0.760254 0.823975
vt 0.961670 0.074219
vt 0.961426 0.063965
vt 0.968262 0.056885
vt 0.968262 0.072998
vt 0.959961 0.057861
vt 0.960205 0.052490
vt 0.260742 0.829834
vt 0.257324 0.820557
vt 0.280762 0.834961
vt 0.266113 0.833496
vt 0.285645 0.831787
vt 0.279053 0.840332
vt 0.273193 0.842285
vt 0.266602 0.839355
vt 0.290527 0.824463
vt 0.293457 0.797363
vt 0.257324 0.794434
vt 0.263428 0.786865
vt 0.277100 0.784668
vt 0.288086 0.789062
vt 0.203369 0.975830
vt 0.201660 0.982422
vt 0.201660 0.966309
vt 0.701904 0.346924
vt 0.698486 0.342285
vt 0.701904 0.332275
vt 0.606934 0.962646
vt 0.616699 0.958984
vt 0.618164 0.964355
vt 0.615479 0.969238
vt 0.606934 0.977539
vt 0.613770 0.977783
vt 0.123047 0.789062
vt 0.123047 0.804199
vt 0.115723 0.802490
vt 0.520508 0.414307
vt 0.513672 0.416260
vt 0.513672 0.401367
vt 0.950195 0.823242
vt 0.943359 0.808838
vt 0.951660 0.808350
vt 0.957275 0.816162
vt 0.947754 0.794922
vt 0.957275 0.796875
vt 0.842041 0.056885
vt 0.836426 0.042969
vt 0.848389 0.049805
vt 0.844482 0.040527
vt 0.843018 0.013672
vt 0.836426 0.011230
vt 0.841309 0.001709
vt 0.848389 0.005859
vt 0.799561 0.887207
vt 0.799316 0.900391
vt 0.791504 0.882568
vt 0.794678 0.908447
vt 0.784424 0.880371
vt 0.773682 0.880615
vt 0.773682 0.920898
vt 0.843994 0.115967
vt 0.854736 0.117920
vt 0.850098 0.123291
vt 0.837402 0.130859
vt 0.843994 0.132080
vt 0.839600 0.161377
vt 0.848145 0.157959
vt 0.848389 0.170410
vt 0.854736 0.164795
vt 0.913086 0.087158
vt 0.906250 0.089844
vt 0.913086 0.063721
vt 0.906006 0.062744
vt 0.913086 0.054199
vt 0.906738 0.050293
vt 0.907959 0.575928
vt 0.888672 0.586670
vt 0.888672 0.545166
vt 0.898193 0.545898
vt 0.906494 0.554199
vt 0.911621 0.566895
vt 0.069336 0.918701
vt 0.064453 0.944580
vt 0.064453 0.914307
vt 0.115234 0.861572
vt 0.115234 0.892578
vt 0.110107 0.862061
vt 0.111816 0.850342
vt 0.208496 0.312256
vt 0.214111 0.283691
vt 0.214600 0.312256
vt 0.766602 0.110107
vt 0.771240 0.121582
vt 0.766602 0.123047
vt 0.521973 0.458008
vt 0.521973 0.473145
vt 0.518066 0.464844
vt 0.944580 0.307129
vt 0.937256 0.310791
vt 0.943359 0.295654
vt 0.935547 0.295898
vt 0.944580 0.282227
vt 0.937256 0.279053
vt 0.937500 0.796387
vt 0.943115 0.799561
vt 0.935059 0.811035
vt 0.940918 0.811035
vt 0.937500 0.827881
vt 0.943115 0.824463
vt 0.855469 0.531250
vt 0.850342 0.524902
vt 0.855713 0.521484
vt 0.862549 0.527588
vt 0.862549 0.520264
vt 0.861572 0.532959
vt 0.559326 0.449463
vt 0.554688 0.454346
vt 0.549561 0.447998
vt 0.547852 0.455811
vt 0.553955 0.441162
vt 0.561523 0.443604
vt 0.547852 0.441650
vt 0.402100 0.514648
vt 0.402100 0.522949
vt 0.394287 0.515137
vt 0.393799 0.525146
vt 0.867188 0.394287
vt 0.858154 0.392090
vt 0.861816 0.387695
vt 0.868896 0.387939
vt 0.858154 0.383789
vt 0.865723 0.381592
vt 0.635498 0.120361
vt 0.629150 0.123047
vt 0.629150 0.116455
vt 0.392578 0.535156
vt 0.391846 0.545166
vt 0.384766 0.539551
vt 0.384766 0.545654
vt 0.384766 0.515137
vt 0.389648 0.519775
vt 0.378906 0.518311
vt 0.386475 0.526367
vt 0.378906 0.528320
vt 0.827393 0.809082
vt 0.826172 0.803955
vt 0.833252 0.807617
vt 0.835938 0.801514
vt 0.831543 0.797607
vt 0.823975 0.794922
vt 0.837402 0.794922
vt 0.337402 0.854736
vt 0.328369 0.854736
vt 0.328613 0.848145
vt 0.337402 0.845215
vt 0.331299 0.842041
vt 0.633789 0.014648
vt 0.625977 0.015869
vt 0.624023 0.009277
vt 0.634033 0.007324
vt 0.624023 0.000977
vt 0.359619 0.452637
vt 0.359619 0.441406
vt 0.367432 0.446533
vt 0.365479 0.440430
vt 0.802979 0.230225
vt 0.777588 0.230225
vt 0.778809 0.203613
vt 0.804199 0.203613
vt 0.777832 0.192139
vt 0.803223 0.192139
vt 0.778809 0.178955
vt 0.804199 0.178955
vt 0.777588 0.161865
vt 0.802979 0.161865
vt 0.821045 0.343994
vt 0.802979 0.364258
vt 0.802979 0.304443
vt 0.822266 0.331543
vt 0.833496 0.322510
vt 0.835938 0.304443
vt 0.832764 0.001221
vt 0.832764 0.058350
vt 0.808838 0.061523
vt 0.808838 0.004395
vt 0.829590 0.793213
vt 0.811523 0.772949
vt 0.829590 0.733398
vt 0.810303 0.760498
vt 0.799072 0.751465
vt 0.796631 0.733398
vt 0.922363 0.275146
vt 0.922363 0.242432
vt 0.944580 0.275879
vt 0.944580 0.243164
vt 0.719482 0.398438
vt 0.723877 0.394775
vt 0.723877 0.408447
vt 0.966797 0.664062
vt 0.960693 0.661865
vt 0.960205 0.643066
vt 0.966797 0.643555
vt 0.372070 0.976318
vt 0.359375 0.976318
vt 0.362305 0.971924
vt 0.371338 0.958252
vt 0.974609 0.698730
vt 0.980957 0.682373
vt 0.982422 0.698730
vt 0.746094 0.049805
vt 0.745605 0.057373
vt 0.725098 0.051270
vt 0.714844 0.057861
vt 0.705566 0.076904
vt 0.756104 0.070068
vt 0.698975 0.075928
vt 0.709473 0.053955
vt 0.704834 0.100098
vt 0.697754 0.102295
vt 0.750244 0.106445
vt 0.760254 0.073486
vt 0.707275 0.121338
vt 0.712646 0.115234
vt 0.735107 0.115234
vt 0.735840 0.121338
vt 0.752441 0.108398
vt 0.265625 0.930664
vt 0.269043 0.910400
vt 0.277588 0.911133
vt 0.271973 0.932129
vt 0.265625 0.900391
vt 0.272461 0.898438
vt 0.454834 0.211426
vt 0.453125 0.186035
vt 0.459473 0.185059
vt 0.460449 0.210205
vt 0.454102 0.160400
vt 0.460449 0.161621
vt 0.677734 0.176514
vt 0.677734 0.161865
vt 0.683105 0.162354
vt 0.687500 0.175049
vt 0.954590 0.822754
vt 0.963623 0.822754
vt 0.959473 0.845215
vt 0.926758 0.513916
vt 0.939941 0.494873
vt 0.932861 0.513428
vt 0.939941 0.526855
vt 0.688477 0.186279
vt 0.702393 0.186768
vt 0.696777 0.191406
vt 0.712891 0.209961
vt 0.659180 0.194336
vt 0.667725 0.181152
vt 0.650635 0.189209
vt 0.651855 0.202637
vt 0.706543 0.211426
vt 0.659668 0.238037
vt 0.707031 0.233154
vt 0.679199 0.253906
vt 0.712891 0.234375
vt 0.704834 0.255371
vt 0.584473 0.071045
vt 0.586670 0.059082
vt 0.592285 0.060059
vt 0.596436 0.025879
vt 0.599365 0.025635
vt 0.599121 0.002930
vt 0.591309 0.025391
vt 0.593262 0.001465
vt 0.584473 0.001709
vt 0.016357 0.315430
vt 0.013184 0.302246
vt 0.019043 0.300781
vt 0.007812 0.266357
vt 0.011475 0.266357
vt 0.019043 0.250000
vt 0.881592 0.452637
vt 0.869873 0.437988
vt 0.881592 0.406250
vt 0.672119 0.507812
vt 0.672119 0.483887
vt 0.678223 0.505859
vt 0.957275 0.296631
vt 0.957275 0.324951
vt 0.949951 0.324707
vt 0.951660 0.296631
vt 0.942627 0.320312
vt 0.961914 0.705322
vt 0.960449 0.726562
vt 0.955811 0.727051
vt 0.955811 0.704102
vt 0.221436 0.933838
vt 0.228760 0.933594
vt 0.213867 0.947754
vt 0.213867 0.916016
vt 0.920898 0.954102
vt 0.920898 0.973145
vt 0.913818 0.970947
vt 0.487305 0.528076
vt 0.474609 0.544189
vt 0.474609 0.513428
vt 0.856934 0.902100
vt 0.862549 0.931152
vt 0.856934 0.933594
vt 0.929932 0.438477
vt 0.930664 0.424072
vt 0.936768 0.424561
vt 0.934814 0.406250
vt 0.929932 0.406006
vt 0.758057 0.011475
vt 0.768311 0.001221
vt 0.770508 0.006836
vt 0.788330 0.008789
vt 0.790771 0.001221
vt 0.804199 0.015869
vt 0.762451 0.014648
vt 0.800293 0.017822
vt 0.749023 0.027344
vt 0.754639 0.028076
vt 0.804199 0.050537
vt 0.753174 0.061035
vt 0.788330 0.067871
vt 0.757812 0.059570
vt 0.766113 0.071289
vt 0.776611 0.072510
vt 0.208252 0.494629
vt 0.212891 0.480469
vt 0.212891 0.496826
vt 0.860596 0.455811
vt 0.853516 0.436279
vt 0.867188 0.437012
vt 0.870605 0.453369
vt 0.866455 0.423340
vt 0.860107 0.422607
vt 0.870605 0.409668
vt 0.865479 0.406494
vt 0.829590 0.466064
vt 0.823242 0.468506
vt 0.820801 0.435547
vt 0.817871 0.467285
vt 0.815186 0.435547
vt 0.826660 0.434326
vt 0.822266 0.409180
vt 0.829590 0.415039
vt 0.963867 0.359619
vt 0.963867 0.339600
vt 0.969482 0.359375
vt 0.971436 0.345215
vt 0.876953 0.516846
vt 0.869141 0.528320
vt 0.869141 0.485107
vt 0.324951 0.842285
vt 0.295410 0.810791
vt 0.300781 0.794434
vt 0.310059 0.785889
vt 0.324951 0.784424
vt 0.616699 0.353271
vt 0.611328 0.349365
vt 0.616699 0.327881
vt 0.044189 0.876953
vt 0.020020 0.883057
vt 0.020020 0.835693
vt 0.790771 0.757812
vt 0.794434 0.753662
vt 0.807129 0.781494
vt 0.790771 0.810791
vt 0.802002 0.805176
vt 0.795898 0.816895
vt 0.809082 0.810059
vt 0.809326 0.795166
vt 0.815430 0.797363
vt 0.812500 0.780518
vt 0.857910 0.372803
vt 0.853271 0.405273
vt 0.853271 0.371338
vt 0.847656 0.405029
vt 0.847656 0.370850
vt 0.848633 0.356445
vt 0.076172 0.348633
vt 0.070312 0.320068
vt 0.078857 0.320068
vt 0.985596 0.567383
vt 0.979248 0.567871
vt 0.979248 0.552002
vt 0.217773 0.798096
vt 0.217773 0.783691
vt 0.223877 0.785889
vt 0.979248 0.812256
vt 0.973145 0.812256
vt 0.976562 0.795410
vt 0.703857 0.345459
vt 0.703857 0.330811
vt 0.709717 0.334473
vt 0.678223 0.947021
vt 0.669434 0.950928
vt 0.669434 0.938232
vt 0.674805 0.938477
vt 0.672119 0.921875
s 1
usemtl tripo_mat_ab71c6ea-44e0-4724-8653-0b83a1617e6a
f 1055/1 1079/2 1073/3
f 1055/1 1073/3 1019/4
f 1019/4 1073/3 988/5
f 988/5 1073/3 979/6
f 979/6 1073/3 1062/7
f 1062/7 1073/3 1086/8
f 979/6 1062/7 1028/9
f 1028/9 1062/7 1086/8
f 979/6 1028/9 998/10
f 998/10 1028/9 990/11
f 1028/9 1086/8 1046/12
f 1028/9 1046/12 990/11
f 990/11 1046/12 1065/13
f 1065/13 1046/12 1086/8
f 990/11 1065/13 974/14
f 974/14 1065/13 989/15
f 989/15 1065/13 1066/16
f 1065/13 1086/8 1091/17
f 1065/13 1091/17 1093/18
f 1091/17 1086/8 1092/19
f 1093/18 1091/17 1104/20
f 1091/17 1092/19 1103/21
f 1104/20 1091/17 1108/22
f 1091/17 1103/21 1107/23
f 1108/22 1091/17 1109/24
f 1091/17 1107/23 1110/25
f 1091/17 1110/25 1109/24
f 1079/26 1055/27 1038/28
f 1079/26 1038/28 1084/29
f 1084/29 1038/28 1087/30
f 1073/31 1079/32 1084/33
f 1073/31 1084/33 1087/34
f 1073/31 1087/34 1086/35
f 1055/36 1019/37 1038/38
f 1038/38 1019/37 988/39
f 1038/38 988/39 979/40
f 1038/38 979/40 1086/41
f 1038/38 1086/41 1087/42
f 979/43 998/44 972/45
f 972/45 998/44 990/46
f 972/45 990/46 946/47
f 946/47 990/46 974/48
f 946/47 974/48 989/49
f 946/47 989/49 971/50
f 971/50 989/49 994/51
f 994/51 989/49 997/52
f 994/51 997/52 1034/53
f 1034/53 997/52 1020/54
f 979/55 972/56 958/57
f 958/57 972/56 931/58
f 931/58 972/56 917/59
f 917/59 972/56 916/60
f 916/60 972/56 929/61
f 929/61 972/56 946/62
f 931/63 941/64 958/65
f 929/66 946/67 940/68
f 946/69 971/70 932/71
f 932/71 971/70 918/72
f 918/72 971/70 939/73
f 939/73 971/70 994/74
f 939/73 994/74 957/75
f 957/75 994/74 1018/76
f 1018/76 994/74 1034/77
f 957/75 1018/76 978/78
f 932/79 918/80 919/81
f 997/82 989/83 1056/84
f 997/82 1056/84 1020/85
f 1020/86 1056/87 1034/88
f 1056/89 989/90 1066/91
f 1056/89 1066/91 1093/92
f 1034/93 1056/94 1088/95
f 1088/95 1056/94 1093/96
f 1034/93 1088/95 1099/97
f 1099/97 1088/95 1093/96
f 1099/97 1093/96 1100/98
f 1034/93 1099/97 1072/99
f 1072/99 1099/97 1083/100
f 1083/100 1099/97 1090/101
f 1090/101 1099/97 1102/102
f 1093/103 1066/104 1065/105
f 1102/106 1099/107 1105/108
f 1105/108 1099/107 1106/109
f 1106/109 1099/107 1100/110
f 1094/111 1086/112 1093/113
f 1092/114 1086/115 1094/116
f 1092/114 1094/116 1103/117
f 1103/117 1094/116 1107/118
f 1107/118 1094/116 1110/119
f 1110/119 1094/116 1109/120
f 1109/120 1094/116 1108/121
f 1108/121 1094/116 1104/122
f 1104/122 1094/116 1093/123
f 740/124 739/125 721/126
f 739/127 740/128 706/129
f 739/127 706/129 675/130
f 706/131 740/132 672/133
f 706/131 672/133 675/134
f 672/133 740/132 721/135
f 672/133 721/135 565/136
f 565/136 721/135 645/137
f 565/136 645/137 586/138
f 565/136 586/138 490/139
f 490/139 586/138 457/140
f 490/139 457/140 337/141
f 739/142 675/143 605/144
f 739/145 605/146 572/147
f 572/148 605/149 675/150
f 572/148 675/150 672/151
f 572/148 672/151 565/152
f 572/148 565/152 427/153
f 427/153 565/152 490/154
f 427/153 490/154 346/155
f 346/155 490/154 337/156
f 346/155 337/156 296/157
f 739/158 572/159 721/160
f 721/160 572/159 427/161
f 645/162 721/163 427/164
f 645/165 427/166 346/167
f 645/165 346/167 296/168
f 296/169 337/170 645/171
f 645/171 337/170 586/172
f 457/173 586/174 337/175
f 880/176 867/177 889/178
f 880/176 889/178 906/179
f 867/177 880/176 775/180
f 775/180 880/176 825/181
f 775/180 825/181 653/182
f 880/183 906/184 923/185
f 880/183 923/185 825/186
f 825/186 923/185 922/187
f 825/186 922/187 712/188
f 712/188 922/187 873/189
f 712/188 873/189 790/190
f 790/190 873/189 827/191
f 653/192 825/193 712/194
f 653/195 712/196 535/197
f 535/198 712/199 482/200
f 535/201 482/202 377/203
f 377/204 482/205 269/206
f 269/207 482/208 404/209
f 404/209 482/208 618/210
f 482/211 712/212 790/213
f 482/214 790/215 618/216
f 618/216 790/215 729/217
f 618/216 729/217 404/218
f 404/218 729/217 696/219
f 404/218 696/219 355/220
f 696/219 729/217 872/221
f 388/222 262/223 355/220
f 388/222 355/220 536/224
f 536/224 355/220 696/219
f 388/222 536/224 560/225
f 536/224 696/219 713/226
f 536/224 713/226 560/225
f 388/222 560/225 290/227
f 290/227 560/225 422/228
f 560/225 713/226 684/229
f 560/225 684/229 422/228
f 422/228 684/229 554/230
f 684/229 713/226 791/231
f 684/229 791/231 809/232
f 684/229 809/232 749/233
f 749/233 809/232 783/234
f 871/235 776/236 696/219
f 871/235 696/219 872/221
f 871/235 872/221 983/237
f 871/235 983/237 936/238
f 936/238 983/237 1067/239
f 936/238 1067/239 1014/240
f 936/238 1014/240 943/241
f 1014/240 1067/239 1080/242
f 1014/240 1080/242 1068/243
f 983/237 872/221 1015/244
f 983/237 1015/244 1085/245
f 983/237 1085/245 1074/246
f 1074/246 1085/245 1089/247
f 1089/247 1085/245 1096/248
f 1096/248 1085/245 1095/249
f 1095/249 1085/245 1082/250
f 1082/250 1085/245 1015/244
f 1082/250 1015/244 1002/251
f 1002/251 1015/244 872/221
f 1002/251 872/221 888/252
f 1002/251 888/252 949/253
f 949/253 888/252 827/254
f 1002/251 949/253 1059/255
f 1059/255 949/253 1017/256
f 1059/255 1017/256 1041/257
f 1059/255 1041/257 1069/258
f 790/259 827/260 729/261
f 729/261 827/260 888/262
f 729/261 888/262 872/263
f 827/264 873/265 949/266
f 949/267 873/268 944/269
f 949/267 944/269 1017/270
f 1017/270 944/269 992/271
f 1017/270 992/271 1041/272
f 1041/273 992/274 1050/275
f 1050/275 992/274 1023/276
f 1041/277 1050/278 1069/279
f 1069/280 1050/281 1061/282
f 1096/283 1095/284 1101/285
f 1101/285 1095/284 1098/286
f 1096/283 1101/285 1089/287
f 1089/287 1101/285 1097/288
f 776/289 871/290 936/291
f 776/289 936/291 853/292
f 776/289 853/292 713/293
f 776/289 713/293 696/294
f 853/295 936/296 943/297
f 943/298 1014/299 1068/300
f 943/298 1068/300 1016/301
f 1016/301 1068/300 1060/302
f 1060/302 1068/300 1075/303
f 1068/304 1080/305 1081/306
f 1068/304 1081/306 1075/307
f 262/308 388/309 174/310
f 174/310 388/309 290/311
f 554/312 684/313 749/314
f 554/312 749/314 688/315
f 688/315 749/314 751/316
f 783/317 809/318 796/319
f 749/320 783/321 768/322
f 749/323 768/324 751/325
f 688/326 751/327 720/328
f 454/329 410/330 435/331
f 410/330 454/329 474/332
f 410/330 474/332 378/333
f 378/333 474/332 343/334
f 343/334 474/332 452/335
f 343/334 452/335 405/336
f 343/334 405/336 317/337
f 317/337 405/336 276/338
f 276/338 405/336 335/339
f 276/338 335/339 242/340
f 242/340 335/339 278/341
f 435/342 410/343 368/344
f 435/342 368/344 454/345
f 454/345 368/344 336/346
f 454/345 336/346 474/347
f 474/347 336/346 308/348
f 474/347 308/348 452/349
f 452/349 308/348 257/350
f 452/349 257/350 233/351
f 452/349 233/351 405/352
f 405/352 233/351 223/353
f 405/352 223/353 335/354
f 335/354 223/353 278/355
f 278/355 223/353 177/356
f 278/355 177/356 144/357
f 278/355 144/357 167/358
f 368/359 410/360 378/361
f 368/359 378/361 336/362
f 336/362 378/361 308/363
f 378/364 343/365 308/366
f 308/366 343/365 257/367
f 257/368 343/369 317/370
f 257/368 317/370 233/371
f 233/371 317/370 276/372
f 233/371 276/372 223/373
f 276/374 242/375 223/376
f 223/376 242/375 177/377
f 177/377 242/375 167/378
f 167/379 242/380 278/381
f 167/382 144/383 177/384
f 420/385 446/386 470/387
f 446/388 420/389 387/390
f 446/388 387/390 470/391
f 470/391 387/390 364/392
f 387/393 420/394 419/395
f 387/393 419/395 364/396
f 364/396 419/395 385/397
f 364/396 385/397 306/398
f 419/399 420/400 470/401
f 385/402 419/403 470/404
f 385/402 470/404 499/405
f 385/402 499/405 480/406
f 385/402 480/406 340/407
f 385/402 340/407 306/408
f 306/408 340/407 250/409
f 340/407 480/406 386/410
f 340/407 386/410 288/411
f 470/412 364/413 306/414
f 470/412 306/414 499/415
f 499/415 306/414 250/416
f 499/415 250/416 480/417
f 480/417 250/416 386/418
f 386/418 250/416 190/419
f 386/418 190/419 316/420
f 316/420 190/419 127/421
f 316/420 127/421 60/422
f 316/420 60/422 215/423
f 250/424 340/425 288/426
f 250/424 288/426 190/427
f 288/428 386/429 316/430
f 288/428 316/430 239/431
f 288/428 239/431 190/432
f 239/431 316/430 215/433
f 190/432 239/431 127/434
f 239/431 215/433 60/435
f 239/431 60/435 127/434
f 285/436 245/437 258/438
f 245/437 285/436 244/439
f 245/437 244/439 227/440
f 227/440 244/439 195/441
f 195/441 244/439 183/442
f 183/442 244/439 158/443
f 158/443 244/439 236/444
f 158/443 236/444 226/445
f 158/443 226/445 153/446
f 153/446 226/445 130/447
f 258/448 245/449 272/450
f 272/450 245/449 227/451
f 258/452 272/453 285/454
f 272/455 227/456 195/457
f 272/458 195/459 183/460
f 272/458 183/460 285/461
f 285/461 183/460 284/462
f 284/462 183/460 158/463
f 284/462 158/463 234/464
f 234/464 158/463 153/465
f 244/466 285/467 236/468
f 236/468 285/467 284/469
f 236/468 284/469 281/470
f 236/468 281/470 226/471
f 226/471 281/470 234/472
f 234/472 281/470 280/473
f 298/474 280/473 284/469
f 280/473 298/474 234/472
f 226/475 234/476 130/477
f 130/478 234/479 153/480
f 280/481 281/482 284/483
f 284/484 234/485 298/486
f 1135/487 1134/488 130/489
f 1135/487 130/489 112/490
f 1135/487 112/490 96/491
f 1135/487 96/491 1144/492
f 1144/492 96/491 63/493
f 1144/492 63/493 1159/494
f 1159/494 63/493 1148/495
f 1148/495 63/493 1136/496
f 1136/496 63/493 45/497
f 1136/496 45/497 1121/498
f 1121/498 45/497 16/499
f 130/500 1134/501 61/502
f 61/503 1134/504 1135/505
f 61/503 1135/505 50/506
f 50/506 1135/505 1144/507
f 61/503 50/506 112/508
f 61/503 112/508 130/509
f 112/508 50/506 32/510
f 32/510 50/506 1144/507
f 112/508 32/510 96/511
f 96/511 32/510 63/512
f 32/510 1144/507 11/513
f 32/510 11/513 63/512
f 11/513 1144/507 1159/514
f 11/513 1159/514 1148/515
f 11/513 1148/515 1136/516
f 11/513 1136/516 1121/517
f 11/513 1121/517 63/512
f 63/512 1121/517 16/518
f 63/519 16/520 45/521
f 121/522 80/523 94/524
f 94/525 80/526 69/527
f 94/528 69/529 44/530
f 94/528 44/530 24/531
f 94/528 24/531 121/532
f 121/532 24/531 1120/533
f 121/532 1120/533 169/534
f 169/534 1120/533 204/535
f 204/535 1120/533 1134/536
f 204/535 1134/536 1142/537
f 204/535 1142/537 216/538
f 216/538 1142/537 203/539
f 203/539 1142/537 1147/540
f 203/539 1147/540 23/541
f 69/542 80/543 68/544
f 68/545 80/546 121/547
f 44/548 69/549 62/550
f 62/551 69/552 68/553
f 62/551 68/553 24/554
f 24/555 44/556 62/557
f 24/558 68/559 79/560
f 24/558 79/560 1120/561
f 79/560 68/559 121/562
f 79/560 121/562 169/563
f 79/560 169/563 204/564
f 79/560 204/564 84/565
f 84/565 204/564 216/566
f 84/565 216/566 83/567
f 83/567 216/566 203/568
f 83/567 203/568 82/569
f 1120/570 79/571 84/572
f 1134/573 1120/574 84/575
f 1142/576 1134/577 84/578
f 1142/576 84/578 83/579
f 1142/580 83/581 1147/582
f 1147/583 83/584 82/585
f 203/586 23/587 82/588
f 82/588 23/587 1147/589
f 207/590 95/591 225/592
f 225/592 95/591 111/593
f 225/592 111/593 165/594
f 225/592 165/594 271/595
f 271/595 165/594 232/596
f 271/595 232/596 345/597
f 345/597 232/596 277/598
f 165/594 111/593 67/599
f 67/599 111/593 31/600
f 31/600 111/593 9/601
f 67/599 31/600 1119/602
f 1119/602 31/600 1174/603
f 1174/603 31/600 1158/604
f 1158/604 31/600 1128/605
f 1158/604 1128/605 1303/606
f 1174/603 1158/604 1375/607
f 1158/604 1303/606 1488/608
f 1158/604 1488/608 1375/607
f 1375/607 1488/608 1612/609
f 1612/609 1488/608 1823/610
f 1612/609 1823/610 1929/611
f 1823/610 1488/608 1852/612
f 1823/610 1852/612 1991/613
f 1823/610 1991/613 1971/614
f 207/615 225/616 271/617
f 207/618 271/619 181/620
f 181/621 271/622 373/623
f 111/624 95/625 9/626
f 373/627 271/628 345/629
f 373/627 345/629 300/630
f 300/631 345/632 463/633
f 31/634 9/635 1128/636
f 1488/637 1303/638 1584/639
f 1488/640 1584/641 1852/642
f 1119/643 1174/644 1279/645
f 1279/645 1174/644 1375/646
f 1119/643 1279/645 67/647
f 1279/645 1375/646 1612/648
f 1279/645 1612/648 1929/649
f 67/647 1279/645 165/650
f 165/650 1279/645 232/651
f 232/651 1279/645 277/652
f 307/653 345/654 277/652
f 307/653 277/652 1279/645
f 2442/655 2447/656 1279/645
f 1279/645 2447/656 2454/657
f 1279/645 2454/657 2441/658
f 1279/645 2441/658 2438/659
f 1279/645 2438/659 2430/660
f 1279/645 2430/660 2399/661
f 1279/645 2399/661 2382/662
f 2424/663 2344/664 2382/662
f 2382/662 2344/664 1279/645
f 1279/645 2344/664 2201/665
f 1279/645 2201/665 2082/666
f 1279/645 2082/666 1988/667
f 1279/645 1988/667 1906/668
f 1279/645 1906/668 1581/669
f 1279/645 1581/669 1250/670
f 1279/645 1250/670 1126/671
f 1279/645 1126/671 66/672
f 1279/645 66/672 143/673
f 1279/645 143/673 213/674
f 1279/645 213/674 267/675
f 1279/645 267/675 291/676
f 1279/645 291/676 333/677
f 1279/645 333/677 365/678
f 365/678 333/677 453/679
f 365/678 453/679 520/680
f 365/678 520/680 503/681
f 365/678 503/681 366/682
f 365/678 366/682 1279/645
f 366/682 503/681 389/683
f 366/682 389/683 1279/645
f 389/683 503/681 562/684
f 389/683 562/684 541/685
f 389/683 541/685 367/686
f 389/683 367/686 1279/645
f 367/686 541/685 555/687
f 1279/645 367/686 356/688
f 356/688 367/686 555/687
f 1279/645 356/688 334/689
f 334/689 356/688 555/687
f 1279/645 334/689 307/653
f 334/689 555/687 504/690
f 307/653 334/689 451/691
f 451/691 334/689 504/690
f 1823/692 1971/693 1929/694
f 1929/694 1971/693 1989/695
f 1929/694 1989/695 1279/696
f 1989/695 1971/693 2072/697
f 2072/697 1971/693 1991/698
f 2072/699 1991/700 2048/701
f 2072/702 2048/703 2168/704
f 2072/705 2168/706 2186/707
f 2072/705 2186/707 2099/708
f 2072/705 2099/708 1989/709
f 2186/710 2168/711 2307/712
f 2186/710 2307/712 2319/713
f 2186/710 2319/713 2099/714
f 2099/714 2319/713 2261/715
f 2261/715 2319/713 2351/716
f 2261/715 2351/716 2318/717
f 2261/715 2318/717 1279/718
f 1279/718 2318/717 2374/719
f 2318/717 2351/716 2421/720
f 2318/717 2421/720 2374/719
f 2421/720 2351/716 2393/721
f 2421/720 2393/721 2426/722
f 2374/719 2421/720 2403/723
f 2403/723 2421/720 2431/724
f 2403/723 2431/724 2420/725
f 2420/725 2431/724 2450/726
f 2420/725 2450/726 2436/727
f 2436/727 2450/726 2464/728
f 2442/729 1279/718 2436/727
f 2442/729 2436/727 2464/728
f 2442/729 2464/728 2471/730
f 2442/729 2471/730 2447/731
f 2447/731 2471/730 2470/732
f 2447/731 2470/732 2473/733
f 2447/731 2473/733 2454/734
f 2454/734 2473/733 2441/735
f 2441/735 2473/733 2467/736
f 1989/737 2099/738 1279/739
f 1279/739 2099/738 2261/740
f 2319/741 2307/742 2308/743
f 2319/741 2308/743 2351/744
f 2351/745 2308/746 2393/747
f 2421/748 2426/749 2416/750
f 2421/751 2416/752 2431/753
f 2374/754 2403/755 1279/756
f 1279/756 2403/755 2420/757
f 1279/756 2420/757 2436/758
f 2431/759 2416/760 2458/761
f 2431/762 2458/763 2450/764
f 2450/765 2458/766 2466/767
f 2450/765 2466/767 2464/768
f 2464/769 2466/770 2443/771
f 2464/772 2443/773 2472/774
f 2464/775 2472/776 2471/777
f 2471/777 2472/776 2475/778
f 2471/777 2475/778 2470/779
f 2470/779 2475/778 2477/780
f 2470/779 2477/780 2473/781
f 2473/781 2477/780 2467/782
f 2467/782 2477/780 2474/783
f 2467/784 2474/785 2463/786
f 2467/784 2463/786 2441/787
f 2463/788 2474/789 2455/790
f 2463/791 2455/792 2468/793
f 2463/791 2468/793 2461/794
f 2461/794 2468/793 2465/795
f 2441/796 2463/797 2438/798
f 2438/798 2463/797 2430/799
f 2430/800 2463/801 2461/802
f 2461/803 2465/804 2451/805
f 2461/803 2451/805 2425/806
f 2461/803 2425/806 2399/807
f 2399/807 2425/806 2382/808
f 2461/803 2399/807 2430/809
f 2425/810 2451/811 2417/812
f 2425/813 2417/814 2427/815
f 2425/813 2427/815 2424/816
f 2425/817 2424/818 2382/819
f 2424/820 2427/821 2389/822
f 2424/820 2389/822 2344/823
f 2389/822 2427/821 2392/824
f 2389/822 2392/824 2306/825
f 2389/822 2306/825 2296/826
f 2296/826 2306/825 2185/827
f 2185/827 2306/825 2167/828
f 2344/829 2389/830 2296/831
f 2344/832 2296/833 2201/834
f 2201/834 2296/833 2082/835
f 2185/836 2167/837 2049/838
f 2185/836 2049/838 2064/839
f 2185/836 2064/839 2082/840
f 2082/841 2296/842 2185/843
f 2064/844 2049/845 1990/846
f 2082/847 2064/848 1988/849
f 1988/849 2064/848 1906/850
f 1906/850 2064/848 1930/851
f 1930/851 2064/848 1990/852
f 1930/851 1990/852 1851/853
f 1930/854 1851/855 1583/856
f 1930/854 1583/856 1582/857
f 1930/854 1582/857 1906/858
f 1906/858 1582/857 1581/859
f 1581/860 1582/861 1250/862
f 1250/862 1582/861 1209/863
f 1209/863 1582/861 1583/864
f 1209/863 1583/864 1302/865
f 1209/866 1302/867 1127/868
f 1209/869 1127/870 10/871
f 1250/872 1209/873 1126/874
f 1126/874 1209/873 15/875
f 15/875 1209/873 10/876
f 1126/874 15/875 66/877
f 66/877 15/875 120/878
f 66/877 120/878 143/879
f 143/879 120/878 205/880
f 143/879 205/880 213/881
f 205/880 120/878 206/882
f 206/882 120/878 97/883
f 213/881 205/880 270/884
f 213/881 270/884 267/885
f 267/885 270/884 344/886
f 344/886 270/884 299/887
f 344/886 299/887 371/888
f 299/887 270/884 182/889
f 15/890 10/891 120/892
f 120/893 10/894 97/895
f 205/896 206/897 182/898
f 205/899 182/900 270/901
f 344/902 371/903 297/904
f 267/905 344/906 291/907
f 291/907 344/906 369/908
f 369/908 344/906 297/909
f 369/910 297/911 453/912
f 291/913 369/914 333/915
f 333/915 369/914 453/916
f 453/917 297/918 462/919
f 453/920 462/921 520/922
f 520/922 462/921 528/923
f 520/924 528/925 399/926
f 520/927 399/928 503/929
f 503/930 399/931 566/932
f 503/933 566/934 562/935
f 562/935 566/934 629/936
f 562/935 629/936 600/937
f 562/938 600/939 441/940
f 562/941 441/942 541/943
f 541/944 441/945 601/946
f 541/947 601/948 555/949
f 555/949 601/948 567/950
f 555/949 567/950 504/951
f 504/952 567/953 400/954
f 504/955 400/956 451/957
f 451/958 400/959 527/960
f 451/961 527/962 463/963
f 451/964 463/965 345/966
f 307/967 451/968 345/969
f 156/970 220/971 106/972
f 220/973 156/974 56/975
f 220/973 56/975 6/976
f 56/975 156/974 126/977
f 56/975 126/977 74/978
f 74/978 126/977 99/979
f 126/980 156/981 99/982
f 99/983 156/984 108/985
f 99/986 108/987 74/988
f 74/988 108/987 56/989
f 56/989 108/987 106/990
f 56/989 106/990 6/991
f 6/991 106/990 98/992
f 6/991 98/992 1131/993
f 108/994 156/995 106/996
f 248/997 106/998 220/999
f 106/998 248/997 98/1000
f 98/1000 248/997 229/1001
f 98/1000 229/1001 88/1002
f 98/1000 88/1002 1131/1003
f 1131/1003 88/1002 1154/1004
f 220/1005 6/1006 1131/1007
f 220/1005 1131/1007 248/1008
f 248/1008 1131/1007 1154/1009
f 248/1008 1154/1009 229/1010
f 1154/1011 88/1012 46/1013
f 1154/1011 46/1013 1228/1014
f 1228/1014 46/1013 1338/1015
f 1338/1015 46/1013 1116/1016
f 1116/1016 46/1013 22/1017
f 22/1017 46/1013 172/1018
f 172/1018 46/1013 88/1012
f 172/1018 88/1012 229/1019
f 229/1020 1154/1021 1228/1022
f 229/1023 1228/1024 172/1025
f 22/1026 172/1027 1116/1028
f 1116/1028 172/1027 1228/1029
f 1116/1028 1228/1029 1338/1030
f 677/1031 608/1032 662/1033
f 662/1033 608/1032 551/1034
f 551/1034 608/1032 548/1035
f 662/1033 551/1034 588/1036
f 608/1037 677/1038 646/1039
f 608/1037 646/1039 548/1040
f 548/1040 646/1039 524/1041
f 524/1041 646/1039 689/1042
f 524/1041 689/1042 564/1043
f 524/1041 564/1043 425/1044
f 425/1044 564/1043 392/1045
f 392/1045 564/1043 406/1046
f 677/1047 662/1048 725/1049
f 677/1047 725/1049 646/1050
f 646/1050 725/1049 689/1051
f 551/1052 548/1053 532/1054
f 551/1052 532/1054 588/1055
f 662/1056 588/1057 695/1058
f 695/1058 588/1057 650/1059
f 662/1056 695/1058 725/1060
f 588/1061 532/1062 573/1063
f 588/1061 573/1063 650/1064
f 650/1064 573/1063 649/1065
f 573/1066 532/1067 548/1068
f 650/1069 649/1070 695/1071
f 695/1071 649/1070 694/1072
f 694/1072 649/1070 658/1073
f 695/1071 694/1072 724/1074
f 695/1071 724/1074 725/1075
f 649/1076 573/1077 548/1078
f 649/1079 548/1080 658/1081
f 658/1081 548/1080 524/1082
f 658/1081 524/1082 626/1083
f 724/1084 694/1085 693/1086
f 693/1086 694/1085 658/1087
f 693/1086 658/1087 626/1088
f 724/1084 693/1086 725/1089
f 725/1089 693/1086 689/1090
f 693/1091 626/1092 689/1093
f 689/1093 626/1092 564/1094
f 564/1094 626/1092 522/1095
f 564/1094 522/1095 450/1096
f 564/1094 450/1096 406/1097
f 626/1098 524/1099 522/1100
f 522/1100 524/1099 425/1101
f 522/1102 425/1103 450/1104
f 450/1104 425/1103 392/1105
f 450/1104 392/1105 406/1106
f 303/1107 287/1108 200/1109
f 200/1109 287/1108 93/1110
f 200/1109 93/1110 102/1111
f 287/1108 303/1107 416/1112
f 416/1112 303/1107 479/1113
f 416/1112 479/1113 651/1114
f 651/1114 479/1113 837/1115
f 837/1115 479/1113 726/1116
f 837/1115 726/1116 930/1117
f 837/1115 930/1117 956/1118
f 837/1115 956/1118 986/1119
f 837/1115 986/1119 902/1120
f 837/1115 902/1120 788/1121
f 102/1122 93/1123 264/1124
f 102/1125 264/1126 200/1127
f 200/1127 264/1126 403/1128
f 264/1129 93/1130 287/1131
f 264/1129 287/1131 403/1132
f 403/1132 287/1131 416/1133
f 403/1132 416/1133 610/1134
f 610/1134 416/1133 651/1135
f 610/1134 651/1135 788/1136
f 788/1136 651/1135 837/1137
f 200/1138 403/1139 303/1140
f 303/1140 403/1139 610/1141
f 303/1140 610/1141 479/1142
f 479/1142 610/1141 788/1143
f 479/1142 788/1143 726/1144
f 726/1144 788/1143 902/1145
f 726/1144 902/1145 930/1146
f 930/1146 902/1145 986/1147
f 930/1146 986/1147 970/1148
f 970/1148 986/1147 987/1149
f 987/1149 986/1147 1005/1150
f 987/1149 1005/1150 1006/1151
f 987/1149 1006/1151 1007/1152
f 956/1153 930/1154 987/1155
f 956/1153 987/1155 1007/1156
f 930/1157 970/1158 987/1159
f 956/1160 1007/1161 1006/1162
f 956/1160 1006/1162 986/1163
f 986/1164 1006/1165 1005/1166
f 189/1167 197/1168 209/1169
f 209/1170 197/1171 198/1172
f 209/1170 198/1172 210/1173
f 198/1174 197/1175 164/1176
f 197/1177 189/1178 157/1179
f 197/1177 157/1179 164/1180
f 164/1180 157/1179 136/1181
f 164/1180 136/1181 163/1182
f 136/1181 157/1179 137/1183
f 137/1183 157/1179 149/1184
f 136/1181 137/1183 116/1185
f 198/1186 164/1187 210/1188
f 210/1188 164/1187 163/1189
f 189/1190 209/1191 186/1192
f 189/1190 186/1192 161/1193
f 189/1190 161/1193 162/1194
f 161/1193 186/1192 160/1195
f 162/1194 161/1193 124/1196
f 161/1193 160/1195 146/1197
f 124/1196 161/1193 123/1198
f 123/1198 161/1193 146/1197
f 209/1199 210/1200 170/1201
f 210/1202 163/1203 155/1204
f 155/1204 163/1203 133/1205
f 133/1205 163/1203 136/1206
f 210/1207 155/1208 170/1209
f 170/1209 155/1208 154/1210
f 170/1209 154/1210 185/1211
f 154/1210 155/1208 133/1212
f 154/1210 133/1212 113/1213
f 185/1211 154/1210 160/1214
f 160/1214 154/1210 146/1215
f 209/1216 170/1217 185/1218
f 209/1219 185/1220 186/1221
f 186/1221 185/1220 160/1222
f 189/1223 162/1224 157/1225
f 123/1226 146/1227 154/1228
f 123/1226 154/1228 113/1229
f 157/1230 162/1231 149/1232
f 149/1233 162/1234 124/1235
f 149/1233 124/1235 116/1236
f 149/1233 116/1236 137/1237
f 116/1238 124/1239 123/1240
f 116/1238 123/1240 113/1241
f 116/1238 113/1241 133/1242
f 116/1238 133/1242 136/1243
f 148/1244 134/1245 155/1246
f 134/1245 148/1244 135/1247
f 134/1245 135/1247 118/1248
f 134/1245 118/1248 117/1249
f 155/1246 134/1245 147/1250
f 155/1246 147/1250 219/1251
f 147/1250 134/1245 133/1252
f 147/1250 133/1252 159/1253
f 147/1250 159/1253 184/1254
f 184/1254 159/1253 218/1255
f 184/1254 218/1255 246/1256
f 246/1256 218/1255 259/1257
f 246/1256 259/1257 286/1258
f 286/1258 259/1257 311/1259
f 286/1258 311/1259 327/1260
f 327/1260 311/1259 351/1261
f 327/1260 351/1261 383/1262
f 327/1260 383/1262 414/1263
f 134/1264 117/1265 115/1266
f 134/1264 115/1266 133/1267
f 219/1268 147/1269 184/1270
f 219/1268 184/1270 260/1271
f 260/1271 184/1270 246/1272
f 260/1271 246/1272 313/1273
f 313/1273 246/1272 286/1274
f 313/1273 286/1274 363/1275
f 363/1275 286/1274 327/1276
f 363/1277 327/1278 414/1279
f 414/1280 383/1281 467/1282
f 467/1282 383/1281 444/1283
f 467/1282 444/1283 468/1284
f 383/1285 351/1286 415/1287
f 444/1288 383/1289 415/1290
f 468/1291 444/1292 415/1293
f 467/1294 468/1295 477/1296
f 468/1297 415/1298 445/1299
f 1336/1300 1115/1301 21/1302
f 1336/1300 21/1302 1230/1303
f 1230/1303 21/1302 1117/1304
f 1115/1305 1336/1306 1611/1307
f 21/1308 1115/1309 1651/1310
f 21/1308 1651/1310 1191/1311
f 21/1308 1191/1311 1117/1312
f 1651/1310 1115/1309 1903/1313
f 1903/1313 1115/1309 1189/1314
f 1903/1313 1189/1314 1958/1315
f 1115/1316 1611/1317 1189/1318
f 1651/1319 1903/1320 1336/1321
f 1651/1319 1336/1321 1230/1322
f 1903/1323 1958/1324 1336/1325
f 1336/1326 1958/1327 1611/1328
f 1958/1329 1189/1330 1374/1331
f 1958/1329 1374/1331 1970/1332
f 1970/1332 1374/1331 1947/1333
f 1374/1334 1189/1335 1611/1336
f 1374/1334 1611/1336 1788/1337
f 1374/1334 1788/1337 1657/1338
f 1657/1338 1788/1337 1849/1339
f 1849/1339 1788/1337 1947/1340
f 1947/1340 1788/1337 1970/1341
f 1970/1341 1788/1337 1611/1336
f 1970/1341 1611/1336 1958/1342
f 1374/1343 1657/1344 1947/1345
f 1947/1345 1657/1344 1789/1346
f 1947/1345 1789/1346 1914/1347
f 1914/1347 1789/1346 1850/1348
f 1849/1349 1947/1350 1914/1351
f 1849/1349 1914/1351 1850/1352
f 1849/1349 1850/1352 1657/1353
f 1657/1353 1850/1352 1789/1354
f 1191/1355 1651/1356 1230/1357
f 1230/1358 1117/1359 1190/1360
f 1190/1361 1117/1362 1191/1363
f 1190/1364 1191/1365 1230/1366
f 1064/1367 1044/1368 1054/1369
f 1044/1368 1064/1367 1053/1370
f 1053/1370 1064/1367 1063/1371
f 1063/1371 1064/1367 1057/1372
f 1057/1372 1064/1367 1058/1373
f 1054/1374 1044/1375 1039/1376
f 1039/1376 1044/1375 1027/1377
f 1054/1374 1039/1376 1058/1378
f 1054/1374 1058/1378 1064/1379
f 1058/1378 1039/1376 1030/1380
f 1030/1380 1039/1376 1010/1381
f 1030/1380 1010/1381 991/1382
f 1027/1383 1044/1384 1009/1385
f 1027/1383 1009/1385 1000/1386
f 1009/1385 1044/1384 1037/1387
f 1009/1385 1037/1387 996/1388
f 1039/1389 1027/1390 1000/1391
f 1039/1389 1000/1391 1010/1392
f 1010/1392 1000/1391 976/1393
f 1010/1392 976/1393 991/1394
f 1058/1395 1030/1396 1029/1397
f 1029/1397 1030/1396 1001/1398
f 1058/1395 1029/1397 1057/1399
f 1029/1397 1001/1398 1021/1400
f 1029/1397 1021/1400 1057/1399
f 1057/1399 1021/1400 1045/1401
f 1057/1399 1045/1401 1063/1402
f 1030/1403 991/1404 1001/1405
f 1001/1405 991/1404 982/1406
f 976/1407 1000/1408 961/1409
f 961/1409 1000/1408 981/1410
f 991/1411 976/1412 960/1413
f 991/1411 960/1413 959/1414
f 991/1411 959/1414 982/1415
f 960/1416 976/1417 961/1418
f 961/1419 981/1420 960/1421
f 960/1421 981/1420 975/1422
f 960/1421 975/1422 980/1423
f 960/1421 980/1423 959/1424
f 980/1423 975/1422 1008/1425
f 1008/1425 975/1422 996/1426
f 996/1426 975/1422 1009/1427
f 1008/1425 996/1426 1035/1428
f 1035/1428 996/1426 1036/1429
f 1036/1429 996/1426 1037/1430
f 981/1431 1000/1432 1009/1433
f 1001/1434 982/1435 1021/1436
f 1021/1436 982/1435 999/1437
f 999/1437 982/1435 959/1438
f 1021/1436 999/1437 1026/1439
f 1021/1436 1026/1439 1045/1440
f 975/1441 981/1442 1009/1443
f 999/1444 959/1445 980/1446
f 999/1444 980/1446 1026/1447
f 1026/1447 980/1446 1008/1448
f 1026/1447 1008/1448 1043/1449
f 1043/1449 1008/1448 1035/1450
f 1026/1447 1043/1449 1045/1451
f 1045/1451 1043/1449 1063/1452
f 1063/1452 1043/1449 1053/1453
f 1053/1454 1043/1455 1035/1456
f 1035/1457 1036/1458 1053/1459
f 1053/1459 1036/1458 1037/1460
f 1053/1459 1037/1460 1044/1461
f 305/1462 432/1463 680/1464
f 432/1463 305/1462 264/1465
f 305/1462 680/1464 497/1466
f 497/1466 680/1464 870/1467
f 497/1466 870/1467 743/1468
f 264/1469 305/1470 176/1471
f 176/1471 305/1470 230/1472
f 230/1472 305/1470 497/1473
f 230/1472 497/1473 352/1474
f 352/1474 497/1473 743/1475
f 352/1474 743/1475 609/1476
f 609/1476 743/1475 920/1477
f 609/1476 920/1477 851/1478
f 264/1479 176/1480 432/1481
f 432/1481 176/1480 230/1482
f 432/1481 230/1482 352/1483
f 432/1481 352/1483 680/1484
f 680/1485 352/1486 609/1487
f 680/1485 609/1487 870/1488
f 870/1488 609/1487 851/1489
f 870/1488 851/1489 973/1490
f 973/1490 851/1489 995/1491
f 973/1490 995/1491 1070/1492
f 1070/1492 995/1491 1078/1493
f 1078/1493 995/1491 1052/1494
f 1078/1493 1052/1494 1071/1495
f 1078/1493 1071/1495 1077/1496
f 1077/1496 1071/1495 1076/1497
f 743/1498 870/1499 973/1500
f 743/1498 973/1500 920/1501
f 920/1501 973/1500 1070/1502
f 1078/1503 1077/1504 1070/1502
f 1070/1502 1077/1504 1042/1505
f 1070/1502 1042/1505 920/1501
f 1042/1505 1077/1504 1076/1506
f 920/1501 1042/1505 995/1507
f 920/1501 995/1507 851/1508
f 995/1507 1042/1505 1071/1509
f 995/1507 1071/1509 1052/1510
f 1071/1511 1042/1512 1076/1513
f 212/1514 128/1515 43/1516
f 43/1516 128/1515 59/1517
f 43/1518 59/1519 212/1520
f 212/1520 59/1519 90/1521
f 212/1520 90/1521 302/1522
f 302/1522 90/1521 196/1523
f 302/1522 196/1523 478/1524
f 59/1525 128/1526 208/1527
f 208/1527 128/1526 212/1528
f 208/1527 212/1528 302/1529
f 208/1527 302/1529 478/1530
f 208/1527 478/1530 312/1531
f 208/1527 312/1531 90/1532
f 90/1532 312/1531 196/1533
f 90/1534 59/1535 208/1536
f 478/1537 196/1538 328/1539
f 478/1537 328/1539 678/1540
f 678/1540 328/1539 534/1541
f 678/1540 534/1541 787/1542
f 787/1542 534/1541 799/1543
f 799/1543 534/1541 679/1544
f 196/1545 312/1546 513/1547
f 196/1545 513/1547 328/1548
f 312/1549 478/1550 678/1551
f 312/1549 678/1551 513/1552
f 513/1552 678/1551 787/1553
f 513/1552 787/1553 664/1554
f 664/1554 787/1553 799/1555
f 664/1554 799/1555 756/1556
f 513/1552 664/1554 534/1557
f 534/1557 664/1554 679/1558
f 513/1552 534/1557 328/1559
f 664/1560 756/1561 679/1562
f 679/1562 756/1561 757/1563
f 757/1563 756/1561 789/1564
f 756/1565 799/1566 789/1567
f 789/1568 799/1569 679/1570
f 789/1568 679/1570 727/1571
f 789/1568 727/1571 757/1572
f 757/1573 727/1574 679/1575
f 952/1576 926/1577 927/1578
f 926/1577 952/1576 951/1579
f 952/1576 927/1578 893/1580
f 927/1581 926/1582 882/1583
f 927/1581 882/1583 876/1584
f 876/1584 882/1583 832/1585
f 832/1585 882/1583 859/1586
f 876/1584 832/1585 810/1587
f 810/1587 832/1585 782/1588
f 882/1589 926/1590 925/1591
f 925/1591 926/1590 951/1592
f 882/1589 925/1591 859/1593
f 925/1591 951/1592 950/1594
f 950/1594 951/1592 966/1595
f 859/1593 925/1591 861/1596
f 861/1596 925/1591 950/1594
f 859/1593 861/1596 805/1597
f 950/1594 966/1595 924/1598
f 950/1594 924/1598 861/1596
f 924/1598 966/1595 963/1599
f 924/1598 963/1599 937/1600
f 924/1598 937/1600 891/1601
f 924/1598 891/1601 861/1596
f 861/1596 891/1601 846/1602
f 927/1603 876/1604 893/1605
f 893/1605 876/1604 836/1606
f 836/1606 876/1604 810/1607
f 836/1606 810/1607 750/1608
f 836/1606 750/1608 785/1609
f 832/1610 859/1611 782/1612
f 782/1612 859/1611 805/1613
f 750/1614 810/1615 782/1616
f 750/1614 782/1616 738/1617
f 738/1617 782/1616 764/1618
f 738/1617 764/1618 767/1619
f 782/1620 805/1621 764/1622
f 764/1623 805/1624 861/1625
f 764/1623 861/1625 781/1626
f 750/1627 738/1628 785/1629
f 785/1629 738/1628 767/1630
f 836/1631 785/1632 835/1633
f 836/1631 835/1633 893/1634
f 893/1634 835/1633 928/1635
f 893/1634 928/1635 952/1636
f 952/1636 928/1635 967/1637
f 928/1635 835/1633 900/1638
f 928/1635 900/1638 964/1639
f 785/1640 767/1641 835/1642
f 835/1642 767/1641 822/1643
f 835/1642 822/1643 885/1644
f 835/1642 885/1644 900/1645
f 900/1645 885/1644 938/1646
f 767/1647 764/1648 781/1649
f 767/1647 781/1649 822/1650
f 822/1651 781/1652 846/1653
f 846/1653 781/1652 861/1654
f 822/1651 846/1653 885/1655
f 885/1655 846/1653 891/1656
f 885/1655 891/1656 937/1657
f 885/1655 937/1657 938/1658
f 952/1659 967/1660 951/1661
f 951/1661 967/1660 966/1662
f 966/1662 967/1660 964/1663
f 966/1662 964/1663 963/1664
f 963/1664 964/1663 938/1665
f 963/1664 938/1665 937/1666
f 928/1667 964/1668 967/1669
f 900/1670 938/1671 964/1672
f 807/1673 817/1674 765/1675
f 765/1675 817/1674 762/1676
f 765/1675 762/1676 735/1677
f 817/1678 807/1679 858/1680
f 858/1680 807/1679 833/1681
f 817/1678 858/1680 816/1682
f 807/1683 765/1684 808/1685
f 807/1683 808/1685 833/1686
f 808/1685 765/1684 748/1687
f 808/1685 748/1687 766/1688
f 858/1689 833/1690 857/1691
f 857/1691 833/1690 831/1692
f 831/1692 833/1690 808/1693
f 831/1692 808/1693 780/1694
f 780/1694 808/1693 766/1695
f 858/1696 857/1697 856/1698
f 856/1698 857/1697 831/1699
f 856/1698 831/1699 828/1700
f 858/1701 856/1702 843/1703
f 843/1703 856/1702 804/1704
f 858/1701 843/1703 816/1705
f 816/1705 843/1703 804/1704
f 804/1706 856/1707 828/1708
f 804/1706 828/1708 761/1709
f 804/1706 761/1709 745/1710
f 828/1711 831/1712 761/1713
f 817/1714 816/1715 762/1716
f 762/1716 816/1715 778/1717
f 762/1716 778/1717 735/1718
f 735/1718 778/1717 746/1719
f 816/1720 804/1721 778/1722
f 778/1722 804/1721 746/1723
f 746/1723 804/1721 745/1724
f 746/1723 745/1724 719/1725
f 746/1723 719/1725 735/1726
f 719/1725 745/1724 761/1727
f 719/1725 761/1727 747/1728
f 765/1729 735/1730 748/1731
f 748/1731 735/1730 719/1732
f 748/1731 719/1732 766/1733
f 766/1733 719/1732 747/1734
f 747/1735 761/1736 780/1737
f 780/1737 761/1736 831/1738
f 747/1739 780/1740 766/1741
f 1051/1742 1025/1743 1033/1744
f 1033/1744 1025/1743 1004/1745
f 1025/1746 1051/1747 1032/1748
f 1025/1749 1032/1750 977/1751
f 1025/1749 977/1751 1004/1752
f 977/1753 1032/1754 962/1755
f 962/1755 1032/1754 1022/1756
f 1022/1756 1032/1754 1051/1757
f 1033/1758 1004/1759 985/1760
f 1033/1758 985/1760 984/1761
f 984/1761 985/1760 969/1762
f 984/1761 969/1762 955/1763
f 1004/1764 977/1765 954/1766
f 1004/1764 954/1766 969/1767
f 1004/1764 969/1767 985/1768
f 954/1769 977/1770 962/1771
f 954/1769 962/1771 945/1772
f 945/1772 962/1771 953/1773
f 953/1773 962/1771 965/1774
f 965/1774 962/1771 1022/1775
f 1033/1776 984/1777 1003/1778
f 1033/1776 1003/1778 1051/1779
f 1051/1779 1003/1778 1024/1780
f 955/1781 969/1782 954/1783
f 955/1784 954/1785 945/1786
f 984/1787 955/1788 968/1789
f 984/1787 968/1789 1003/1790
f 955/1791 945/1792 953/1793
f 955/1791 953/1793 968/1794
f 968/1795 953/1796 993/1797
f 993/1797 953/1796 965/1798
f 968/1795 993/1797 1003/1799
f 993/1797 965/1798 1022/1800
f 1003/1799 993/1797 1024/1801
f 1024/1801 993/1797 1022/1800
f 1024/1802 1022/1803 1051/1804
f 736/1805 752/1806 850/1807
f 736/1805 850/1807 830/1808
f 850/1807 752/1806 798/1809
f 798/1809 752/1806 723/1810
f 723/1810 752/1806 633/1811
f 723/1810 633/1811 635/1812
f 830/1813 850/1814 864/1815
f 830/1813 864/1815 829/1816
f 829/1816 864/1815 794/1817
f 794/1817 864/1815 823/1818
f 794/1817 823/1818 819/1819
f 819/1819 823/1818 849/1820
f 819/1819 849/1820 763/1821
f 763/1821 849/1820 784/1822
f 849/1820 823/1818 797/1823
f 797/1823 823/1818 770/1824
f 736/1825 830/1826 703/1827
f 736/1825 703/1827 628/1828
f 736/1825 628/1828 752/1829
f 752/1829 628/1828 633/1830
f 628/1828 703/1827 624/1831
f 628/1828 624/1831 488/1832
f 628/1828 488/1832 370/1833
f 624/1831 703/1827 623/1834
f 624/1831 623/1834 488/1832
f 623/1834 703/1827 686/1835
f 488/1832 623/1834 542/1836
f 864/1837 850/1838 798/1839
f 864/1837 798/1839 811/1840
f 864/1837 811/1840 823/1841
f 823/1841 811/1840 770/1842
f 798/1843 723/1844 811/1845
f 811/1845 723/1844 635/1846
f 811/1845 635/1846 413/1847
f 811/1845 413/1847 770/1848
f 770/1848 413/1847 361/1849
f 361/1849 413/1847 349/1850
f 770/1848 361/1849 381/1851
f 770/1848 381/1851 495/1852
f 770/1848 495/1852 797/1853
f 797/1853 495/1852 575/1854
f 797/1853 575/1854 742/1855
f 742/1855 575/1854 676/1856
f 635/1857 633/1858 413/1859
f 413/1859 633/1858 349/1860
f 349/1860 633/1858 628/1861
f 349/1860 628/1861 370/1862
f 361/1863 349/1864 320/1865
f 320/1865 349/1864 370/1866
f 320/1865 370/1866 338/1867
f 320/1865 338/1867 359/1868
f 361/1863 320/1865 339/1869
f 339/1869 320/1865 359/1868
f 361/1863 339/1869 381/1870
f 339/1869 359/1868 458/1871
f 381/1872 339/1873 443/1874
f 443/1874 339/1873 458/1875
f 381/1872 443/1874 495/1876
f 495/1876 443/1874 575/1877
f 575/1877 443/1874 530/1878
f 575/1877 530/1878 674/1879
f 575/1877 674/1879 676/1880
f 674/1879 530/1878 671/1881
f 671/1881 530/1878 546/1882
f 458/1883 359/1884 487/1885
f 458/1883 487/1885 546/1886
f 487/1885 359/1884 338/1887
f 487/1885 338/1887 455/1888
f 455/1888 338/1887 370/1889
f 455/1888 370/1889 488/1890
f 487/1885 455/1888 505/1891
f 505/1891 455/1888 488/1890
f 487/1885 505/1891 521/1892
f 505/1891 488/1890 542/1893
f 443/1894 458/1895 530/1896
f 530/1896 458/1895 546/1897
f 546/1898 487/1899 643/1900
f 643/1900 487/1899 521/1901
f 643/1900 521/1901 622/1902
f 671/1903 546/1904 643/1905
f 742/1906 676/1907 674/1908
f 742/1906 674/1908 784/1909
f 742/1906 784/1909 849/1910
f 742/1906 849/1910 797/1911
f 674/1912 671/1913 784/1914
f 784/1914 671/1913 763/1915
f 763/1915 671/1913 643/1916
f 819/1917 763/1918 643/1919
f 819/1917 643/1919 715/1920
f 715/1920 643/1919 622/1921
f 819/1917 715/1920 794/1922
f 715/1920 622/1921 692/1923
f 715/1920 692/1923 686/1924
f 794/1922 715/1920 829/1925
f 715/1920 686/1924 703/1926
f 715/1920 703/1926 829/1925
f 829/1925 703/1926 830/1927
f 686/1928 692/1929 685/1930
f 685/1930 692/1929 698/1931
f 685/1930 698/1931 681/1932
f 681/1932 698/1931 691/1933
f 681/1932 691/1933 665/1934
f 691/1933 698/1931 683/1935
f 691/1933 683/1935 666/1936
f 686/1937 685/1938 623/1939
f 623/1939 685/1938 621/1940
f 621/1940 685/1938 681/1941
f 621/1940 681/1941 617/1942
f 623/1943 621/1944 542/1945
f 542/1945 621/1944 539/1946
f 542/1945 539/1946 505/1947
f 505/1947 539/1946 484/1948
f 484/1948 539/1946 501/1949
f 501/1949 539/1946 553/1950
f 553/1950 539/1946 621/1944
f 553/1950 621/1944 617/1951
f 553/1950 617/1951 614/1952
f 505/1953 484/1954 521/1955
f 521/1955 484/1954 502/1956
f 502/1956 484/1954 515/1957
f 515/1957 484/1954 501/1958
f 501/1959 553/1960 579/1961
f 579/1961 553/1960 614/1962
f 579/1961 614/1962 578/1963
f 578/1963 614/1962 613/1964
f 578/1963 613/1964 612/1965
f 578/1963 612/1965 577/1966
f 614/1967 617/1968 654/1969
f 614/1967 654/1969 613/1970
f 613/1970 654/1969 640/1971
f 640/1971 654/1969 665/1972
f 665/1972 654/1969 681/1973
f 654/1974 617/1975 681/1976
f 501/1977 579/1978 552/1979
f 552/1980 579/1981 577/1982
f 552/1983 577/1984 576/1985
f 576/1985 577/1984 612/1986
f 576/1985 612/1986 591/1987
f 591/1987 612/1986 637/1988
f 576/1985 591/1987 559/1989
f 576/1985 559/1989 552/1983
f 552/1983 559/1989 515/1990
f 552/1983 515/1990 501/1991
f 515/1992 559/1993 593/1994
f 515/1992 593/1994 502/1995
f 502/1995 593/1994 581/1996
f 581/1996 593/1994 666/1997
f 581/1996 666/1997 683/1998
f 593/1994 559/1993 592/1999
f 593/1994 592/1999 666/1997
f 592/1999 559/1993 591/2000
f 666/1997 592/1999 638/2001
f 592/1999 591/2000 637/2002
f 592/1999 637/2002 638/2001
f 521/2003 502/2004 581/2005
f 521/2003 581/2005 622/2006
f 622/2006 581/2005 683/2007
f 622/2008 683/2009 692/2010
f 692/2010 683/2009 698/2011
f 691/2012 666/2013 638/2014
f 691/2012 638/2014 665/2015
f 665/2015 638/2014 639/2016
f 665/2015 639/2016 640/2017
f 640/2017 639/2016 612/2018
f 640/2017 612/2018 613/2019
f 639/2020 638/2021 637/2022
f 639/2023 637/2024 612/2025
f 48/2026 119/2027 20/2028
f 48/2026 20/2028 1141/2029
f 48/2026 1141/2029 1415/2030
f 1415/2030 1141/2029 1337/2031
f 1337/2031 1141/2029 20/2028
f 1337/2031 20/2028 1229/2032
f 1229/2032 20/2028 89/2033
f 1229/2032 89/2033 1132/2034
f 119/2035 48/2036 1229/2037
f 1229/2037 48/2036 1337/2038
f 1337/2038 48/2036 1415/2039
f 199/2040 20/2041 119/2042
f 20/2041 199/2040 89/2043
f 89/2043 199/2040 251/2044
f 89/2043 251/2044 132/2045
f 89/2043 132/2045 1132/2046
f 1132/2046 132/2045 19/2047
f 132/2045 251/2044 261/2048
f 132/2045 261/2048 171/2049
f 1132/2050 119/2051 1229/2052
f 119/2051 1132/2050 199/2053
f 199/2053 1132/2050 19/2054
f 199/2053 19/2054 251/2055
f 251/2055 19/2054 73/2056
f 251/2055 73/2056 261/2057
f 19/2058 132/2059 171/2060
f 19/2061 171/2062 73/2063
f 73/2064 171/2065 191/2066
f 73/2064 191/2066 109/2067
f 109/2067 191/2066 142/2068
f 166/2069 151/2070 142/2068
f 166/2069 142/2068 175/2071
f 175/2071 142/2068 191/2066
f 175/2071 191/2066 224/2072
f 224/2072 191/2066 256/2073
f 175/2071 224/2072 193/2074
f 193/2074 224/2072 214/2075
f 175/2071 193/2074 179/2076
f 261/2077 73/2078 109/2079
f 261/2077 109/2079 256/2080
f 256/2080 109/2079 142/2081
f 256/2080 142/2081 224/2082
f 224/2082 142/2081 151/2083
f 224/2082 151/2083 166/2084
f 224/2082 166/2084 179/2085
f 224/2082 179/2085 214/2086
f 171/2087 261/2088 256/2089
f 171/2090 256/2091 191/2092
f 166/2093 175/2094 179/2095
f 179/2096 193/2097 214/2098
f 549/2099 574/2100 632/2101
f 574/2102 549/2103 401/2104
f 574/2105 401/2106 402/2107
f 574/2108 402/2109 607/2110
f 607/2110 402/2109 301/2111
f 607/2110 301/2111 321/2112
f 607/2110 321/2112 465/2113
f 574/2114 607/2115 632/2116
f 632/2116 607/2115 631/2117
f 402/2118 401/2119 325/2120
f 402/2118 325/2120 301/2121
f 301/2121 325/2120 293/2122
f 401/2123 549/2124 398/2125
f 401/2123 398/2125 325/2126
f 325/2126 398/2125 348/2127
f 398/2125 549/2124 510/2128
f 398/2125 510/2128 439/2129
f 439/2129 510/2128 492/2130
f 510/2131 549/2132 632/2133
f 510/2131 632/2133 571/2134
f 510/2131 571/2134 492/2135
f 492/2135 571/2134 509/2136
f 571/2134 632/2133 570/2137
f 571/2134 570/2137 509/2136
f 570/2137 632/2133 631/2138
f 509/2136 570/2137 526/2139
f 526/2139 570/2137 631/2138
f 509/2136 526/2139 459/2140
f 526/2139 631/2138 557/2141
f 293/2142 325/2143 348/2144
f 293/2142 348/2144 319/2145
f 319/2145 348/2144 396/2146
f 293/2142 319/2145 283/2147
f 319/2145 396/2146 395/2148
f 283/2147 319/2145 309/2149
f 309/2149 319/2145 395/2148
f 283/2147 309/2149 310/2150
f 309/2149 395/2148 347/2151
f 309/2149 347/2151 310/2150
f 398/2152 439/2153 348/2154
f 631/2155 607/2156 557/2157
f 557/2157 607/2156 465/2158
f 557/2157 465/2158 464/2159
f 526/2160 557/2161 461/2162
f 526/2160 461/2162 459/2163
f 459/2163 461/2162 395/2164
f 461/2162 557/2161 464/2165
f 395/2164 461/2162 347/2166
f 347/2166 461/2162 464/2165
f 347/2166 464/2165 360/2167
f 347/2166 360/2167 310/2168
f 464/2169 465/2170 360/2171
f 360/2171 465/2170 321/2172
f 360/2171 321/2172 310/2173
f 310/2174 321/2175 283/2176
f 283/2176 321/2175 301/2177
f 283/2176 301/2177 293/2178
f 396/2179 348/2180 439/2181
f 396/2182 439/2183 411/2184
f 411/2184 439/2183 437/2185
f 411/2184 437/2185 424/2186
f 437/2185 439/2183 489/2187
f 437/2185 489/2187 449/2188
f 449/2188 489/2187 519/2189
f 395/2190 396/2191 394/2192
f 394/2192 396/2191 411/2193
f 394/2192 411/2193 391/2194
f 391/2194 411/2193 424/2195
f 395/2190 394/2192 412/2196
f 412/2196 394/2192 391/2194
f 395/2190 412/2196 438/2197
f 412/2196 391/2194 409/2198
f 412/2196 409/2198 438/2197
f 424/2199 437/2200 449/2201
f 489/2202 439/2203 492/2204
f 489/2202 492/2204 544/2205
f 544/2205 492/2204 585/2206
f 489/2202 544/2205 519/2207
f 544/2205 585/2206 598/2208
f 519/2207 544/2205 563/2209
f 563/2209 544/2205 598/2208
f 519/2207 563/2209 540/2210
f 540/2210 563/2209 561/2211
f 561/2211 563/2209 598/2208
f 561/2211 598/2208 595/2212
f 424/2213 449/2214 433/2215
f 433/2215 449/2214 483/2216
f 483/2216 449/2214 540/2217
f 540/2217 449/2214 519/2218
f 424/2219 433/2220 391/2221
f 391/2221 433/2220 423/2222
f 391/2221 423/2222 409/2223
f 409/2223 423/2222 434/2224
f 483/2225 540/2226 517/2227
f 517/2227 540/2226 561/2228
f 483/2225 517/2227 433/2229
f 433/2229 517/2227 423/2230
f 517/2227 561/2228 595/2231
f 517/2227 595/2231 597/2232
f 517/2227 597/2232 583/2233
f 517/2227 583/2233 543/2234
f 517/2227 543/2234 473/2235
f 517/2227 473/2235 434/2236
f 598/2237 585/2238 625/2239
f 598/2237 625/2239 595/2240
f 595/2240 625/2239 597/2241
f 597/2241 625/2239 583/2242
f 583/2242 625/2239 584/2243
f 585/2244 492/2245 587/2246
f 587/2246 492/2245 509/2247
f 587/2246 509/2247 459/2248
f 587/2246 459/2248 556/2249
f 585/2250 587/2251 625/2252
f 625/2252 587/2251 556/2253
f 625/2252 556/2253 584/2254
f 584/2254 556/2253 523/2255
f 523/2255 556/2253 507/2256
f 507/2256 556/2253 459/2257
f 507/2258 459/2259 395/2260
f 507/2258 395/2260 438/2261
f 507/2258 438/2261 456/2262
f 507/2258 456/2262 523/2263
f 456/2262 438/2261 409/2264
f 584/2265 523/2266 543/2267
f 543/2267 523/2266 456/2268
f 543/2267 456/2268 473/2269
f 473/2269 456/2268 434/2270
f 434/2270 456/2268 409/2271
f 584/2272 543/2273 583/2274
f 434/2275 423/2276 517/2277
f 909/2278 913/2279 914/2280
f 913/2279 909/2278 908/2281
f 909/2282 914/2283 898/2284
f 909/2282 898/2284 884/2285
f 884/2285 898/2284 875/2286
f 898/2287 914/2288 896/2289
f 898/2287 896/2289 875/2290
f 875/2290 896/2289 845/2291
f 896/2289 914/2288 913/2292
f 896/2289 913/2292 890/2293
f 890/2293 913/2292 897/2294
f 884/2295 875/2296 848/2297
f 884/2295 848/2297 863/2298
f 863/2298 848/2297 834/2299
f 848/2300 875/2301 845/2302
f 848/2300 845/2302 821/2303
f 909/2304 884/2305 863/2306
f 909/2304 863/2306 908/2307
f 908/2307 863/2306 877/2308
f 877/2308 863/2306 834/2309
f 877/2308 834/2309 862/2310
f 896/2311 890/2312 845/2313
f 834/2314 848/2315 821/2316
f 834/2314 821/2316 820/2317
f 892/2318 913/2319 908/2320
f 913/2319 892/2318 897/2321
f 892/2318 908/2320 877/2322
f 892/2318 877/2322 862/2323
f 897/2324 892/2325 869/2326
f 869/2326 892/2325 862/2327
f 897/2324 869/2326 874/2328
f 869/2326 862/2327 847/2329
f 874/2328 869/2326 860/2330
f 860/2330 869/2326 847/2329
f 860/2330 847/2329 820/2331
f 820/2331 847/2329 834/2332
f 890/2333 897/2334 874/2335
f 890/2333 874/2335 860/2336
f 890/2337 860/2338 844/2339
f 844/2339 860/2338 820/2340
f 890/2337 844/2339 845/2341
f 845/2341 844/2339 820/2340
f 845/2341 820/2340 821/2342
f 847/2343 862/2344 834/2345
f 840/2346 868/2347 838/2348
f 838/2349 868/2350 854/2351
f 838/2349 854/2351 801/2352
f 801/2352 854/2351 839/2353
f 801/2352 839/2353 793/2354
f 838/2349 801/2352 815/2355
f 815/2355 801/2352 777/2356
f 777/2356 801/2352 732/2357
f 732/2357 801/2352 731/2358
f 840/2359 838/2360 815/2361
f 840/2359 815/2361 802/2362
f 868/2363 840/2364 806/2365
f 806/2366 840/2367 802/2368
f 854/2369 868/2370 855/2371
f 854/2369 855/2371 839/2372
f 839/2372 855/2371 842/2373
f 855/2374 868/2375 806/2376
f 855/2374 806/2376 842/2377
f 842/2377 806/2376 795/2378
f 842/2377 795/2378 803/2379
f 777/2380 802/2381 815/2382
f 802/2381 777/2380 759/2383
f 759/2383 777/2380 699/2384
f 779/2385 806/2386 802/2387
f 802/2388 759/2389 779/2390
f 779/2390 759/2389 718/2391
f 718/2391 759/2389 699/2392
f 806/2393 779/2394 734/2395
f 734/2395 779/2394 718/2396
f 806/2393 734/2395 795/2397
f 699/2398 777/2399 732/2400
f 699/2398 732/2400 701/2401
f 701/2401 732/2400 731/2402
f 701/2401 731/2402 733/2403
f 733/2403 731/2402 744/2404
f 718/2405 699/2406 701/2407
f 718/2405 701/2407 733/2408
f 718/2405 733/2408 734/2409
f 734/2409 733/2408 760/2410
f 734/2411 760/2412 795/2413
f 795/2413 760/2412 803/2414
f 744/2415 731/2416 801/2417
f 744/2415 801/2417 793/2418
f 744/2415 793/2418 760/2419
f 744/2415 760/2419 733/2420
f 760/2419 793/2418 803/2421
f 803/2421 793/2418 839/2422
f 803/2421 839/2422 842/2423
f 3/2424 35/2425 1146/2426
f 1146/2426 35/2425 1111/2427
f 3/2424 1146/2426 1171/2428
f 1146/2426 1111/2427 1223/2429
f 1223/2429 1111/2427 1180/2430
f 1146/2426 1223/2429 1248/2431
f 1171/2428 1146/2426 1227/2432
f 1171/2428 1227/2432 1207/2433
f 1207/2433 1227/2432 1249/2434
f 1249/2434 1227/2432 1278/2435
f 1111/2436 35/2437 70/2438
f 1111/2436 70/2438 12/2439
f 1111/2436 12/2439 1180/2440
f 12/2439 70/2438 86/2441
f 1180/2440 12/2439 1152/2442
f 12/2439 86/2441 25/2443
f 12/2439 25/2443 1152/2442
f 1152/2442 25/2443 1137/2444
f 25/2443 86/2441 87/2445
f 25/2443 87/2445 26/2446
f 1278/2447 1227/2448 1248/2449
f 1248/2449 1227/2448 1146/2450
f 1137/2451 25/2452 26/2453
f 1137/2454 26/2455 1130/2456
f 26/2457 87/2458 71/2459
f 26/2457 71/2459 17/2460
f 26/2457 17/2460 1130/2461
f 1130/2461 17/2460 1123/2462
f 17/2460 71/2459 36/2463
f 1123/2462 17/2460 1113/2464
f 1113/2464 17/2460 13/2465
f 13/2465 17/2460 36/2463
f 1113/2464 13/2465 7/2466
f 7/2466 13/2465 36/2463
f 7/2466 36/2463 18/2467
f 1113/2468 7/2469 5/2470
f 1654/2471 1648/2472 1748/2473
f 1654/2471 1748/2473 1157/2474
f 1748/2473 1648/2472 2259/2475
f 1748/2473 2259/2475 2263/2476
f 1654/2477 1157/2478 1659/2479
f 1659/2480 1157/2481 1748/2482
f 1659/2480 1748/2482 2262/2483
f 2262/2483 1748/2482 2263/2484
f 1659/2480 2262/2483 1658/2485
f 1654/2486 1659/2487 1658/2488
f 1654/2486 1658/2488 1648/2489
f 1648/2489 1658/2488 1647/2490
f 1658/2491 2262/2492 1647/2493
f 1647/2493 2262/2492 2258/2494
f 2262/2495 2263/2496 2258/2497
f 2258/2497 2263/2496 2259/2498
f 1648/2499 1647/2500 1741/2501
f 1648/2499 1741/2501 1742/2502
f 2259/2503 1648/2504 1742/2505
f 2259/2503 1742/2505 2211/2506
f 2258/2507 2259/2508 2211/2509
f 2258/2507 2211/2509 2210/2510
f 2210/2511 1647/2512 2258/2513
f 1647/2512 2210/2511 1741/2514
f 2210/2515 2211/2516 2224/2517
f 2210/2515 2224/2517 2223/2518
f 2223/2518 2224/2517 2215/2519
f 2215/2519 2224/2517 2216/2520
f 2215/2519 2216/2520 2203/2521
f 2215/2519 2203/2521 2202/2522
f 2223/2518 2215/2519 2217/2523
f 2223/2518 2217/2523 2225/2524
f 2225/2524 2217/2523 2218/2525
f 2225/2524 2218/2525 2226/2526
f 2213/2527 2214/2528 2218/2525
f 2218/2525 2214/2528 2219/2529
f 2218/2525 2219/2529 2226/2526
f 2226/2526 2219/2529 2227/2530
f 2226/2526 2227/2530 2200/2531
f 2226/2526 2200/2531 2231/2532
f 1741/2533 2210/2534 2223/2535
f 1741/2533 2223/2535 1733/2536
f 1733/2537 1742/2538 1741/2539
f 1742/2538 1733/2537 1734/2540
f 1734/2540 1733/2537 1727/2541
f 1727/2541 1733/2537 1726/2542
f 1727/2541 1726/2542 1719/2543
f 1719/2543 1726/2542 1718/2544
f 1726/2542 1733/2537 1735/2545
f 1726/2542 1735/2545 1728/2546
f 1728/2546 1735/2545 1736/2547
f 1728/2546 1736/2547 1729/2548
f 1743/2549 1744/2550 1736/2547
f 1736/2547 1744/2550 1737/2551
f 1736/2547 1737/2551 1729/2548
f 1729/2548 1737/2551 1730/2552
f 1729/2548 1730/2552 1721/2553
f 1729/2548 1721/2553 1720/2554
f 1734/2555 2211/2556 1742/2557
f 2211/2556 1734/2555 2224/2558
f 2224/2558 1734/2555 1727/2559
f 2224/2558 1727/2559 2216/2560
f 2216/2560 1727/2559 1719/2561
f 2216/2560 1719/2561 2203/2562
f 2225/2563 1733/2564 2223/2565
f 1733/2564 2225/2563 1735/2566
f 1735/2566 2225/2563 2226/2567
f 1735/2566 2226/2567 1736/2568
f 2203/2569 1719/2570 2202/2571
f 2202/2571 1719/2570 1718/2572
f 1718/2573 1726/2574 2202/2575
f 2202/2575 1726/2574 2215/2576
f 2215/2577 1726/2578 1728/2579
f 2215/2577 1728/2579 2217/2580
f 2217/2580 1728/2579 1729/2581
f 2217/2580 1729/2581 2218/2582
f 1736/2583 2226/2584 1743/2585
f 1743/2585 2226/2584 2231/2586
f 1743/2587 2231/2588 2275/2589
f 1743/2587 2275/2589 1649/2590
f 1743/2591 1649/2592 1744/2593
f 1744/2593 1649/2592 1650/2594
f 2275/2595 2231/2596 2260/2597
f 2260/2597 2231/2596 2200/2598
f 2200/2599 2227/2600 1744/2601
f 1744/2601 2227/2600 1737/2602
f 1737/2602 2227/2600 2219/2603
f 1737/2602 2219/2603 1730/2604
f 1730/2604 2219/2603 2214/2605
f 1730/2604 2214/2605 1721/2606
f 1721/2606 2214/2605 2191/2607
f 2200/2608 1744/2609 1650/2610
f 2200/2608 1650/2610 2260/2611
f 2213/2612 2218/2613 1729/2614
f 2213/2612 1729/2614 1720/2615
f 2213/2612 1720/2615 2190/2616
f 2213/2617 2190/2618 2214/2619
f 2214/2619 2190/2618 2191/2620
f 2191/2620 2190/2618 1721/2621
f 1721/2621 2190/2618 1720/2622
f 1655/2623 1650/2624 1649/2625
f 1650/2624 1655/2623 1656/2626
f 1656/2626 1655/2623 1661/2627
f 1661/2627 1655/2623 1660/2628
f 1661/2627 1660/2628 1662/2629
f 1656/2630 2260/2631 1650/2632
f 2260/2631 1656/2630 2277/2633
f 2277/2633 1656/2630 2184/2634
f 2277/2633 2184/2634 2279/2635
f 2184/2634 1656/2630 1873/2636
f 2260/2637 2277/2638 2275/2639
f 2275/2639 2277/2638 2276/2640
f 2276/2640 2277/2638 2278/2641
f 2278/2641 2277/2638 2279/2642
f 2278/2641 2279/2642 2280/2643
f 2276/2644 1649/2645 2275/2646
f 1649/2645 2276/2644 1655/2647
f 1655/2647 2276/2644 1872/2648
f 1872/2648 2276/2644 2183/2649
f 2183/2649 2276/2644 2278/2650
f 1872/2648 2183/2649 2046/2651
f 1660/2652 1655/2653 1872/2654
f 1662/2655 1660/2656 1872/2657
f 1662/2655 1872/2657 2002/2658
f 1662/2655 2002/2658 1661/2659
f 2002/2658 1872/2657 2046/2660
f 1873/2661 1661/2659 2047/2662
f 2047/2662 1661/2659 2002/2658
f 2047/2662 2002/2658 2184/2663
f 2002/2658 2046/2660 2278/2664
f 2278/2664 2046/2660 2183/2665
f 2002/2658 2278/2664 2280/2666
f 2002/2658 2280/2666 2184/2663
f 2184/2663 2280/2666 2279/2667
f 1656/2668 1661/2669 1873/2670
f 2184/2671 1873/2672 2047/2673
f 1487/2674 1846/2675 1902/2676
f 1902/2676 1846/2675 2004/2677
f 2004/2677 1846/2675 1984/2678
f 1902/2676 2004/2677 2062/2679
f 1902/2676 2062/2679 2077/2680
f 1902/2676 2077/2680 1926/2681
f 1487/2682 1902/2683 1533/2684
f 1533/2684 1902/2683 1926/2685
f 1533/2684 1926/2685 1579/2686
f 1579/2686 1926/2685 2000/2687
f 1579/2686 2000/2687 1845/2688
f 2000/2687 1926/2685 2145/2689
f 2145/2689 1926/2685 2077/2690
f 2004/2691 1984/2692 2182/2693
f 2004/2691 2182/2693 2257/2694
f 2182/2695 1984/2696 2098/2697
f 2004/2698 2257/2699 2097/2700
f 2097/2700 2257/2699 2144/2701
f 2144/2701 2257/2699 2310/2702
f 2144/2701 2310/2702 2371/2703
f 2004/2704 2097/2705 2001/2706
f 2097/2707 2144/2708 2001/2709
f 2001/2709 2144/2708 2061/2710
f 2061/2710 2144/2708 2117/2711
f 2117/2711 2144/2708 2273/2712
f 2273/2712 2144/2708 2371/2713
f 2273/2714 2371/2715 2414/2716
f 2273/2714 2414/2716 2359/2717
f 2117/2718 2273/2719 2274/2720
f 2274/2720 2273/2719 2359/2721
f 2359/2722 2414/2723 2433/2724
f 2359/2722 2433/2724 2407/2725
f 2359/2722 2407/2725 2274/2726
f 2274/2727 2407/2728 2373/2729
f 2373/2729 2407/2728 2419/2730
f 2419/2730 2407/2728 2434/2731
f 2419/2730 2434/2731 2435/2732
f 2435/2732 2434/2731 2439/2733
f 2439/2733 2434/2731 2446/2734
f 2407/2735 2433/2736 2440/2737
f 2407/2738 2440/2739 2434/2740
f 2434/2740 2440/2739 2446/2741
f 2130/2742 2148/2743 2338/2744
f 2338/2744 2148/2743 2129/2745
f 2338/2744 2129/2745 2230/2746
f 2338/2744 2230/2746 2342/2747
f 2338/2744 2342/2747 2415/2748
f 2130/2742 2338/2744 2343/2749
f 2338/2744 2415/2748 2408/2750
f 2338/2744 2408/2750 2343/2749
f 2343/2749 2408/2750 2409/2751
f 2409/2751 2408/2750 2453/2752
f 2129/2753 2148/2754 2230/2755
f 2230/2755 2148/2754 2342/2756
f 2342/2756 2148/2754 2130/2757
f 2342/2756 2130/2757 2343/2758
f 2149/2759 2091/2760 2230/2761
f 2230/2762 2091/2763 2305/2764
f 2305/2764 2091/2763 2193/2765
f 2415/2766 2342/2767 2343/2768
f 2415/2766 2343/2768 2409/2769
f 2415/2766 2409/2769 2453/2770
f 2415/2766 2453/2770 2459/2771
f 2459/2771 2453/2770 2480/2772
f 2459/2771 2480/2772 2482/2773
f 2408/2774 2415/2775 2460/2776
f 2460/2776 2415/2775 2459/2777
f 2408/2774 2460/2776 2453/2778
f 2460/2776 2459/2777 2482/2779
f 2453/2778 2460/2776 2479/2780
f 2479/2780 2460/2776 2482/2779
f 2453/2778 2479/2780 2480/2781
f 2479/2780 2482/2779 2488/2782
f 2480/2781 2479/2780 2486/2783
f 2479/2780 2488/2782 2487/2784
f 2479/2780 2487/2784 2486/2783
f 2482/2785 2480/2786 2486/2787
f 2482/2785 2486/2787 2488/2788
f 2488/2789 2486/2790 2489/2791
f 2486/2792 2487/2793 2491/2794
f 2491/2794 2487/2793 2488/2795
f 2486/2792 2491/2794 2489/2796
f 2489/2797 2491/2798 2490/2799
f 2489/2797 2490/2799 2488/2800
f 2490/2801 2491/2802 2488/2803
f 2193/2804 2091/2805 2045/2806
f 2193/2804 2045/2806 2125/2807
f 2125/2807 2045/2806 2063/2808
f 2305/2809 2193/2810 2336/2811
f 2305/2809 2336/2811 2381/2812
f 2336/2811 2193/2810 2254/2813
f 2254/2813 2193/2810 2125/2814
f 2336/2811 2254/2813 2396/2815
f 2336/2811 2396/2815 2423/2816
f 2336/2811 2423/2816 2381/2812
f 2381/2812 2423/2816 2437/2817
f 2423/2818 2396/2819 2448/2820
f 2423/2818 2448/2820 2462/2821
f 2423/2818 2462/2821 2437/2822
f 2437/2822 2462/2821 2469/2823
f 2469/2823 2462/2821 2483/2824
f 2462/2821 2448/2820 2476/2825
f 2483/2824 2462/2821 2478/2826
f 2478/2826 2462/2821 2476/2825
f 2478/2826 2476/2825 2481/2827
f 2478/2826 2481/2827 2485/2828
f 2478/2829 2485/2830 2483/2831
f 2483/2832 2485/2833 2484/2834
f 2116/2835 2254/2836 2125/2837
f 2116/2835 2125/2837 2067/2838
f 2067/2839 2125/2840 2063/2841
f 2067/2839 2063/2841 1987/2842
f 2067/2843 1987/2844 2060/2845
f 2067/2843 2060/2845 2116/2846
f 2116/2846 2060/2845 2124/2847
f 2116/2846 2124/2847 2228/2848
f 2116/2846 2228/2848 2254/2849
f 2228/2848 2124/2847 2295/2850
f 2254/2849 2228/2848 2335/2851
f 2228/2848 2295/2850 2341/2852
f 2228/2848 2341/2852 2335/2851
f 2335/2851 2341/2852 2378/2853
f 2341/2854 2295/2855 2379/2856
f 2341/2854 2379/2856 2397/2857
f 2397/2857 2379/2856 2398/2858
f 2378/2859 2341/2860 2410/2861
f 2410/2861 2341/2860 2397/2862
f 2410/2861 2397/2862 2411/2863
f 2411/2863 2397/2862 2412/2864
f 2412/2864 2397/2862 2398/2865
f 2080/2866 1983/2867 1845/2868
f 2080/2866 1845/2868 2000/2869
f 1983/2867 2080/2866 2081/2870
f 2080/2866 2000/2869 2208/2871
f 2208/2871 2000/2869 2145/2872
f 2080/2866 2208/2871 2209/2873
f 2080/2866 2209/2873 2147/2874
f 2080/2866 2147/2874 2081/2870
f 2147/2874 2209/2873 2199/2875
f 2147/2874 2199/2875 2181/2876
f 2147/2874 2181/2876 2081/2870
f 2081/2870 2181/2876 2128/2877
f 1528/2878 1869/2879 1842/2880
f 1869/2881 1528/2882 2250/2883
f 2123/2884 1869/2881 2220/2885
f 2220/2885 1869/2881 2250/2883
f 2220/2885 2250/2883 2332/2886
f 2332/2886 2250/2883 2304/2887
f 2250/2883 1528/2882 1298/2888
f 1298/2888 1528/2882 1335/2889
f 1335/2889 1528/2882 1842/2890
f 1298/2888 1335/2889 1145/2891
f 2250/2883 1298/2888 1607/2892
f 2304/2887 2250/2883 2205/2893
f 2205/2893 2250/2883 1607/2892
f 2304/2887 2205/2893 2192/2894
f 2205/2893 1607/2892 1911/2895
f 2205/2893 1911/2895 2140/2896
f 1335/2897 1842/2898 1871/2899
f 1871/2899 1842/2898 2143/2900
f 2143/2900 1842/2898 2177/2901
f 2143/2900 2177/2901 2222/2902
f 2222/2902 2177/2901 2292/2903
f 2177/2904 1842/2905 1869/2906
f 2177/2904 1869/2906 2123/2907
f 2177/2904 2123/2907 2292/2908
f 2292/2908 2123/2907 2220/2909
f 2292/2908 2220/2909 2332/2910
f 1871/2911 2143/2912 2222/2913
f 1871/2911 2222/2913 1483/2914
f 1483/2914 2222/2913 1299/2915
f 1299/2915 2222/2913 1609/2916
f 1609/2916 2222/2913 1900/2917
f 1900/2917 2222/2913 2249/2918
f 1900/2917 2249/2918 2142/2919
f 2142/2919 2249/2918 2304/2920
f 2142/2919 2304/2920 2192/2921
f 1335/2922 1871/2923 1483/2924
f 1335/2922 1483/2924 1145/2925
f 1145/2925 1483/2924 1299/2926
f 1145/2925 1299/2926 1409/2927
f 1409/2927 1299/2926 1609/2928
f 1409/2927 1609/2928 1867/2929
f 1867/2929 1609/2928 1900/2930
f 2222/2931 2292/2932 2249/2933
f 2249/2934 2292/2935 2332/2936
f 2332/2937 2304/2938 2249/2939
f 1900/2940 2142/2941 2192/2942
f 1867/2943 1900/2944 2192/2945
f 1867/2946 2192/2947 2140/2948
f 2140/2948 2192/2947 2205/2949
f 1867/2946 2140/2948 1911/2950
f 1867/2951 1911/2952 1409/2953
f 1409/2953 1911/2952 1607/2954
f 1409/2953 1607/2954 1145/2955
f 1145/2955 1607/2954 1298/2956
f 1456/2957 1242/2958 1370/2959
f 1370/2959 1242/2958 1179/2960
f 1370/2959 1179/2960 1480/2961
f 1370/2959 1480/2961 2122/2962
f 1480/2961 1179/2960 1332/2963
f 1480/2961 1332/2963 1868/2964
f 1868/2964 1332/2963 1841/2965
f 1456/2966 1370/2967 2122/2968
f 2122/2969 1480/2970 1868/2971
f 1179/2972 1242/2973 1454/2974
f 1454/2974 1242/2973 1731/2975
f 1454/2974 1731/2975 2163/2976
f 1454/2974 2163/2976 2252/2977
f 2252/2977 2163/2976 2334/2978
f 1454/2974 2252/2977 1333/2979
f 1333/2979 2252/2977 1526/2980
f 1526/2980 2252/2977 1899/2981
f 1899/2981 2252/2977 2287/2982
f 1899/2981 2287/2982 2248/2983
f 1899/2981 2248/2983 2162/2984
f 1332/2985 1179/2986 1333/2987
f 1332/2985 1333/2987 1526/2988
f 1332/2985 1526/2988 1841/2989
f 1841/2989 1526/2988 1899/2990
f 1333/2991 1179/2992 1454/2993
f 1868/2994 1841/2995 2122/2996
f 2122/2996 1841/2995 2175/2997
f 2122/2996 2175/2997 2315/2998
f 2122/2996 2315/2998 2221/2999
f 2221/2999 2315/2998 2291/3000
f 2291/3000 2315/2998 2349/3001
f 2175/3002 1841/3003 1899/3004
f 2175/3005 1899/3006 2162/3007
f 2315/3008 2175/3009 2162/3010
f 2315/3008 2162/3010 2248/3011
f 2315/3008 2248/3011 2349/3012
f 2349/3012 2248/3011 2287/3013
f 2349/3012 2287/3013 2334/3014
f 2334/3014 2287/3013 2252/3015
f 2122/3016 2221/3017 1456/3018
f 2221/3019 2291/3020 2272/3021
f 2272/3021 2291/3020 2349/3022
f 2221/3019 2272/3021 1456/3023
f 1456/3023 2272/3021 1738/3024
f 1456/3023 1738/3024 1610/3025
f 1738/3024 2272/3021 2253/3026
f 1610/3025 1738/3024 2178/3027
f 1738/3024 2253/3026 2164/3028
f 1738/3024 2164/3028 2178/3027
f 2164/3028 2253/3026 2334/3029
f 2164/3028 2334/3029 2178/3027
f 2253/3030 2349/3031 2334/3032
f 2349/3031 2253/3030 2272/3033
f 2178/3034 2334/3035 2163/3036
f 2178/3034 2163/3036 1610/3037
f 1610/3037 2163/3036 1731/3038
f 1456/3039 1610/3040 1242/3041
f 1242/3041 1610/3040 1731/3042
f 2165/3043 2229/3044 2166/3045
f 2165/3043 2166/3045 2126/3046
f 2165/3043 2126/3046 2180/3047
f 2180/3047 2126/3046 2146/3048
f 2165/3043 2180/3047 2255/3049
f 2229/3044 2165/3043 2256/3050
f 2256/3050 2165/3043 2255/3049
f 2229/3044 2256/3050 2311/3051
f 2256/3050 2255/3049 2337/3052
f 2311/3051 2256/3050 2317/3053
f 2317/3053 2256/3050 2337/3052
f 2311/3051 2317/3053 2365/3054
f 2317/3053 2337/3052 2380/3055
f 2365/3054 2317/3053 2372/3056
f 2372/3056 2317/3053 2380/3055
f 2365/3054 2372/3056 2406/3057
f 2372/3056 2380/3055 2413/3058
f 2406/3057 2372/3056 2405/3059
f 2405/3059 2372/3056 2413/3058
f 2406/3057 2405/3059 2429/3060
f 2405/3059 2413/3058 2432/3061
f 2429/3060 2405/3059 2428/3062
f 2428/3062 2405/3059 2432/3061
f 2126/3063 2166/3064 2127/3065
f 2126/3063 2127/3065 2119/3066
f 2126/3063 2119/3066 2120/3067
f 2126/3063 2120/3067 2118/3068
f 2126/3063 2118/3068 2146/3069
f 2428/3070 2432/3071 2449/3072
f 2428/3070 2449/3072 2444/3073
f 2444/3073 2449/3072 2457/3074
f 2457/3074 2449/3072 2456/3075
f 2429/3076 2428/3077 2445/3078
f 2445/3078 2428/3077 2444/3079
f 2445/3078 2444/3079 2457/3080
f 2445/3081 2457/3082 2452/3083
f 1950/3084 1949/3085 1955/3086
f 1949/3085 1950/3084 1932/3087
f 1950/3084 1955/3086 1956/3088
f 1950/3084 1956/3088 1951/3089
f 1951/3089 1956/3088 1957/3090
f 1932/3087 1950/3084 1972/3091
f 1972/3091 1950/3084 1951/3089
f 1972/3091 1951/3089 1931/3092
f 1932/3087 1972/3091 1936/3093
f 1972/3091 1931/3092 1938/3094
f 1936/3093 1972/3091 1937/3095
f 1937/3095 1972/3091 1938/3094
f 1936/3093 1937/3095 1940/3096
s 0
f 1937/3095 1938/3094 1942/3097
s 1
f 1940/3096 1937/3095 1941/3098
s 0
f 1941/3098 1937/3095 1942/3097
s 1
f 2159/3099 1894/3100 1940/3101
f 2159/3099 1940/3101 2110/3102
f 1894/3103 2159/3104 2157/3105
f 1894/3103 2157/3105 1891/3106
f 1891/3106 2157/3105 2155/3107
f 1891/3106 2155/3107 1889/3108
f 1889/3108 2155/3107 2153/3109
f 1889/3108 2153/3109 1887/3110
f 1887/3110 2153/3109 2150/3111
f 1887/3110 2150/3111 1884/3112
f 1894/3113 1891/3114 1940/3115
f 1940/3115 1891/3114 1889/3116
f 1940/3115 1889/3116 1887/3117
f 1940/3115 1887/3117 1884/3118
f 2157/3119 2159/3120 2110/3121
f 2157/3119 2110/3121 2155/3122
f 2155/3122 2110/3121 2153/3123
f 2153/3123 2110/3121 2150/3124
f 1884/3125 2150/3126 1940/3127
f 1940/3127 2150/3126 2110/3128
f 2106/3129 2110/3130 2107/3131
f 2107/3131 2110/3130 2111/3132
s 0
f 2107/3131 2111/3132 2112/3133
s 1
f 2106/3129 2107/3131 2100/3134
s 0
f 2107/3131 2112/3133 2108/3135
s 1
f 2107/3131 2108/3135 2101/3136
f 2107/3131 2101/3136 2100/3134
f 2101/3136 2108/3135 2102/3137
f 2101/3136 2102/3137 2085/3138
f 2100/3134 2101/3136 2084/3139
f 2084/3139 2101/3136 2085/3138
f 2100/3134 2084/3139 2083/3140
f 2083/3140 2084/3139 2088/3141
f 2088/3141 2084/3139 2089/3142
f 2089/3142 2084/3139 2085/3138
f 2089/3142 2085/3138 2090/3143
f 1486/3144 1786/3145 1373/3146
f 1486/3144 1373/3146 1169/3147
f 1373/3148 1786/3149 1169/3150
f 1169/3150 1786/3149 1977/3151
f 1169/3150 1977/3151 1948/3152
f 1169/3150 1948/3152 1122/3153
f 1122/3153 1948/3152 1946/3154
f 1977/3155 1786/3156 1486/3157
f 1977/3155 1486/3157 1948/3158
f 1948/3158 1486/3157 1459/3159
f 1948/3158 1459/3159 1946/3160
f 1459/3159 1486/3157 1122/3161
f 1122/3161 1486/3157 1169/3162
f 1459/3163 1122/3164 1129/3165
f 1459/3163 1129/3165 1458/3166
f 1459/3163 1458/3166 1946/3167
f 1458/3166 1129/3165 1222/3168
f 1946/3167 1458/3166 1944/3169
f 1458/3166 1222/3168 1578/3170
f 1458/3166 1578/3170 1944/3169
f 1944/3169 1578/3170 1945/3171
f 1122/3172 1946/3173 1944/3174
f 1122/3172 1944/3174 1129/3175
f 1129/3175 1944/3174 1945/3176
f 1129/3175 1945/3176 1222/3177
f 1222/3177 1945/3176 1485/3178
f 1485/3178 1945/3176 1912/3179
f 1222/3180 1485/3181 1578/3182
f 1844/3183 1485/3181 1698/3184
f 1485/3181 1844/3183 1740/3185
f 1485/3181 1740/3185 1578/3182
f 1740/3185 1844/3183 1901/3186
f 1740/3185 1901/3186 1912/3187
f 1740/3185 1912/3187 1578/3182
f 1578/3182 1912/3187 1945/3188
f 1485/3189 1912/3190 1698/3191
f 1698/3191 1912/3190 1901/3192
f 1698/3191 1901/3192 1844/3193
f 1188/3194 1187/3195 1155/3196
f 1188/3194 1155/3196 1156/3197
f 1155/3196 1187/3195 1206/3198
f 1155/3196 1206/3198 1184/3199
f 1155/3196 1184/3199 1153/3200
f 1187/3201 1188/3202 1247/3203
f 1247/3203 1188/3202 1205/3204
f 1187/3201 1247/3203 1206/3205
f 1206/3205 1247/3203 1246/3206
f 1246/3206 1247/3203 1277/3207
f 1206/3208 1246/3209 1184/3210
f 1184/3210 1246/3209 1226/3211
f 1184/3210 1226/3211 1224/3212
f 1226/3211 1246/3209 1274/3213
f 1274/3213 1246/3209 1277/3214
f 1155/3215 1153/3216 1156/3217
f 1156/3217 1153/3216 1170/3218
f 1188/3219 1156/3220 1205/3221
f 1205/3221 1156/3220 1185/3222
f 1185/3222 1156/3220 1170/3223
f 1205/3224 1185/3225 1225/3226
f 1225/3226 1185/3225 1183/3227
f 1205/3224 1225/3226 1247/3228
f 1247/3228 1225/3226 1275/3229
f 1247/3228 1275/3229 1276/3230
f 1185/3231 1170/3232 1183/3233
f 1170/3234 1153/3235 1182/3236
f 1170/3234 1182/3236 1181/3237
f 1170/3234 1181/3237 1183/3238
f 1183/3238 1181/3237 1204/3239
f 1182/3240 1153/3241 1184/3242
f 1182/3240 1184/3242 1224/3243
f 1182/3240 1224/3243 1181/3244
f 1181/3244 1224/3243 1244/3245
f 1225/3246 1183/3247 1204/3248
f 1225/3246 1204/3248 1245/3249
f 1225/3246 1245/3249 1275/3250
f 1204/3251 1181/3252 1244/3253
f 1204/3251 1244/3253 1245/3254
f 1224/3255 1226/3256 1244/3257
f 1244/3258 1226/3259 1274/3260
f 1244/3261 1274/3262 1245/3263
f 1275/3264 1245/3265 1274/3266
f 1274/3267 1277/3268 1275/3269
f 1275/3269 1277/3268 1276/3270
f 1276/3270 1277/3268 1247/3271
f 2006/3272 1663/3273 1618/3274
f 2006/3272 1618/3274 2008/3275
f 2008/3275 1618/3274 1505/3276
f 2008/3275 1505/3276 2010/3277
f 1663/3278 2006/3279 2005/3280
f 2005/3280 2006/3279 2232/3281
f 1663/3282 2005/3283 2007/3284
f 1663/3282 2007/3284 1618/3285
f 1618/3285 2007/3284 2009/3286
f 1618/3285 2009/3286 1505/3287
f 2005/3288 2232/3289 2281/3290
f 2005/3288 2281/3290 2007/3291
f 2007/3291 2281/3290 2297/3292
f 2007/3291 2297/3292 2009/3293
f 2281/3294 2232/3295 2006/3296
f 2281/3294 2006/3296 2008/3297
f 2281/3294 2008/3297 2010/3298
f 2281/3294 2010/3298 2297/3299
f 1505/3300 2009/3301 2011/3302
f 2011/3302 2009/3301 2297/3303
f 1505/3300 2011/3302 1251/3304
f 2011/3302 2297/3303 2352/3305
f 1505/3300 1251/3304 2010/3306
f 2352/3305 2297/3303 2012/3307
f 2010/3306 1251/3304 2012/3307
f 2010/3306 2012/3307 2297/3303
f 1251/3308 2011/3309 2013/3310
f 1251/3308 2013/3310 1231/3311
f 2013/3312 2011/3313 2352/3314
f 2013/3312 2352/3314 2366/3315
f 2352/3316 2012/3317 2366/3318
f 2366/3318 2012/3317 2014/3319
f 2014/3320 2012/3321 1251/3322
f 2014/3320 1251/3322 1231/3323
f 2366/3324 2014/3325 2152/3326
f 2152/3326 2014/3325 2016/3327
f 2016/3327 2014/3325 1231/3328
f 2016/3327 1231/3328 1886/3329
f 2366/3330 2152/3331 2013/3332
f 2013/3332 2152/3331 2015/3333
f 2015/3333 2152/3331 2078/3334
f 2078/3334 2152/3331 2017/3335
f 2017/3335 2152/3331 2016/3336
f 1231/3337 2013/3338 1886/3339
f 1886/3339 2013/3338 2015/3340
f 1886/3339 2015/3340 2018/3341
f 2016/3342 1886/3343 1967/3344
f 1967/3344 1886/3343 2018/3345
f 2016/3342 1967/3344 2017/3346
f 2018/3347 2015/3348 2078/3349
f 2017/3350 1967/3351 1953/3352
f 2078/3353 2017/3354 2093/3355
f 2078/3353 2093/3355 2103/3356
f 1953/3357 1967/3358 1933/3359
f 1933/3359 1967/3358 1952/3360
f 1933/3359 1952/3360 1907/3361
f 1952/3360 1967/3358 2018/3362
f 1907/3361 1952/3360 1934/3363
f 1934/3363 1952/3360 2018/3362
f 1934/3363 2018/3362 2019/3364
f 1953/3365 1933/3366 1907/3367
f 1953/3365 1907/3367 1935/3368
f 1935/3368 1907/3367 1939/3369
f 1939/3369 1907/3367 1954/3370
f 1954/3370 1907/3367 1934/3371
f 2017/3372 1953/3373 2020/3374
f 2020/3374 1953/3373 1935/3375
f 2020/3374 1935/3375 1978/3376
f 2017/3377 2020/3378 2093/3379
f 2093/3379 2020/3378 2105/3380
f 2105/3380 2020/3378 2068/3381
f 2078/3382 2103/3383 2092/3384
f 2092/3384 2103/3383 2139/3385
f 2092/3384 2139/3385 2104/3386
f 2139/3385 2103/3383 2093/3387
f 2104/3386 2139/3385 2094/3388
f 2139/3385 2093/3387 2105/3389
f 2094/3388 2139/3385 2109/3390
f 2109/3390 2139/3385 2105/3389
f 2078/3391 2092/3392 2018/3393
f 2018/3394 2092/3395 2104/3396
f 2018/3394 2104/3396 2019/3397
f 1954/3398 1934/3399 2019/3400
f 1954/3398 2019/3400 2021/3401
f 1954/3398 2021/3401 1980/3402
f 1980/3402 2021/3401 2023/3403
f 2023/3403 2021/3401 2069/3404
f 2069/3404 2021/3401 2094/3405
f 2094/3405 2021/3401 2019/3400
f 2094/3405 2019/3400 2104/3406
f 1954/3407 1980/3408 1939/3409
f 1939/3409 1980/3408 2003/3410
f 2003/3410 1980/3408 2023/3411
f 1939/3409 2003/3410 1978/3412
f 1978/3412 2003/3410 2024/3413
f 1939/3409 1978/3412 1935/3414
f 2023/3415 2069/3416 2003/3417
f 2003/3417 2069/3416 2109/3418
f 2109/3418 2069/3416 2094/3419
f 2003/3417 2109/3418 2068/3420
f 2003/3417 2068/3420 2024/3421
f 2068/3420 2109/3418 2105/3422
f 1978/3423 2024/3424 2022/3425
f 2022/3425 2024/3424 2068/3426
f 1978/3423 2022/3425 2020/3427
f 2020/3427 2022/3425 2068/3426
f 1751/3428 1749/3429 1614/3430
f 1751/3428 1614/3430 1616/3431
f 1614/3432 1749/3433 1615/3434
f 1615/3434 1749/3433 1750/3435
f 1751/3436 1616/3437 1752/3438
f 1752/3438 1616/3437 1617/3439
f 1751/3440 1752/3441 1749/3442
f 1749/3442 1752/3441 1750/3443
f 1616/3444 1614/3445 1617/3446
f 1617/3446 1614/3445 1615/3447
f 1615/3448 1750/3449 1617/3450
f 1617/3450 1750/3449 1752/3451
f 1553/3452 1861/3453 1765/3454
f 1553/3452 1765/3454 1305/3455
f 1553/3452 1305/3455 1430/3456
f 1765/3454 1861/3453 2171/3457
f 2171/3457 1861/3453 2135/3458
f 2135/3458 1861/3453 2283/3459
f 2171/3457 2135/3458 2299/3460
f 2299/3460 2135/3458 2238/3461
f 1861/3462 1553/3463 1862/3464
f 1861/3462 1862/3464 2136/3465
f 1862/3464 1553/3463 1430/3466
f 1862/3464 1430/3466 1514/3467
f 1514/3467 1430/3466 1309/3468
f 1309/3469 1430/3470 1305/3471
f 1862/3472 1514/3473 1766/3474
f 1766/3474 1514/3473 1283/3475
f 1862/3472 1766/3474 2136/3476
f 2136/3476 1766/3474 2173/3477
f 2136/3476 2173/3477 2298/3478
f 2136/3476 2298/3478 2237/3479
f 1309/3480 1305/3481 1175/3482
f 1309/3480 1175/3482 1283/3483
f 1309/3480 1283/3483 1514/3484
f 1861/3485 2136/3486 2237/3487
f 1861/3485 2237/3487 2283/3488
f 2173/3489 1766/3490 2169/3491
f 2173/3489 2169/3491 2298/3492
f 2169/3493 1766/3494 2131/3495
f 2131/3495 1766/3494 1834/3496
f 1834/3496 1766/3494 1549/3497
f 1549/3497 1766/3494 1283/3498
f 1549/3497 1283/3498 1424/3499
f 1424/3499 1283/3498 1253/3500
f 2169/3501 2131/3502 2298/3503
f 2283/3504 2237/3505 2298/3506
f 2283/3504 2298/3506 2312/3507
f 2283/3504 2312/3507 2238/3508
f 2238/3508 2312/3507 2299/3509
f 2135/3510 2283/3511 2238/3512
f 2171/3513 2299/3514 2234/3515
f 2171/3513 2234/3515 2132/3516
f 2171/3513 2132/3516 1765/3517
f 1765/3517 2132/3516 1859/3518
f 2234/3519 2299/3520 2282/3521
f 2282/3521 2299/3520 2312/3522
f 2282/3521 2312/3522 2233/3523
f 2233/3523 2312/3522 2298/3524
f 2234/3525 2282/3526 2132/3527
f 2132/3527 2282/3526 2233/3528
f 2132/3527 2233/3528 2131/3529
f 2132/3527 2131/3529 1859/3530
f 1859/3530 2131/3529 1834/3531
f 1859/3530 1834/3531 1549/3532
f 1859/3530 1549/3532 1424/3533
f 1859/3530 1424/3533 1548/3534
f 1548/3534 1424/3533 1425/3535
f 1425/3535 1424/3533 1253/3536
f 1425/3535 1253/3536 1232/3537
f 1425/3535 1232/3537 1254/3538
f 2233/3539 2298/3540 2131/3541
f 1765/3542 1859/3543 1305/3544
f 1305/3544 1859/3543 1548/3545
f 1305/3544 1548/3545 1425/3546
f 1305/3544 1425/3546 1254/3547
f 1253/3548 1283/3549 1232/3550
f 1232/3551 1283/3552 1175/3553
f 1232/3554 1175/3555 1305/3556
f 1232/3554 1305/3556 1254/3557
f 1773/3558 1687/3559 1776/3560
f 1776/3560 1687/3559 1782/3561
f 1782/3561 1687/3559 1695/3562
f 1773/3563 1776/3564 2324/3565
f 1773/3563 2324/3565 2322/3566
f 2322/3566 2324/3565 2345/3567
f 2345/3567 2324/3565 2347/3568
f 2347/3568 2324/3565 2326/3569
f 2326/3569 2324/3565 1776/3564
f 2326/3569 1776/3564 1782/3570
f 1687/3571 1773/3572 1775/3573
f 1687/3571 1775/3573 1688/3574
f 1688/3574 1775/3573 1777/3575
f 1688/3574 1777/3575 1780/3576
f 1688/3574 1780/3576 1693/3577
f 1773/3578 2322/3579 1775/3580
f 1775/3580 2322/3579 2323/3581
f 2323/3581 2322/3579 2346/3582
f 2346/3582 2322/3579 2345/3583
f 2326/3584 1782/3585 2328/3586
f 2326/3584 2328/3586 2347/3587
f 2328/3586 1782/3585 1784/3588
f 1784/3588 1782/3585 1695/3589
f 2328/3590 1784/3591 2330/3592
f 2328/3590 2330/3592 2347/3593
f 2347/3593 2330/3592 2348/3594
f 2348/3594 2330/3592 2327/3595
f 1784/3596 1695/3597 1693/3598
f 1784/3596 1693/3598 1781/3599
f 1784/3596 1781/3599 2330/3600
f 1695/3601 1687/3602 1688/3603
f 1695/3601 1688/3603 1693/3604
f 1693/3605 1780/3606 1781/3607
f 1781/3607 1780/3606 2327/3608
f 1781/3607 2327/3608 2330/3609
f 1777/3610 1775/3611 2323/3612
f 1777/3610 2323/3612 2325/3613
f 1777/3610 2325/3613 1780/3614
f 2325/3613 2323/3612 2346/3615
f 1780/3614 2325/3613 2327/3616
f 2325/3613 2346/3615 2348/3617
f 2325/3613 2348/3617 2327/3616
f 2348/3618 2346/3619 2345/3620
f 2348/3618 2345/3620 2347/3621
f 1893/3622 1865/3623 1717/3624
f 1717/3624 1865/3623 1640/3625
f 1717/3624 1640/3625 1474/3626
f 1717/3624 1474/3626 1561/3627
f 1561/3627 1474/3626 1523/3628
f 1640/3629 1865/3630 1818/3631
f 1640/3629 1818/3631 1474/3632
f 1474/3632 1818/3631 1641/3633
f 1717/3634 1561/3635 1690/3636
f 1690/3636 1561/3635 1523/3637
f 1690/3636 1523/3637 1601/3638
f 1717/3634 1690/3636 1839/3639
f 1717/3634 1839/3639 1893/3640
f 1893/3640 1839/3639 1923/3641
f 1523/3642 1474/3643 1475/3644
f 1523/3645 1475/3646 1601/3647
f 1601/3647 1475/3646 1566/3648
f 1475/3649 1474/3650 1641/3651
f 1475/3652 1641/3653 1566/3654
f 1566/3655 1641/3656 1690/3657
f 1566/3655 1690/3657 1601/3658
f 1690/3657 1641/3656 1839/3659
f 1839/3659 1641/3656 1818/3660
f 1839/3659 1818/3660 1923/3661
f 1923/3661 1818/3660 1908/3662
f 1923/3661 1908/3662 1982/3663
f 1982/3663 1908/3662 1976/3664
f 1908/3665 1818/3666 1865/3667
f 1893/3668 1923/3669 1974/3670
f 1974/3670 1923/3669 1982/3671
f 1974/3670 1982/3671 2030/3672
f 2030/3672 1982/3671 2035/3673
f 1893/3674 1974/3675 1969/3676
f 1893/3674 1969/3676 1865/3677
f 1969/3676 1974/3675 2030/3678
f 1969/3676 2030/3678 2029/3679
f 1908/3680 1865/3681 1976/3682
f 1976/3683 1865/3684 1969/3685
f 1976/3686 1969/3687 2034/3688
f 2034/3688 1969/3687 2029/3689
f 1976/3690 2034/3691 1982/3692
f 1982/3692 2034/3691 2035/3693
f 2035/3694 2034/3695 2029/3696
f 2035/3694 2029/3696 2030/3697
f 1362/3698 1402/3699 1218/3700
f 1362/3698 1218/3700 1220/3701
f 1362/3698 1220/3701 1365/3702
f 1218/3703 1402/3704 1294/3705
f 1218/3703 1294/3705 1295/3706
f 1295/3706 1294/3705 1363/3707
f 1402/3708 1362/3709 1689/3710
f 1294/3711 1402/3712 1522/3713
f 1522/3713 1402/3712 1689/3714
f 1522/3713 1689/3714 1600/3715
f 1294/3716 1522/3717 1521/3718
f 1521/3718 1522/3717 1600/3719
f 1294/3716 1521/3718 1363/3720
f 1363/3720 1521/3718 1563/3721
f 1363/3720 1563/3721 1642/3722
f 1642/3722 1563/3721 1600/3719
f 1642/3722 1600/3719 1778/3723
f 1521/3724 1600/3725 1563/3726
f 1600/3727 1689/3728 1778/3729
f 1778/3730 1689/3731 1691/3732
f 1778/3730 1691/3732 1840/3733
f 1778/3730 1840/3733 1642/3734
f 1642/3734 1840/3733 1644/3735
f 1840/3733 1691/3732 1643/3736
f 1840/3733 1643/3736 1779/3737
f 1691/3738 1689/3739 1362/3740
f 1691/3738 1362/3740 1365/3741
f 1691/3738 1365/3741 1643/3742
f 1363/3743 1642/3744 1644/3745
f 1363/3743 1644/3745 1295/3746
f 1644/3747 1840/3748 1779/3749
f 1644/3747 1779/3749 1570/3750
f 1295/3751 1644/3752 1570/3753
f 1295/3751 1570/3753 1296/3754
f 1218/3755 1295/3756 1296/3757
f 1218/3755 1296/3757 1220/3758
f 1365/3759 1220/3760 1364/3761
f 1643/3762 1365/3763 1476/3764
f 1476/3764 1365/3763 1364/3765
f 1476/3764 1364/3765 1449/3766
f 1476/3764 1449/3766 1567/3767
f 1643/3762 1476/3764 1564/3768
f 1643/3762 1564/3768 1779/3769
f 1779/3769 1564/3768 1602/3770
f 1364/3771 1220/3772 1449/3773
f 1449/3774 1220/3775 1296/3776
f 1449/3774 1296/3776 1567/3777
f 1567/3777 1296/3776 1570/3778
f 1564/3779 1476/3780 1567/3781
f 1564/3779 1567/3781 1602/3782
f 1567/3783 1570/3784 1602/3785
f 1602/3785 1570/3784 1779/3786
f 1405/3787 1366/3788 1450/3789
f 1405/3790 1450/3791 1448/3792
f 1405/3793 1448/3794 1601/3795
f 1405/3793 1601/3795 1565/3796
f 1601/3797 1448/3798 1450/3799
f 1601/3797 1450/3799 1603/3800
f 1603/3800 1450/3799 1451/3801
f 1603/3800 1451/3801 1694/3802
f 1694/3802 1451/3801 1575/3803
f 1694/3802 1575/3803 1646/3804
f 1405/3805 1565/3806 1366/3807
f 1601/3808 1603/3809 1565/3810
f 1565/3810 1603/3809 1568/3811
f 1568/3811 1603/3809 1694/3812
f 1568/3811 1694/3812 1604/3813
f 1604/3813 1694/3812 1605/3814
f 1605/3814 1694/3812 1646/3815
f 1366/3816 1565/3817 1568/3818
f 1366/3816 1568/3818 1604/3819
f 1366/3816 1604/3819 1368/3820
f 1368/3821 1450/3822 1366/3823
f 1450/3822 1368/3821 1451/3824
f 1451/3824 1368/3821 1575/3825
f 1368/3826 1604/3827 1478/3828
f 1478/3828 1604/3827 1605/3829
f 1478/3828 1605/3829 1575/3830
f 1575/3830 1605/3829 1646/3831
f 1368/3832 1478/3833 1575/3834
f 1979/3835 1968/3836 1981/3837
f 1981/3837 1968/3836 1975/3838
f 1981/3837 1975/3838 1986/3839
f 1968/3840 1979/3841 1973/3842
f 1973/3843 1979/3844 1981/3845
f 1973/3843 1981/3845 1986/3846
f 1973/3843 1986/3846 1985/3847
f 1975/3848 1968/3849 1973/3850
f 1973/3851 1985/3852 1975/3853
f 1975/3853 1985/3852 2032/3854
f 1975/3853 2032/3854 2036/3855
f 2036/3855 2032/3854 2076/3856
f 2076/3856 2032/3854 2070/3857
f 1985/3858 1986/3859 2033/3860
f 1985/3858 2033/3860 2032/3861
f 2033/3862 1986/3863 1975/3864
f 2033/3862 1975/3864 2036/3865
f 2033/3862 2036/3865 2076/3866
f 2033/3862 2076/3866 2071/3867
f 2032/3868 2033/3869 2070/3870
f 2070/3870 2033/3869 2071/3871
f 2070/3872 2071/3873 2074/3874
f 2074/3874 2071/3873 2075/3875
f 2074/3874 2075/3875 2073/3876
f 2070/3877 2074/3878 2076/3879
f 2076/3879 2074/3878 2079/3880
f 2076/3879 2079/3880 2075/3881
f 2079/3880 2074/3878 2073/3882
f 2079/3880 2073/3882 2075/3881
f 2071/3883 2076/3884 2075/3885
f 1992/3886 1993/3887 2026/3888
f 1993/3887 1992/3886 1994/3889
f 1992/3890 2026/3891 2050/3892
f 1992/3890 2050/3892 2025/3893
f 1992/3894 2025/3895 1994/3896
f 1994/3896 2025/3895 1996/3897
f 1996/3897 2025/3895 2037/3898
f 2050/3899 2026/3900 2053/3901
f 2050/3899 2053/3901 2051/3902
f 2050/3899 2051/3902 2025/3903
f 2025/3903 2051/3902 2052/3904
f 2025/3903 2052/3904 2037/3905
f 2052/3904 2051/3902 2027/3906
f 2027/3906 2051/3902 2031/3907
f 2053/3908 2026/3909 2055/3910
f 2055/3910 2026/3909 2040/3911
f 2055/3910 2040/3911 2057/3912
f 2028/3913 1993/3914 1994/3915
f 1993/3914 2028/3913 2027/3916
f 1993/3914 2027/3916 1995/3917
f 1995/3917 2027/3916 2031/3918
f 2051/3919 2053/3920 2031/3921
f 1995/3922 2026/3923 1993/3924
f 2026/3925 1995/3926 2040/3927
f 2040/3927 1995/3926 1997/3928
f 2040/3927 1997/3928 2044/3929
f 2044/3929 1997/3928 1999/3930
f 2052/3931 2027/3932 2028/3933
f 1995/3934 2031/3935 1997/3936
f 2057/3937 2040/3938 2044/3939
f 2055/3940 2057/3941 2042/3942
f 2055/3940 2042/3942 2039/3943
f 2055/3940 2039/3943 2053/3944
f 2053/3944 2039/3943 2031/3945
f 2042/3946 2057/3947 2044/3948
f 2042/3946 2044/3948 1999/3949
f 2039/3950 2042/3951 1999/3952
f 2039/3950 1999/3952 1997/3953
f 2039/3954 1997/3955 2031/3956
f 2054/3957 2052/3958 2028/3959
f 2054/3957 2028/3959 2038/3960
f 2054/3957 2038/3960 2056/3961
f 2056/3961 2038/3960 2041/3962
f 2054/3957 2056/3961 2043/3963
f 2054/3957 2043/3963 2037/3964
f 2052/3965 2054/3966 2037/3967
f 2038/3968 2028/3969 1994/3970
f 2038/3968 1994/3970 1996/3971
f 2038/3968 1996/3971 2041/3972
f 2041/3972 1996/3971 1998/3973
f 1996/3974 2037/3975 1998/3976
f 1998/3976 2037/3975 2043/3977
f 2056/3978 2041/3979 2043/3980
f 2043/3980 2041/3979 1998/3981
f 1837/3982 1360/3983 1838/3984
f 1360/3983 1837/3982 1400/3985
f 1838/3986 1360/3987 1524/3988
f 1524/3988 1360/3987 1240/3989
f 1838/3986 1524/3988 2265/3990
f 1524/3988 1240/3989 1572/3991
f 1524/3988 1572/3991 2197/3992
f 2197/3992 1572/3991 1783/3993
f 1524/3988 2197/3992 2362/3994
f 2265/3990 1524/3988 2375/3995
f 2375/3995 1524/3988 2362/3994
f 2265/3990 2375/3995 2395/3996
f 2375/3995 2362/3994 2404/3997
f 2375/3995 2404/3997 2395/3996
f 1837/3998 1838/3999 2264/4000
f 2264/4000 1838/3999 2265/4001
f 2264/4000 2265/4001 2395/4002
f 2264/4000 2395/4002 2400/4003
f 1837/4004 2264/4005 2242/4006
f 2242/4006 2264/4005 2400/4007
f 1837/4004 2242/4006 1816/4008
f 1400/4009 1837/4010 1816/4011
f 1400/4009 1816/4011 1445/4012
f 1360/4013 1400/4014 1217/4015
f 1360/4013 1217/4015 1240/4016
f 1240/4016 1217/4015 1331/4017
f 1331/4017 1217/4015 1406/4018
f 1331/4017 1406/4018 1645/4019
f 1400/4020 1445/4021 1217/4022
f 1217/4023 1445/4024 1406/4025
f 1406/4025 1445/4024 1722/4026
f 1722/4026 1445/4024 2196/4027
f 2196/4027 1445/4024 1816/4028
f 2196/4027 1816/4028 2242/4029
f 2196/4027 2242/4029 2360/4030
f 2360/4030 2242/4029 2400/4031
f 2360/4030 2400/4031 2404/4032
f 2360/4030 2404/4032 2356/4033
f 2360/4030 2356/4033 2196/4027
f 2356/4033 2404/4032 2384/4034
f 2356/4033 2384/4034 2196/4027
f 2196/4027 2384/4034 2204/4035
f 1406/4036 1722/4037 1645/4038
f 1645/4038 1722/4037 2204/4039
f 2204/4039 1722/4037 2196/4040
f 1240/4041 1331/4042 1572/4043
f 1572/4043 1331/4042 1783/4044
f 1783/4044 1331/4042 1645/4045
f 1783/4044 1645/4045 2197/4046
f 2197/4046 1645/4045 2204/4047
f 2197/4048 2204/4049 2362/4050
f 2362/4050 2204/4049 2384/4051
f 2362/4050 2384/4051 2404/4052
f 2404/4053 2400/4054 2395/4055
f 1571/4056 1447/4057 1221/4058
f 1571/4056 1221/4058 1452/4059
f 1221/4058 1447/4057 1239/4060
f 1239/4060 1447/4057 1472/4061
f 1447/4062 1571/4063 2194/4064
f 2194/4064 1571/4063 1943/4065
f 1447/4062 2194/4064 1472/4066
f 1221/4067 1239/4068 1446/4069
f 1221/4067 1446/4069 1330/4070
f 1330/4070 1446/4069 1866/4071
f 1772/4072 1866/4071 1239/4068
f 1330/4070 1866/4071 1573/4073
f 1330/4070 1573/4073 1452/4074
f 1452/4074 1573/4073 1910/4075
f 1910/4075 1573/4073 1925/4076
f 1925/4076 1573/4073 1866/4071
f 1910/4075 1925/4076 2285/4077
f 1866/4071 1772/4072 2245/4078
f 1866/4071 2245/4078 1925/4076
f 2245/4078 1772/4072 2195/4079
f 2245/4078 2195/4079 2339/4080
f 2285/4077 1925/4076 2268/4081
f 2268/4081 1925/4076 2245/4078
f 2285/4077 2268/4081 2388/4082
f 2245/4078 2339/4080 2355/4083
f 2245/4078 2355/4083 2268/4081
f 2355/4083 2339/4080 2390/4084
f 2268/4081 2355/4083 2363/4085
f 1472/4086 2194/4087 1813/4088
f 1239/4089 1472/4090 1772/4091
f 1772/4091 1472/4090 1813/4092
f 1446/4093 1239/4094 1866/4095
f 1221/4096 1330/4097 1452/4098
f 1943/4099 1571/4100 1452/4101
f 1943/4102 1452/4103 1910/4104
f 1910/4105 2285/4106 1943/4107
f 1943/4107 2285/4106 2266/4108
f 2266/4108 2285/4106 2388/4109
f 2194/4110 1943/4111 2290/4112
f 2194/4110 2290/4112 2321/4113
f 2321/4113 2290/4112 2367/4114
f 1943/4115 2266/4116 2367/4117
f 1943/4115 2367/4117 2290/4118
f 2367/4117 2266/4116 2361/4119
f 2361/4119 2266/4116 2388/4120
f 2367/4121 2361/4122 2388/4123
f 2367/4121 2388/4123 2390/4124
f 2367/4121 2390/4124 2321/4125
f 2321/4125 2390/4124 2339/4126
f 2363/4127 2388/4128 2268/4129
f 2388/4128 2363/4127 2390/4130
f 2390/4130 2363/4127 2355/4131
f 2339/4132 2195/4133 2321/4134
f 2321/4134 2195/4133 2194/4135
f 2194/4135 2195/4133 1813/4136
f 1813/4136 2195/4133 1772/4137
f 1586/4138 1537/4139 1706/4140
f 1706/4140 1537/4139 1593/4141
f 1593/4141 1537/4139 1496/4142
f 1586/4138 1706/4140 1753/4143
f 1586/4138 1753/4143 1700/4144
f 1753/4145 1706/4146 1881/4147
f 1753/4145 1881/4147 1879/4148
f 1537/4149 1586/4150 1702/4151
f 1537/4149 1702/4151 1705/4152
f 1705/4152 1702/4151 1880/4153
f 1705/4152 1880/4153 1855/4154
f 1881/4155 1706/4156 1808/4157
f 1808/4157 1706/4156 1593/4158
f 1700/4159 1753/4160 1879/4161
f 1700/4159 1879/4161 1875/4162
f 1700/4159 1875/4162 1664/4163
f 1664/4163 1875/4162 1853/4164
f 1586/4165 1700/4166 1534/4167
f 1879/4168 1881/4169 1855/4170
f 1855/4170 1881/4169 1830/4171
f 1830/4171 1881/4169 1808/4172
f 1879/4168 1855/4170 1880/4173
f 1879/4168 1880/4173 1875/4174
f 1875/4174 1880/4173 1853/4175
f 1853/4175 1880/4173 1854/4176
f 1853/4175 1854/4176 1794/4177
f 1794/4177 1854/4176 1704/4178
f 1704/4178 1854/4176 1801/4179
f 1704/4178 1801/4179 1711/4180
f 1805/4181 1808/4172 1711/4180
f 1805/4181 1711/4180 1801/4179
f 1700/4182 1664/4183 1534/4184
f 1664/4185 1853/4186 1585/4187
f 1585/4187 1853/4186 1794/4188
f 1585/4187 1794/4188 1490/4189
f 1490/4189 1794/4188 1704/4190
f 1664/4191 1585/4192 1534/4193
f 1534/4194 1585/4195 1489/4196
f 1489/4196 1585/4195 1490/4197
f 1489/4196 1490/4197 1495/4198
f 1495/4198 1490/4197 1497/4199
f 1495/4198 1497/4199 1496/4200
f 1496/4200 1497/4199 1593/4201
f 1854/4202 1880/4203 1702/4204
f 1854/4202 1702/4204 1701/4205
f 1490/4206 1704/4207 1497/4208
f 1497/4208 1704/4207 1711/4209
f 1497/4210 1711/4211 1593/4212
f 1593/4212 1711/4211 1808/4213
f 1801/4214 1854/4215 1701/4216
f 1801/4214 1701/4216 1672/4217
f 1672/4217 1701/4216 1534/4218
f 1672/4217 1534/4218 1489/4219
f 1701/4220 1702/4221 1586/4222
f 1701/4220 1586/4222 1534/4223
f 1805/4224 1801/4225 1672/4226
f 1805/4224 1672/4226 1674/4227
f 1674/4227 1672/4226 1489/4228
f 1674/4227 1489/4228 1495/4229
f 1808/4230 1805/4231 1830/4232
f 1830/4233 1805/4234 1674/4235
f 1830/4233 1674/4235 1675/4236
f 1675/4236 1674/4235 1495/4237
f 1675/4236 1495/4237 1496/4238
f 1830/4239 1675/4240 1855/4241
f 1855/4241 1675/4240 1705/4242
f 1705/4243 1675/4244 1496/4245
f 1705/4243 1496/4245 1537/4246
f 1705/4247 1675/4248 1804/4249
f 1804/4250 1675/4251 1758/4252
f 1705/4253 1804/4254 1857/4255
f 1705/4253 1857/4255 1703/4256
f 1857/4255 1804/4254 1883/4257
f 1883/4257 1804/4254 1831/4258
f 1883/4257 1831/4258 1833/4259
f 1833/4259 1831/4258 1764/4260
f 1592/4261 1675/4262 1705/4263
f 1592/4261 1705/4263 1541/4264
f 1592/4261 1541/4264 1498/4265
f 1498/4265 1541/4264 1463/4266
f 1804/4267 1758/4268 1831/4269
f 1758/4270 1675/4271 1673/4272
f 1831/4273 1758/4274 1806/4275
f 1806/4275 1758/4274 1803/4276
f 1831/4273 1806/4275 1764/4277
f 1806/4275 1803/4276 1832/4278
f 1764/4277 1806/4275 1761/4279
f 1761/4279 1806/4275 1832/4278
f 1857/4280 1883/4281 1882/4282
f 1857/4280 1882/4282 1856/4283
f 1703/4284 1857/4285 1856/4286
f 1703/4284 1856/4286 1671/4287
f 1703/4284 1671/4287 1460/4288
f 1705/4289 1703/4290 1541/4291
f 1541/4291 1703/4290 1460/4292
f 1541/4291 1460/4292 1463/4293
f 1463/4293 1460/4292 1379/4294
f 1463/4293 1379/4294 1503/4295
f 1503/4295 1379/4294 1422/4296
f 1503/4295 1422/4296 1631/4297
f 1882/4298 1883/4299 1811/4300
f 1811/4301 1883/4302 1833/4303
f 1856/4304 1882/4305 1832/4306
f 1856/4304 1832/4306 1803/4307
f 1856/4304 1803/4307 1671/4308
f 1671/4308 1803/4307 1673/4309
f 1671/4308 1673/4309 1494/4310
f 1494/4310 1673/4309 1540/4311
f 1494/4310 1540/4311 1378/4312
f 1378/4312 1540/4311 1464/4313
f 1882/4314 1811/4315 1763/4316
f 1763/4316 1811/4315 1630/4317
f 1882/4318 1763/4319 1832/4320
f 1811/4321 1833/4322 1632/4323
f 1632/4323 1833/4322 1633/4324
f 1630/4325 1811/4326 1632/4327
f 1630/4325 1632/4327 1502/4328
f 1763/4329 1630/4330 1628/4331
f 1763/4329 1628/4331 1761/4332
f 1763/4329 1761/4332 1832/4333
f 1803/4334 1758/4335 1673/4336
f 1671/4337 1494/4338 1460/4339
f 1460/4339 1494/4338 1379/4340
f 1379/4340 1494/4338 1378/4341
f 1540/4342 1673/4343 1675/4344
f 1540/4342 1675/4344 1592/4345
f 1464/4346 1540/4347 1592/4348
f 1464/4349 1592/4350 1498/4351
f 1422/4352 1379/4353 1378/4354
f 1422/4352 1378/4354 1466/4355
f 1378/4356 1464/4357 1466/4358
f 1466/4358 1464/4357 1502/4359
f 1464/4360 1498/4361 1502/4362
f 1502/4362 1498/4361 1545/4363
f 1545/4363 1498/4361 1463/4364
f 1466/4365 1502/4366 1632/4367
f 1630/4368 1502/4369 1545/4370
f 1630/4368 1545/4370 1628/4371
f 1466/4372 1632/4373 1633/4374
f 1466/4372 1633/4374 1422/4375
f 1545/4376 1463/4377 1503/4378
f 1545/4376 1503/4378 1628/4379
f 1628/4380 1503/4381 1631/4382
f 1628/4380 1631/4382 1761/4383
f 1761/4383 1631/4382 1764/4384
f 1631/4385 1422/4386 1633/4387
f 1631/4385 1633/4387 1764/4388
f 1764/4388 1633/4387 1833/4389
f 1762/4390 1807/4391 1806/4392
f 1806/4393 1807/4394 1629/4395
f 1629/4396 1807/4397 1762/4398
f 1629/4399 1762/4400 1806/4401
f 1511/4402 1629/4403 1422/4404
f 1511/4402 1422/4404 1344/4405
f 1511/4402 1344/4405 1308/4406
f 1511/4402 1308/4406 1428/4407
f 1428/4407 1308/4406 1286/4408
f 1428/4407 1286/4408 1393/4409
f 1422/4410 1629/4411 1627/4412
f 1501/4413 1629/4411 1627/4412
f 1344/4414 1422/4415 1627/4416
f 1629/4417 1501/4418 1499/4419
f 1499/4420 1501/4421 1627/4422
f 1629/4423 1499/4424 1625/4425
f 1625/4426 1499/4427 1627/4428
f 1625/4429 1627/4430 1629/4431
f 1627/4432 1629/4433 1684/4434
f 1627/4432 1684/4434 1510/4435
f 1510/4435 1684/4434 1427/4436
f 1684/4437 1629/4438 1511/4439
f 1684/4437 1511/4439 1596/4440
f 1596/4440 1511/4439 1428/4441
f 1596/4440 1428/4441 1393/4442
f 1596/4440 1393/4442 1557/4443
f 1510/4444 1344/4445 1627/4446
f 1344/4445 1510/4444 1308/4447
f 1308/4447 1510/4444 1427/4448
f 1308/4447 1427/4448 1286/4449
f 1286/4449 1427/4448 1391/4450
f 1684/4451 1596/4452 1427/4453
f 1427/4453 1596/4452 1391/4454
f 1393/4455 1286/4456 1557/4457
f 1557/4457 1286/4456 1391/4458
f 1557/4459 1391/4460 1596/4461
f 1666/4462 1665/4463 1587/4464
f 1666/4462 1587/4464 1588/4465
f 1587/4466 1665/4467 1796/4468
f 1796/4468 1665/4467 1824/4469
f 1824/4469 1665/4467 1790/4470
f 1824/4469 1790/4470 1874/4471
f 1874/4471 1790/4470 1915/4472
f 1874/4471 1915/4472 1919/4473
f 1919/4473 1915/4472 1959/4474
f 1919/4473 1959/4474 1963/4475
f 1588/4476 1587/4477 1797/4478
f 1797/4478 1587/4477 1796/4479
f 1588/4480 1797/4481 1666/4482
f 1666/4482 1797/4481 1825/4483
f 1666/4482 1825/4483 1791/4484
f 1791/4484 1825/4483 1876/4485
f 1791/4484 1876/4485 1916/4486
f 1916/4486 1876/4485 1920/4487
f 1916/4486 1920/4487 1964/4488
f 1916/4486 1964/4488 1960/4489
f 1797/4490 1796/4491 1825/4492
f 1825/4492 1796/4491 1824/4493
f 1790/4494 1665/4495 1666/4496
f 1790/4494 1666/4496 1791/4497
f 1876/4498 1825/4499 1824/4500
f 1876/4498 1824/4500 1874/4501
f 1876/4498 1874/4501 1920/4502
f 1920/4502 1874/4501 1919/4503
f 1920/4502 1919/4503 1964/4504
f 1964/4504 1919/4503 1963/4505
f 1790/4506 1791/4507 1915/4508
f 1915/4508 1791/4507 1916/4509
f 1915/4508 1916/4509 1960/4510
f 1915/4508 1960/4510 1959/4511
f 1959/4512 1960/4513 1964/4514
f 1959/4512 1964/4514 1963/4515
f 1161/4516 1313/4517 1390/4518
f 1161/4516 1390/4518 1176/4519
f 1176/4519 1390/4518 1389/4520
f 1176/4519 1389/4520 1233/4521
f 1389/4520 1390/4518 1636/4522
f 1636/4522 1390/4518 1637/4523
f 1390/4524 1313/4525 1637/4526
f 1637/4526 1313/4525 1518/4527
f 1637/4526 1518/4527 1599/4528
f 1599/4528 1518/4527 1471/4529
f 1313/4530 1161/4531 1211/4532
f 1211/4532 1161/4531 1195/4533
f 1313/4530 1211/4532 1314/4534
f 1195/4533 1161/4531 1150/4535
f 1313/4530 1314/4534 1518/4536
f 1195/4533 1150/4535 1268/4537
f 1518/4536 1314/4534 1438/4538
f 1268/4537 1150/4535 1269/4539
f 1518/4536 1438/4538 1471/4540
f 1268/4537 1269/4539 1395/4541
f 1395/4541 1269/4539 1471/4540
f 1395/4541 1471/4540 1438/4538
f 1161/4542 1176/4543 1150/4544
f 1150/4544 1176/4543 1163/4545
f 1636/4546 1637/4547 1639/4548
f 1639/4548 1637/4547 1599/4549
f 1639/4550 1599/4551 1356/4552
f 1356/4552 1599/4551 1292/4553
f 1292/4553 1599/4551 1471/4554
f 1292/4553 1471/4554 1269/4555
f 1356/4556 1292/4557 1212/4558
f 1212/4558 1292/4557 1163/4559
f 1292/4560 1269/4561 1163/4562
f 1163/4562 1269/4561 1150/4563
f 1163/4564 1176/4565 1233/4566
f 1163/4564 1233/4566 1212/4567
f 1212/4568 1233/4569 1288/4570
f 1212/4568 1288/4570 1264/4571
f 1212/4568 1264/4571 1356/4572
f 1288/4570 1233/4569 1392/4573
f 1392/4573 1233/4569 1389/4574
f 1392/4573 1389/4574 1558/4575
f 1558/4575 1389/4574 1636/4576
f 1558/4575 1636/4576 1519/4577
f 1519/4577 1636/4576 1639/4578
f 1355/4579 1639/4578 1356/4572
f 1639/4578 1355/4579 1519/4577
f 1288/4580 1392/4581 1349/4582
f 1288/4580 1349/4582 1262/4583
f 1356/4584 1264/4585 1355/4586
f 1355/4586 1264/4585 1265/4587
f 1355/4586 1265/4587 1320/4588
f 1265/4587 1264/4585 1262/4589
f 1262/4589 1264/4585 1288/4590
f 1262/4591 1349/4592 1314/4593
f 1262/4594 1314/4595 1211/4596
f 1262/4597 1211/4598 1265/4599
f 1265/4599 1211/4598 1195/4600
f 1265/4599 1195/4600 1320/4601
f 1320/4601 1195/4600 1268/4602
f 1314/4603 1349/4604 1438/4605
f 1438/4605 1349/4604 1437/4606
f 1437/4607 1349/4608 1392/4609
f 1437/4607 1392/4609 1558/4610
f 1438/4611 1437/4612 1395/4613
f 1395/4613 1437/4612 1441/4614
f 1441/4615 1268/4616 1395/4617
f 1268/4616 1441/4615 1320/4618
f 1320/4618 1441/4615 1519/4619
f 1355/4620 1320/4621 1519/4622
f 1519/4623 1441/4624 1558/4625
f 1558/4625 1441/4624 1437/4626
f 1351/4627 1289/4628 1290/4629
f 1351/4627 1290/4629 1352/4630
f 1289/4631 1351/4632 1353/4633
f 1289/4631 1353/4633 1235/4634
f 1351/4635 1352/4636 1394/4637
f 1351/4635 1394/4637 1353/4638
f 1353/4638 1394/4637 1358/4639
f 1358/4639 1394/4637 1398/4640
f 1358/4639 1398/4640 1326/4641
f 1326/4641 1398/4640 1399/4642
f 1326/4641 1399/4642 1361/4643
f 1326/4641 1361/4643 1293/4644
f 1394/4645 1352/4646 1290/4647
f 1394/4645 1290/4647 1291/4648
f 1394/4645 1291/4648 1238/4649
f 1394/4645 1238/4649 1398/4650
f 1398/4650 1238/4649 1197/4651
f 1398/4650 1197/4651 1399/4652
f 1399/4652 1197/4651 1361/4653
f 1361/4653 1197/4651 1199/4654
f 1290/4655 1289/4656 1235/4657
f 1290/4655 1235/4657 1291/4658
f 1291/4658 1235/4657 1215/4659
f 1235/4660 1353/4661 1358/4662
f 1235/4660 1358/4662 1215/4663
f 1291/4664 1215/4665 1238/4666
f 1238/4666 1215/4665 1165/4667
f 1238/4666 1165/4667 1197/4668
f 1197/4668 1165/4667 1166/4669
f 1197/4668 1166/4669 1199/4670
f 1358/4671 1326/4672 1215/4673
f 1215/4673 1326/4672 1165/4674
f 1166/4675 1165/4676 1326/4677
f 1166/4675 1326/4677 1293/4678
f 1361/4679 1199/4680 1166/4681
f 1361/4679 1166/4681 1293/4682
f 634/4683 754/4684 755/4685
f 634/4683 755/4685 709/4686
f 634/4683 709/4686 663/4687
f 634/4683 663/4687 589/4688
f 634/4683 589/4688 533/4689
f 754/4684 634/4683 708/4690
f 708/4690 634/4683 660/4691
f 660/4691 634/4683 525/4692
f 708/4690 660/4691 772/4693
f 708/4690 772/4693 773/4694
f 772/4693 660/4691 707/4695
f 660/4691 525/4692 602/4696
f 660/4691 602/4696 707/4695
f 602/4696 525/4692 486/4697
f 707/4695 602/4696 661/4698
f 661/4698 602/4696 648/4699
f 602/4696 486/4697 491/4700
f 648/4699 602/4696 604/4701
f 604/4701 602/4696 491/4700
f 604/4701 491/4700 568/4702
f 634/4703 533/4704 380/4705
f 380/4705 533/4704 428/4706
f 634/4703 380/4705 525/4707
f 380/4708 428/4709 372/4710
f 486/4711 525/4712 103/4713
f 486/4711 103/4713 491/4714
f 103/4713 525/4712 380/4715
f 103/4713 380/4715 217/4716
f 103/4713 217/4716 1133/4717
f 217/4716 380/4715 279/4718
f 568/4719 491/4720 243/4721
f 243/4722 491/4723 103/4724
f 243/4722 103/4724 76/4725
f 76/4725 103/4724 1173/4726
f 279/4727 380/4728 372/4729
f 279/4727 372/4729 326/4730
f 279/4727 326/4730 282/4731
f 279/4727 282/4731 235/4732
f 279/4727 235/4732 217/4733
f 217/4733 235/4732 180/4734
f 217/4733 180/4734 85/4735
f 217/4736 85/4737 1143/4738
f 1143/4738 85/4737 14/4739
f 217/4740 1143/4741 1133/4742
f 1133/4742 1143/4741 1376/4743
f 1133/4742 1376/4743 1613/4744
f 1208/4745 1376/4746 1143/4747
f 1133/4748 1613/4749 1699/4750
f 1133/4748 1699/4750 1580/4751
f 1133/4752 1580/4753 1280/4754
f 1133/4755 1280/4756 103/4757
f 103/4757 1280/4756 1301/4758
f 103/4757 1301/4758 1300/4759
f 103/4757 1300/4759 1173/4760
f 1280/4761 1580/4762 1848/4763
f 1280/4764 1848/4765 1928/4766
f 1280/4764 1928/4766 1905/4767
f 1280/4764 1905/4767 1747/4768
f 1280/4764 1747/4768 1301/4769
f 1746/4770 1904/4771 1301/4772
f 1301/4772 1904/4771 1300/4773
f 1300/4773 1904/4771 1927/4774
f 1300/4773 1927/4774 1745/4775
f 1745/4775 1927/4774 1913/4776
f 1745/4775 1913/4776 1847/4777
f 1745/4775 1847/4777 1652/4778
f 1745/4775 1652/4778 1300/4773
f 1300/4773 1652/4778 1173/4779
f 1173/4779 1652/4778 1822/4780
f 1173/4779 1822/4780 1787/4781
f 1173/4779 1787/4781 1653/4782
f 1173/4779 1653/4782 1416/4783
f 1173/4779 1416/4783 1192/4784
f 1173/4779 1192/4784 76/4785
f 76/4785 1192/4784 1118/4786
f 76/4785 1118/4786 42/4787
f 76/4785 42/4787 78/4788
f 76/4785 78/4788 168/4789
f 168/4789 78/4788 129/4790
f 76/4785 168/4789 243/4791
f 243/4791 168/4789 253/4792
f 168/4793 129/4794 194/4795
f 168/4793 194/4795 253/4796
f 379/4797 292/4798 243/4799
f 292/4798 379/4797 426/4800
f 292/4798 426/4800 324/4801
f 324/4801 426/4800 350/4802
f 426/4800 379/4797 511/4803
f 511/4803 379/4797 475/4804
f 426/4800 511/4803 429/4805
f 426/4800 429/4805 350/4802
f 350/4802 429/4805 430/4806
f 430/4806 429/4805 466/4807
f 466/4807 429/4805 496/4808
f 243/4809 292/4810 475/4811
f 475/4811 292/4810 324/4812
f 475/4811 324/4812 511/4813
f 511/4813 324/4812 350/4814
f 511/4813 350/4814 512/4815
f 512/4815 350/4814 362/4816
f 512/4815 362/4816 382/4817
f 512/4815 382/4817 466/4818
f 512/4815 466/4818 496/4819
f 466/4818 382/4817 430/4820
f 243/4821 475/4822 379/4823
f 511/4824 512/4825 429/4826
f 429/4827 512/4828 496/4829
f 350/4830 430/4831 382/4832
f 350/4833 382/4834 362/4835
f 904/4836 905/4837 911/4838
f 905/4839 904/4840 894/4841
f 905/4842 894/4843 879/4844
f 905/4845 879/4846 895/4847
f 894/4848 904/4849 852/4850
f 894/4848 852/4850 879/4851
f 879/4851 852/4850 812/4852
f 852/4850 904/4849 878/4853
f 812/4852 852/4850 774/4854
f 774/4854 852/4850 878/4853
f 774/4854 878/4853 824/4855
f 812/4856 774/4857 710/4858
f 774/4859 824/4860 652/4861
f 652/4861 824/4860 711/4862
f 652/4861 711/4862 498/4863
f 498/4863 711/4862 590/4864
f 498/4863 590/4864 375/4865
f 375/4865 590/4864 447/4866
f 774/4867 652/4868 710/4869
f 710/4869 652/4868 558/4870
f 558/4870 652/4868 498/4871
f 558/4870 498/4871 418/4872
f 418/4872 498/4871 332/4873
f 332/4873 498/4871 375/4874
f 332/4875 375/4876 323/4877
f 323/4877 375/4876 447/4878
f 323/4879 447/4880 376/4881
f 323/4879 376/4881 341/4882
f 376/4881 447/4880 514/4883
f 341/4882 376/4881 469/4884
f 469/4884 376/4881 514/4883
f 469/4884 514/4883 690/4885
f 469/4884 690/4885 636/4886
f 636/4886 690/4885 813/4887
f 636/4886 813/4887 758/4888
f 514/4889 447/4890 611/4891
f 514/4889 611/4891 690/4892
f 690/4892 611/4891 728/4893
f 690/4892 728/4893 866/4894
f 690/4892 866/4894 813/4895
f 813/4895 866/4894 912/4896
f 758/4897 813/4898 887/4899
f 887/4899 813/4898 912/4900
f 758/4897 887/4899 865/4901
f 887/4899 912/4900 942/4902
f 865/4901 887/4899 903/4903
f 903/4903 887/4899 942/4902
f 903/4903 942/4902 947/4904
f 903/4903 947/4904 948/4905
f 903/4906 948/4907 933/4908
f 1047/4909 1048/4910 1012/4911
f 1012/4911 1048/4910 1049/4912
f 1047/4909 1012/4911 1011/4913
f 1012/4911 1049/4912 1013/4914
f 1013/4914 1049/4912 1040/4915
f 1011/4913 1012/4911 934/4916
f 934/4916 1012/4911 1013/4914
f 934/4916 1013/4914 935/4917
f 934/4916 935/4917 826/4918
f 1011/4913 934/4916 921/4919
f 934/4916 826/4918 814/4920
f 934/4916 814/4920 921/4919
f 921/4919 814/4920 800/4921
f 1048/4922 1047/4923 1031/4924
f 1048/4922 1031/4924 1049/4925
f 1049/4925 1031/4924 1040/4926
f 1040/4926 1031/4924 1013/4927
f 1013/4927 1031/4924 1011/4928
f 1013/4927 1011/4928 921/4929
f 1013/4927 921/4929 935/4930
f 935/4930 921/4929 800/4931
f 935/4930 800/4931 826/4932
f 826/4932 800/4931 642/4933
f 826/4932 642/4933 472/4934
f 1047/4935 1011/4936 1031/4937
f 800/4938 814/4939 655/4940
f 800/4938 655/4940 642/4941
f 642/4941 655/4940 472/4942
f 655/4940 814/4939 667/4943
f 655/4940 667/4943 485/4944
f 667/4943 814/4939 826/4945
f 667/4946 826/4947 485/4948
f 655/4949 485/4950 826/4951
f 826/4952 472/4953 655/4954
f 547/4955 627/4956 669/4957
f 547/4955 669/4957 471/4958
f 547/4955 471/4958 440/4959
f 627/4960 547/4961 357/4962
f 357/4962 547/4961 440/4963
f 627/4960 357/4962 669/4964
f 669/4964 357/4962 318/4965
f 669/4964 318/4965 295/4966
f 669/4964 295/4966 616/4967
f 440/4968 471/4969 357/4970
f 357/4971 471/4972 318/4973
f 318/4974 471/4975 295/4976
f 471/4977 669/4978 421/4979
f 421/4979 669/4978 616/4980
f 471/4977 421/4979 295/4981
f 421/4979 616/4980 516/4982
f 295/4981 421/4979 275/4983
f 421/4979 516/4982 331/4984
f 421/4979 331/4984 275/4983
f 275/4983 331/4984 231/4985
f 616/4986 295/4987 275/4988
f 616/4986 275/4988 516/4989
f 516/4989 275/4988 231/4990
f 516/4989 231/4990 192/4991
f 192/4992 231/4993 331/4994
f 192/4992 331/4994 265/4995
f 265/4995 331/4994 390/4996
f 390/4996 331/4994 516/4997
f 516/4998 192/4999 265/5000
f 516/5001 265/5002 390/5003
f 268/5004 265/5005 201/5006
f 268/5004 201/5006 173/5007
f 268/5004 173/5007 263/5008
f 263/5008 173/5007 141/5009
f 263/5008 141/5009 241/5010
f 141/5009 173/5007 40/5011
f 40/5011 173/5007 75/5012
f 201/5013 265/5014 101/5015
f 201/5013 101/5015 75/5016
f 201/5013 75/5016 173/5017
f 101/5018 265/5019 268/5020
f 101/5018 268/5020 263/5021
f 101/5018 263/5021 75/5022
f 75/5022 263/5021 241/5023
f 75/5022 241/5023 40/5024
f 141/5025 40/5026 29/5027
f 141/5025 29/5027 100/5028
f 141/5025 100/5028 241/5029
f 100/5028 29/5027 49/5030
f 241/5029 100/5028 178/5031
f 100/5028 49/5030 77/5032
f 100/5028 77/5032 178/5031
f 178/5031 77/5032 110/5033
f 29/5034 40/5035 241/5036
f 29/5034 241/5036 178/5037
f 29/5034 178/5037 110/5038
f 29/5034 110/5038 49/5039
f 49/5040 110/5041 77/5042
f 8/5043 37/5044 81/5045
f 37/5046 8/5047 1114/5048
f 37/5046 1114/5048 1124/5049
f 8/5050 81/5051 28/5052
f 28/5052 81/5051 125/5053
f 8/5050 28/5052 1114/5054
f 1114/5054 28/5052 1124/5055
f 1124/5055 28/5052 55/5056
f 1124/5055 55/5056 1112/5057
f 37/5058 1124/5059 1112/5060
f 37/5058 1112/5060 81/5061
f 81/5061 1112/5060 125/5062
f 125/5062 1112/5060 211/5063
f 211/5063 1112/5060 4/5064
f 211/5063 4/5064 38/5065
f 211/5063 38/5065 238/5066
f 28/5067 125/5068 55/5069
f 55/5069 125/5068 211/5070
f 55/5069 211/5070 107/5071
f 55/5069 107/5071 1112/5072
f 1112/5072 107/5071 4/5073
f 107/5071 211/5070 150/5074
f 107/5071 150/5074 4/5073
f 150/5074 211/5070 238/5075
f 4/5073 150/5074 38/5076
f 150/5077 238/5078 222/5079
f 222/5080 238/5081 38/5082
f 222/5080 38/5082 47/5083
f 222/5080 47/5083 152/5084
f 38/5085 150/5086 140/5087
f 140/5087 150/5086 222/5088
f 38/5085 140/5087 47/5089
f 140/5087 222/5088 152/5090
f 140/5087 152/5090 47/5089
f 138/5091 30/5092 91/5093
f 91/5093 30/5092 57/5094
f 57/5095 30/5096 41/5097
f 138/5098 91/5099 104/5100
f 138/5098 104/5100 122/5101
f 104/5100 91/5099 64/5102
f 64/5102 91/5099 57/5103
f 64/5102 57/5103 105/5104
f 105/5104 57/5103 92/5105
f 105/5104 92/5105 131/5106
f 131/5106 92/5105 139/5107
f 122/5108 104/5109 51/5110
f 51/5110 104/5109 33/5111
f 33/5111 104/5109 64/5112
f 51/5110 33/5111 1167/5113
f 51/5110 1167/5113 1138/5114
f 1167/5113 33/5111 1202/5115
f 1202/5115 33/5111 1/5116
f 1/5116 33/5111 53/5117
f 57/5118 41/5119 92/5120
f 92/5120 41/5119 139/5121
f 105/5122 131/5123 52/5124
f 105/5122 52/5124 34/5125
f 105/5122 34/5125 64/5126
f 34/5125 52/5124 1168/5127
f 1168/5127 52/5124 1139/5128
f 34/5125 1168/5127 1203/5129
f 34/5125 1203/5129 2/5130
f 34/5125 2/5130 53/5131
f 54/5132 33/5133 64/5134
f 54/5135 64/5136 34/5137
f 33/5138 54/5139 53/5140
f 53/5140 54/5139 34/5141
f 1167/5142 1202/5143 1411/5144
f 1167/5142 1411/5144 1371/5145
f 1371/5145 1411/5144 1530/5146
f 1371/5145 1530/5146 1529/5147
f 1203/5148 1168/5149 1412/5150
f 1412/5150 1168/5149 1372/5151
f 1412/5150 1372/5151 1531/5152
f 1531/5152 1372/5151 1532/5153
f 1532/5153 1372/5151 1273/5154
f 1138/5155 1167/5156 1371/5157
f 1138/5155 1371/5157 1272/5158
f 1272/5158 1371/5157 1529/5159
f 1272/5160 1529/5161 1413/5162
f 1168/5163 1139/5164 1372/5165
f 1372/5165 1139/5164 1273/5166
f 1532/5167 1273/5168 1414/5169
f 818/5170 899/5171 792/5172
f 792/5172 899/5171 881/5173
f 792/5172 881/5173 841/5174
f 841/5174 881/5173 907/5175
f 792/5172 841/5174 714/5176
f 792/5172 714/5176 407/5177
f 899/5178 818/5179 841/5180
f 841/5180 818/5179 714/5181
f 714/5181 818/5179 670/5182
f 714/5181 670/5182 596/5183
f 714/5181 596/5183 407/5184
f 881/5185 899/5186 915/5187
f 881/5185 915/5187 907/5188
f 907/5188 915/5187 901/5189
f 907/5188 901/5189 910/5190
f 907/5188 910/5190 883/5191
f 907/5188 883/5191 841/5192
f 915/5193 899/5194 883/5195
f 883/5195 899/5194 841/5196
f 915/5193 883/5195 901/5197
f 901/5197 883/5195 886/5198
f 910/5199 901/5200 886/5201
f 910/5202 886/5203 883/5204
f 792/5205 407/5206 596/5207
f 792/5205 596/5207 818/5208
f 596/5209 670/5210 818/5211
f 737/5212 786/5213 705/5214
f 705/5214 786/5213 769/5215
f 769/5215 786/5213 771/5216
f 769/5215 771/5216 753/5217
f 737/5218 705/5219 582/5220
f 737/5218 582/5220 599/5221
f 599/5221 582/5220 408/5222
f 408/5222 582/5220 506/5223
f 506/5223 582/5220 705/5219
f 506/5223 705/5219 644/5224
f 408/5225 506/5226 599/5227
f 599/5227 506/5226 644/5228
f 599/5227 644/5228 737/5229
f 737/5230 644/5231 786/5232
f 786/5232 644/5231 722/5233
f 786/5232 722/5233 741/5234
f 786/5232 741/5234 771/5235
f 771/5235 741/5234 753/5236
f 644/5237 705/5238 722/5239
f 722/5239 705/5238 769/5240
f 741/5241 722/5242 769/5243
f 741/5241 769/5243 753/5244
f 730/5245 702/5246 716/5247
f 716/5248 702/5249 717/5250
f 716/5251 717/5252 704/5253
f 704/5254 717/5255 702/5256
f 716/5257 704/5258 687/5259
f 687/5260 704/5261 702/5262
f 730/5263 716/5264 697/5265
f 697/5265 716/5264 700/5266
f 697/5265 700/5266 668/5267
f 716/5268 687/5269 700/5270
f 687/5271 702/5272 657/5273
f 657/5273 702/5272 615/5274
f 657/5273 615/5274 619/5275
f 615/5274 702/5272 656/5276
f 687/5277 657/5278 700/5279
f 700/5280 657/5281 620/5282
f 620/5283 657/5284 619/5285
f 700/5286 620/5287 668/5288
f 668/5289 620/5290 619/5291
f 668/5289 619/5291 615/5292
f 668/5293 615/5294 697/5295
f 697/5295 615/5294 656/5296
f 697/5295 656/5296 682/5297
f 697/5295 682/5297 730/5298
f 656/5299 702/5300 730/5301
f 730/5302 682/5303 656/5304
f 358/5305 537/5306 374/5307
f 358/5305 374/5307 240/5308
f 240/5308 374/5307 289/5309
f 537/5310 358/5311 594/5312
f 537/5310 594/5312 641/5313
f 594/5314 358/5315 240/5316
f 374/5317 537/5318 500/5319
f 500/5319 537/5318 641/5320
f 374/5317 500/5319 289/5321
f 289/5321 500/5319 322/5322
f 322/5322 500/5319 353/5323
f 353/5323 500/5319 481/5324
f 641/5325 594/5326 580/5327
f 641/5325 580/5327 500/5328
f 500/5328 580/5327 481/5329
f 481/5329 580/5327 448/5330
f 448/5330 580/5327 518/5331
f 594/5332 240/5333 538/5334
f 594/5335 538/5336 580/5337
f 580/5337 538/5336 518/5338
f 240/5339 289/5340 538/5341
f 289/5342 322/5343 538/5344
f 538/5344 322/5343 353/5345
f 481/5346 448/5347 353/5348
f 353/5348 448/5347 354/5349
f 518/5350 538/5351 436/5352
f 518/5353 436/5354 448/5355
f 448/5355 436/5354 393/5356
f 538/5357 353/5358 354/5359
f 538/5357 354/5359 436/5360
f 436/5360 354/5359 342/5361
f 448/5362 393/5363 354/5364
f 354/5364 393/5363 342/5365
f 393/5366 436/5367 342/5368
f 417/5369 315/5370 341/5371
f 341/5371 315/5370 274/5372
f 315/5370 417/5369 329/5373
f 274/5372 315/5370 221/5374
f 315/5370 329/5373 237/5375
f 221/5374 315/5370 228/5376
f 228/5376 315/5370 237/5375
f 341/5377 274/5378 202/5379
f 202/5379 274/5378 221/5380
f 341/5381 202/5382 221/5383
f 341/5384 221/5385 417/5386
f 417/5386 221/5385 228/5387
f 417/5386 228/5387 431/5388
f 431/5388 228/5387 237/5389
f 329/5390 417/5391 431/5392
f 329/5390 431/5392 384/5393
f 329/5390 384/5393 314/5394
f 329/5390 314/5394 237/5395
f 314/5394 384/5393 330/5396
f 237/5395 314/5394 247/5397
f 314/5394 330/5396 294/5398
f 247/5397 314/5394 254/5399
f 254/5399 314/5394 294/5398
f 384/5400 431/5401 237/5402
f 384/5400 237/5402 247/5403
f 384/5400 247/5403 254/5404
f 384/5400 254/5404 330/5405
f 294/5406 330/5407 304/5408
f 294/5406 304/5408 273/5409
f 294/5406 273/5409 255/5410
f 294/5406 255/5410 254/5411
f 304/5412 330/5413 254/5414
f 273/5415 304/5416 254/5417
f 255/5418 273/5419 254/5420
f 188/5421 139/5422 252/5423
f 188/5421 252/5423 266/5424
f 139/5422 188/5421 58/5425
f 58/5425 188/5421 65/5426
f 252/5427 139/5428 266/5429
f 266/5429 139/5428 65/5430
f 65/5430 139/5428 58/5431
f 266/5429 65/5430 249/5432
f 249/5432 65/5430 27/5433
f 188/5434 266/5435 145/5436
f 188/5434 145/5436 65/5437
f 65/5437 145/5436 27/5438
f 27/5438 145/5436 1140/5439
f 145/5436 266/5435 249/5440
f 1140/5439 145/5436 72/5441
f 72/5441 145/5436 249/5440
f 72/5441 249/5440 187/5442
f 27/5443 1140/5444 249/5445
f 249/5445 1140/5444 187/5446
f 187/5446 1140/5444 114/5447
f 114/5447 1140/5444 39/5448
f 39/5448 1140/5444 1186/5449
f 39/5448 1186/5449 1172/5450
f 39/5448 1172/5450 1125/5451
f 72/5452 187/5453 114/5454
f 72/5452 114/5454 39/5455
f 72/5452 39/5455 1125/5456
f 72/5452 1125/5456 1140/5457
f 1140/5457 1125/5456 1186/5458
f 1186/5458 1125/5456 1172/5459
f 659/5460 630/5461 673/5462
f 630/5461 659/5460 545/5463
f 545/5463 659/5460 569/5464
f 659/5465 673/5466 647/5467
f 659/5465 647/5467 603/5468
f 647/5469 673/5470 630/5471
f 647/5472 630/5473 606/5474
f 647/5475 606/5476 603/5477
f 606/5478 630/5479 550/5480
f 550/5480 630/5479 442/5481
f 550/5480 442/5481 494/5482
f 442/5481 630/5479 545/5483
f 442/5481 545/5483 397/5484
f 606/5485 550/5486 603/5487
f 603/5487 550/5486 531/5488
f 603/5487 531/5488 529/5489
f 603/5487 529/5489 569/5490
f 659/5491 603/5492 569/5493
f 531/5494 550/5495 494/5496
f 531/5497 494/5498 529/5499
f 529/5499 494/5498 493/5500
f 529/5501 493/5502 569/5503
f 569/5503 493/5502 508/5504
f 569/5503 508/5504 545/5505
f 545/5505 508/5504 476/5506
f 508/5504 493/5502 460/5507
f 460/5507 493/5502 397/5508
f 493/5509 494/5510 442/5511
f 442/5512 397/5513 493/5514
f 545/5515 476/5516 397/5517
f 508/5518 460/5519 476/5520
f 476/5520 460/5519 397/5521
f 1243/5522 1697/5523 1739/5524
f 1739/5524 1697/5523 2179/5525
f 2179/5525 1697/5523 2207/5526
f 2179/5525 2207/5526 2293/5527
f 2293/5527 2207/5526 2340/5528
f 1739/5529 2179/5530 2293/5531
f 1739/5529 2293/5531 2309/5532
f 2364/5533 2309/5532 2340/5534
f 2309/5532 2364/5533 2271/5535
f 2309/5532 2271/5535 1739/5529
f 2271/5535 2364/5533 2314/5536
f 1739/5529 2271/5535 2121/5537
f 2121/5537 2271/5535 2314/5536
f 1739/5529 2121/5537 1484/5538
f 2121/5537 2314/5536 2141/5539
f 1484/5538 2121/5537 1455/5540
f 2121/5537 2141/5539 1821/5541
f 2121/5537 1821/5541 1455/5540
f 1821/5541 2141/5539 1696/5542
f 1455/5540 1821/5541 1453/5543
f 2207/5544 1697/5545 1732/5546
f 2207/5544 1732/5546 2176/5547
f 2207/5544 2176/5547 2340/5548
f 2340/5548 2176/5547 2288/5549
f 2340/5548 2288/5549 2364/5550
f 2364/5550 2288/5549 2316/5551
f 1732/5552 1697/5553 1243/5554
f 2176/5555 1732/5556 2288/5557
f 2288/5557 1732/5556 1482/5558
f 1482/5558 1732/5556 1243/5559
f 2288/5557 1482/5558 2316/5560
f 2316/5560 1482/5558 2270/5561
f 2270/5561 1482/5558 2113/5562
f 2113/5562 1482/5558 1410/5563
f 2113/5562 1410/5563 1479/5564
f 2113/5562 1479/5564 1725/5565
f 2293/5566 2340/5567 2309/5568
f 1484/5569 1243/5570 1739/5571
f 1243/5570 1484/5569 1201/5572
f 1201/5572 1484/5569 1455/5573
f 2364/5574 2316/5575 2314/5576
f 2314/5576 2316/5575 2270/5577
f 2314/5576 2270/5577 2141/5578
f 2141/5578 2270/5577 2113/5579
f 2141/5580 2113/5581 1696/5582
f 1696/5583 2113/5584 1725/5585
f 1821/5586 1696/5587 1270/5588
f 1270/5589 1696/5590 1725/5591
f 1270/5589 1725/5591 1479/5592
f 1270/5589 1479/5592 1201/5593
f 1201/5593 1479/5592 1410/5594
f 1201/5593 1410/5594 1243/5595
f 1243/5595 1410/5594 1482/5596
f 1453/5597 1821/5598 1270/5599
f 1455/5600 1453/5601 1457/5602
f 1457/5603 1453/5604 1270/5605
f 1457/5603 1270/5605 1201/5606
f 1201/5607 1455/5608 1457/5609
f 1527/5610 1577/5611 1334/5612
f 1527/5613 1334/5614 1271/5615
f 1271/5616 1334/5617 1576/5618
f 1271/5616 1576/5618 1481/5619
f 1576/5620 1334/5621 1870/5622
f 1870/5622 1334/5621 1785/5623
f 1576/5620 1870/5622 2096/5624
f 1527/5625 1271/5626 1369/5627
f 1527/5625 1369/5627 1820/5628
f 1820/5628 1369/5627 1724/5629
f 1785/5630 1334/5631 1577/5632
f 1785/5630 1577/5632 1843/5633
f 2096/5634 1870/5635 1785/5636
f 1481/5637 1576/5638 2096/5639
f 1271/5640 1481/5641 1369/5642
f 1369/5642 1481/5641 1608/5643
f 1369/5642 1608/5643 1724/5644
f 1608/5643 1481/5641 2096/5645
f 1608/5643 2096/5645 2251/5646
f 2086/5647 1819/5648 1608/5643
f 2086/5647 1608/5643 2198/5649
f 2198/5649 1608/5643 2331/5650
f 2331/5650 1608/5643 2251/5646
f 2331/5650 2251/5646 2333/5651
f 2333/5651 2251/5646 2114/5652
f 2331/5650 2333/5651 2377/5653
f 2096/5654 1785/5655 2114/5656
f 1527/5657 1820/5658 2087/5659
f 1527/5660 2087/5661 1577/5662
f 1577/5662 2087/5661 2206/5663
f 2206/5663 2087/5661 2095/5664
f 1577/5662 2206/5663 1843/5665
f 1843/5665 2206/5663 2115/5666
f 2206/5663 2095/5664 2286/5667
f 2206/5663 2286/5667 2340/5668
f 2340/5668 2286/5667 2377/5669
f 1820/5670 1724/5671 2087/5672
f 1785/5673 1843/5674 2114/5675
f 2114/5675 1843/5674 2115/5676
f 2114/5675 2115/5676 2333/5677
f 2333/5677 2115/5676 2294/5678
f 2087/5679 1724/5680 2095/5681
f 2095/5682 1724/5683 1819/5684
f 1819/5684 1724/5683 1608/5685
f 2095/5682 1819/5684 2086/5686
f 2095/5687 2086/5688 2286/5689
f 2286/5689 2086/5688 2198/5690
f 2286/5689 2198/5690 2377/5691
f 2377/5691 2198/5690 2331/5692
f 2251/5693 2096/5694 2114/5695
f 2294/5696 2340/5697 2377/5698
f 2294/5696 2377/5698 2333/5699
f 2340/5700 2294/5701 2206/5702
f 2206/5702 2294/5701 2115/5703
f 1591/5704 1619/5705 1535/5706
f 1591/5704 1535/5706 1491/5707
f 1535/5708 1619/5709 1536/5710
f 1536/5710 1619/5709 1620/5711
f 1619/5712 1591/5713 1754/5714
f 1619/5712 1754/5714 1826/5715
f 1535/5716 1536/5717 1670/5718
f 1535/5716 1670/5718 1669/5719
f 1491/5720 1535/5721 1669/5722
f 1591/5723 1491/5724 1500/5725
f 1500/5725 1491/5724 1461/5726
f 1500/5725 1461/5726 1465/5727
f 1465/5727 1461/5726 1462/5728
f 1465/5727 1462/5728 1493/5729
f 1493/5729 1462/5728 1492/5730
f 1493/5729 1492/5730 1620/5731
f 1620/5731 1492/5730 1536/5732
f 1670/5733 1536/5734 1622/5735
f 1622/5735 1536/5734 1492/5736
f 1622/5735 1492/5736 1624/5737
f 1624/5737 1492/5736 1462/5738
f 1754/5739 1591/5740 1678/5741
f 1678/5741 1591/5740 1500/5742
f 1619/5743 1826/5744 1620/5745
f 1620/5745 1826/5744 1795/5746
f 1493/5747 1620/5748 1795/5749
f 1493/5747 1795/5749 1707/5750
f 1493/5751 1707/5752 1465/5753
f 1465/5753 1707/5752 1680/5754
f 1829/5755 1795/5756 1826/5757
f 1795/5756 1829/5755 1800/5758
f 1829/5755 1826/5757 1802/5759
f 1795/5756 1800/5758 1707/5760
f 1802/5759 1826/5757 1754/5761
f 1802/5759 1754/5761 1759/5762
f 1759/5762 1754/5761 1678/5763
f 1707/5760 1800/5758 1755/5764
f 1707/5760 1755/5764 1680/5765
f 1709/5766 1678/5763 1680/5765
f 1709/5766 1680/5765 1755/5764
f 1800/5767 1829/5768 1669/5769
f 1800/5767 1669/5769 1670/5770
f 1669/5771 1829/5772 1621/5773
f 1621/5773 1829/5772 1802/5774
f 1669/5775 1621/5776 1491/5777
f 1491/5777 1621/5776 1461/5778
f 1461/5778 1621/5776 1623/5779
f 1800/5780 1670/5781 1755/5782
f 1755/5782 1670/5781 1622/5783
f 1755/5784 1622/5785 1709/5786
f 1709/5786 1622/5785 1624/5787
f 1465/5788 1680/5789 1500/5790
f 1500/5790 1680/5789 1678/5791
f 1678/5792 1709/5793 1759/5794
f 1759/5795 1709/5796 1624/5797
f 1462/5798 1461/5799 1623/5800
f 1462/5798 1623/5800 1624/5801
f 1624/5801 1623/5800 1759/5802
f 1623/5803 1621/5804 1802/5805
f 1623/5803 1802/5805 1759/5806
f 1667/5807 1589/5808 1798/5809
f 1667/5807 1798/5809 1827/5810
f 1667/5807 1827/5810 1792/5811
f 1792/5811 1827/5810 1877/5812
f 1792/5811 1877/5812 1917/5813
f 1917/5813 1877/5812 1921/5814
f 1917/5813 1921/5814 1961/5815
f 1961/5815 1921/5814 1965/5816
f 1589/5817 1667/5818 1668/5819
f 1589/5817 1668/5819 1590/5820
f 1798/5821 1589/5822 1799/5823
f 1799/5823 1589/5822 1590/5824
f 1590/5825 1668/5826 1799/5827
f 1799/5827 1668/5826 1828/5828
f 1828/5828 1668/5826 1793/5829
f 1828/5828 1793/5829 1878/5830
f 1878/5830 1793/5829 1918/5831
f 1878/5830 1918/5831 1922/5832
f 1922/5832 1918/5831 1966/5833
f 1966/5833 1918/5831 1962/5834
f 1798/5835 1799/5836 1828/5837
f 1798/5835 1828/5837 1827/5838
f 1667/5839 1792/5840 1668/5841
f 1668/5841 1792/5840 1793/5842
f 1828/5843 1878/5844 1827/5845
f 1827/5845 1878/5844 1877/5846
f 1877/5846 1878/5844 1922/5847
f 1877/5846 1922/5847 1921/5848
f 1921/5848 1922/5847 1966/5849
f 1921/5848 1966/5849 1965/5850
f 1793/5851 1792/5852 1917/5853
f 1793/5851 1917/5853 1918/5854
f 1918/5854 1917/5853 1962/5855
f 1962/5855 1917/5853 1961/5856
f 1962/5857 1961/5858 1966/5859
f 1966/5859 1961/5858 1965/5860
f 1538/5861 1377/5862 1417/5863
f 1417/5863 1377/5862 1340/5864
f 1340/5864 1377/5862 1304/5865
f 1304/5865 1377/5862 1339/5866
f 1340/5864 1304/5865 1381/5867
f 1538/5868 1417/5869 1542/5870
f 1538/5868 1542/5870 1756/5871
f 1756/5871 1542/5870 1676/5872
f 1756/5871 1676/5872 1809/5873
f 1809/5873 1676/5872 1712/5874
f 1377/5875 1538/5876 1539/5877
f 1377/5875 1539/5877 1339/5878
f 1539/5877 1538/5876 1757/5879
f 1757/5879 1538/5876 1756/5880
f 1417/5881 1340/5882 1380/5883
f 1417/5884 1380/5885 1419/5886
f 1419/5886 1380/5885 1341/5887
f 1341/5887 1380/5885 1383/5888
f 1417/5889 1419/5890 1542/5891
f 1542/5891 1419/5890 1544/5892
f 1542/5891 1544/5892 1676/5893
f 1676/5893 1544/5892 1677/5894
f 1380/5895 1340/5896 1420/5897
f 1420/5897 1340/5896 1381/5898
f 1380/5899 1420/5900 1383/5901
f 1383/5901 1420/5900 1507/5902
f 1419/5903 1341/5904 1418/5905
f 1419/5903 1418/5905 1544/5906
f 1544/5906 1418/5905 1543/5907
f 1341/5908 1383/5909 1343/5910
f 1418/5911 1341/5912 1281/5913
f 1281/5913 1341/5912 1343/5914
f 1418/5911 1281/5913 1339/5915
f 1418/5911 1339/5915 1543/5916
f 1543/5916 1339/5915 1539/5917
f 1543/5916 1539/5917 1708/5918
f 1708/5918 1539/5917 1757/5919
f 1708/5918 1757/5919 1760/5920
f 1760/5920 1757/5919 1810/5921
f 1343/5922 1383/5923 1509/5924
f 1509/5924 1383/5923 1507/5925
f 1509/5924 1507/5925 1714/5926
f 1507/5927 1420/5928 1504/5929
f 1504/5930 1420/5931 1381/5932
f 1507/5933 1504/5934 1683/5935
f 1507/5936 1683/5937 1714/5938
f 1714/5938 1683/5937 1810/5939
f 1683/5940 1504/5941 1626/5942
f 1683/5940 1626/5942 1760/5943
f 1760/5943 1626/5942 1679/5944
f 1509/5945 1714/5946 1713/5947
f 1509/5945 1713/5947 1508/5948
f 1508/5949 1343/5950 1509/5951
f 1343/5950 1508/5949 1342/5952
f 1343/5953 1342/5954 1281/5955
f 1281/5955 1342/5954 1304/5956
f 1281/5955 1304/5956 1339/5957
f 1304/5958 1342/5959 1381/5960
f 1381/5960 1342/5959 1506/5961
f 1506/5961 1342/5959 1508/5962
f 1506/5963 1508/5964 1682/5965
f 1682/5966 1508/5967 1713/5968
f 1381/5969 1506/5970 1504/5971
f 1504/5971 1506/5970 1626/5972
f 1626/5972 1506/5970 1682/5973
f 1682/5974 1713/5975 1712/5976
f 1626/5977 1682/5978 1679/5979
f 1679/5979 1682/5978 1712/5980
f 1679/5981 1712/5982 1677/5983
f 1677/5983 1712/5982 1676/5984
f 1679/5981 1677/5983 1708/5985
f 1679/5981 1708/5985 1760/5986
f 1683/5987 1760/5988 1810/5989
f 1714/5990 1810/5991 1809/5992
f 1714/5990 1809/5992 1713/5993
f 1809/5992 1810/5991 1756/5994
f 1756/5994 1810/5991 1757/5995
f 1713/5996 1809/5997 1712/5998
f 1543/5999 1708/6000 1677/6001
f 1543/5999 1677/6001 1544/6002
f 1384/6003 1546/6004 1381/6005
f 1546/6004 1384/6003 1345/6006
f 1546/6004 1345/6006 1552/6007
f 1552/6007 1345/6006 1387/6008
f 1552/6007 1387/6008 1554/6009
f 1554/6009 1387/6008 1556/6010
f 1381/6011 1546/6012 1421/6013
f 1421/6013 1546/6012 1547/6014
f 1381/6015 1421/6016 1382/6017
f 1381/6018 1382/6019 1384/6020
f 1384/6020 1382/6019 1385/6021
f 1384/6020 1385/6021 1282/6022
f 1421/6023 1547/6024 1382/6025
f 1382/6025 1547/6024 1385/6026
f 1385/6026 1547/6024 1282/6027
f 1282/6027 1547/6024 1467/6028
f 1282/6027 1467/6028 1388/6029
f 1681/6030 1547/6031 1710/6032
f 1345/6033 1384/6034 1282/6035
f 1345/6033 1282/6035 1256/6036
f 1345/6033 1256/6036 1387/6037
f 1387/6037 1256/6036 1259/6038
f 1387/6037 1259/6038 1432/6039
f 1432/6039 1259/6038 1434/6040
f 1434/6040 1259/6038 1285/6041
f 1552/6042 1547/6043 1546/6044
f 1547/6043 1552/6042 1467/6045
f 1467/6045 1552/6042 1388/6046
f 1256/6047 1282/6048 1388/6049
f 1388/6050 1552/6051 1554/6052
f 1388/6050 1554/6052 1556/6053
f 1388/6050 1556/6053 1311/6054
f 1311/6054 1556/6053 1347/6055
f 1256/6056 1388/6057 1311/6058
f 1256/6059 1311/6060 1259/6061
f 1259/6061 1311/6060 1285/6062
f 1285/6062 1311/6060 1347/6063
f 1387/6064 1432/6065 1556/6066
f 1556/6066 1432/6065 1434/6067
f 1556/6066 1434/6067 1515/6068
f 1285/6069 1347/6070 1434/6071
f 1434/6071 1347/6070 1515/6072
f 1515/6073 1347/6074 1556/6075
f 1214/6076 1193/6077 1162/6078
f 1214/6076 1162/6078 1177/6079
f 1162/6080 1193/6081 1312/6082
f 1312/6082 1193/6081 1346/6083
f 1312/6082 1346/6083 1598/6084
f 1598/6084 1346/6083 1635/6085
f 1193/6086 1214/6087 1266/6088
f 1266/6088 1214/6087 1396/6089
f 1193/6086 1266/6088 1261/6090
f 1396/6089 1214/6087 1442/6091
f 1193/6086 1261/6090 1346/6092
f 1396/6089 1442/6091 1559/6093
f 1346/6092 1261/6090 1348/6094
f 1559/6093 1442/6091 1686/6095
f 1346/6092 1348/6094 1635/6096
f 1559/6093 1686/6095 1517/6097
f 1635/6096 1348/6094 1517/6097
f 1635/6096 1517/6097 1686/6095
f 1162/6098 1312/6099 1260/6100
f 1162/6098 1260/6100 1149/6101
f 1261/6102 1266/6103 1267/6104
f 1261/6102 1267/6104 1234/6105
f 1234/6105 1267/6104 1213/6106
f 1312/6107 1598/6108 1516/6109
f 1312/6107 1516/6109 1260/6110
f 1516/6109 1598/6108 1560/6111
f 1560/6111 1598/6108 1638/6112
f 1348/6113 1261/6114 1234/6115
f 1348/6113 1234/6115 1315/6116
f 1315/6116 1234/6115 1194/6117
f 1315/6116 1194/6117 1287/6118
f 1354/6119 1267/6120 1266/6121
f 1354/6119 1266/6121 1396/6122
f 1354/6119 1396/6122 1470/6123
f 1470/6123 1396/6122 1559/6124
f 1267/6125 1354/6126 1321/6127
f 1321/6127 1354/6126 1440/6128
f 1440/6128 1354/6126 1470/6129
f 1267/6130 1321/6131 1213/6132
f 1321/6133 1440/6134 1560/6135
f 1560/6135 1440/6134 1516/6136
f 1321/6133 1560/6135 1357/6137
f 1321/6133 1357/6137 1213/6138
f 1213/6138 1357/6137 1164/6139
f 1213/6138 1164/6139 1194/6140
f 1194/6140 1164/6139 1149/6141
f 1194/6140 1149/6141 1287/6142
f 1287/6142 1149/6141 1260/6143
f 1436/6144 1260/6143 1516/6136
f 1260/6143 1436/6144 1287/6142
f 1516/6145 1440/6146 1436/6147
f 1436/6148 1440/6149 1470/6150
f 1436/6148 1470/6150 1435/6151
f 1560/6152 1638/6153 1357/6154
f 1357/6154 1638/6153 1397/6155
f 1397/6155 1638/6153 1686/6156
f 1397/6155 1686/6156 1442/6157
f 1638/6158 1598/6159 1635/6160
f 1638/6158 1635/6160 1686/6161
f 1357/6162 1397/6163 1164/6164
f 1164/6164 1397/6163 1177/6165
f 1213/6166 1194/6167 1234/6168
f 1348/6169 1315/6170 1517/6171
f 1517/6172 1315/6173 1435/6174
f 1435/6174 1315/6173 1287/6175
f 1435/6174 1287/6175 1436/6176
f 1517/6177 1435/6178 1559/6179
f 1559/6179 1435/6178 1470/6180
f 1162/6181 1149/6182 1177/6183
f 1177/6183 1149/6182 1164/6184
f 1177/6185 1397/6186 1442/6187
f 1177/6185 1442/6187 1214/6188
f 1237/6189 1322/6190 1318/6191
f 1322/6190 1237/6189 1196/6192
f 1237/6189 1318/6191 1236/6193
f 1236/6193 1318/6191 1316/6194
f 1236/6193 1316/6194 1263/6195
f 1322/6190 1196/6192 1324/6196
f 1324/6196 1196/6192 1198/6197
f 1324/6196 1198/6197 1329/6198
f 1318/6199 1322/6200 1439/6201
f 1318/6199 1439/6201 1316/6202
f 1439/6201 1322/6200 1443/6203
f 1443/6203 1322/6200 1324/6204
f 1443/6203 1324/6204 1520/6205
f 1520/6205 1324/6204 1473/6206
f 1473/6206 1324/6204 1329/6207
f 1316/6208 1439/6209 1350/6210
f 1316/6208 1350/6210 1317/6211
f 1316/6208 1317/6211 1263/6212
f 1317/6213 1350/6214 1439/6215
f 1317/6213 1439/6215 1319/6216
f 1263/6217 1317/6218 1319/6219
f 1263/6217 1319/6219 1236/6220
f 1236/6221 1319/6222 1323/6223
f 1323/6224 1319/6225 1439/6226
f 1236/6227 1323/6228 1237/6229
f 1237/6229 1323/6228 1325/6230
f 1237/6229 1325/6230 1196/6231
f 1439/6232 1443/6233 1323/6234
f 1323/6234 1443/6233 1520/6235
f 1323/6234 1520/6235 1325/6236
f 1325/6237 1520/6238 1328/6239
f 1328/6239 1520/6238 1473/6240
f 1325/6241 1328/6242 1196/6243
f 1473/6244 1329/6245 1328/6246
f 1328/6246 1329/6245 1198/6247
f 1198/6248 1196/6249 1328/6250
f 1858/6251 1550/6252 1306/6253
f 1858/6251 1306/6253 1812/6254
f 1306/6253 1550/6252 1426/6255
f 1306/6253 1426/6255 1255/6256
f 1550/6257 1858/6258 1423/6259
f 1550/6257 1423/6259 1426/6260
f 1423/6259 1858/6258 1551/6261
f 1426/6260 1423/6259 1252/6262
f 1426/6260 1252/6262 1210/6263
f 1426/6260 1210/6263 1255/6264
f 1551/6261 1858/6258 1835/6265
f 1835/6265 1858/6258 2133/6266
f 2133/6266 1858/6258 2134/6267
f 2133/6266 2134/6267 2235/6268
f 2133/6266 2235/6268 2289/6269
f 2133/6266 2289/6269 2236/6270
f 1255/6271 1210/6272 1306/6273
f 1210/6274 1252/6275 1284/6276
f 1284/6277 1252/6278 1423/6279
f 1284/6277 1423/6279 1551/6280
f 1284/6277 1551/6280 1767/6281
f 1767/6281 1551/6280 1835/6282
f 1306/6283 1210/6284 1160/6285
f 1160/6286 1210/6287 1284/6288
f 1306/6289 1160/6290 1257/6291
f 1306/6289 1257/6291 1429/6292
f 1257/6291 1160/6290 1284/6293
f 1257/6291 1284/6293 1513/6294
f 1284/6295 1767/6296 1513/6297
f 1513/6297 1767/6296 1836/6298
f 1836/6298 1767/6296 2138/6299
f 2138/6299 1767/6296 2174/6300
f 2138/6299 2174/6300 2301/6301
f 2138/6299 2301/6301 2240/6302
f 1257/6303 1513/6304 1429/6305
f 1429/6305 1513/6304 1836/6306
f 1429/6305 1836/6306 1595/6307
f 1595/6307 1836/6306 1860/6308
f 1860/6308 1836/6306 2138/6309
f 1306/6310 1429/6311 1595/6312
f 1306/6310 1595/6312 1812/6313
f 1812/6313 1595/6312 1860/6314
f 1812/6313 1860/6314 2172/6315
f 2172/6315 1860/6314 2137/6316
f 2172/6315 2137/6316 2300/6317
f 2300/6317 2137/6316 2239/6318
f 1858/6319 1812/6320 2134/6321
f 2134/6321 1812/6320 2172/6322
f 2134/6321 2172/6322 2235/6323
f 2235/6323 2172/6322 2300/6324
f 2137/6325 1860/6326 2138/6327
f 2137/6325 2138/6327 2240/6328
f 2137/6325 2240/6328 2284/6329
f 2137/6325 2284/6329 2239/6330
f 1835/6331 2133/6332 1767/6333
f 2174/6334 1767/6335 2170/6336
f 2174/6334 2170/6336 2301/6337
f 2170/6338 1767/6339 2133/6340
f 2301/6341 2170/6342 2133/6343
f 2301/6344 2133/6345 2236/6346
f 2240/6347 2301/6348 2284/6349
f 2284/6349 2301/6348 2320/6350
f 2284/6349 2320/6350 2239/6351
f 2239/6351 2320/6350 2300/6352
f 2301/6353 2236/6354 2320/6355
f 2320/6355 2236/6354 2289/6356
f 2320/6355 2289/6356 2300/6357
f 2300/6357 2289/6356 2235/6358
f 1468/6359 1431/6360 1685/6361
f 1468/6359 1685/6361 1769/6362
f 1769/6362 1685/6361 1864/6363
f 1468/6359 1769/6362 1594/6364
f 1685/6365 1431/6366 1469/6367
f 1469/6367 1431/6366 1258/6368
f 1685/6365 1469/6367 1770/6369
f 1685/6365 1770/6369 1864/6370
f 1770/6369 1469/6367 1597/6371
f 1431/6372 1468/6373 1258/6374
f 1258/6374 1468/6373 1307/6375
f 1307/6376 1468/6377 1594/6378
f 1307/6376 1594/6378 1512/6379
f 1512/6379 1594/6378 1769/6380
f 1512/6379 1769/6380 1768/6381
f 1307/6382 1512/6383 1386/6384
f 1258/6385 1307/6386 1310/6387
f 1310/6387 1307/6386 1386/6388
f 1386/6389 1512/6390 1555/6391
f 1555/6391 1512/6390 1768/6392
f 1555/6391 1768/6392 1863/6393
f 1386/6394 1555/6395 1310/6396
f 1310/6396 1555/6395 1433/6397
f 1433/6397 1555/6395 1634/6398
f 1634/6398 1555/6395 1863/6399
f 1433/6397 1634/6398 1597/6400
f 1258/6401 1310/6402 1433/6403
f 1258/6401 1433/6403 1469/6404
f 1469/6404 1433/6403 1597/6405
f 1768/6406 1769/6407 1864/6408
f 1768/6406 1864/6408 1863/6409
f 1863/6409 1864/6408 1770/6410
f 1863/6411 1770/6412 1634/6413
f 1634/6413 1770/6412 1597/6414
f 1885/6415 2151/6416 2154/6417
f 1885/6415 2154/6417 1888/6418
f 1888/6418 2154/6417 2156/6419
f 1888/6418 2156/6419 1890/6420
f 1890/6420 2156/6419 2158/6421
f 1890/6420 2158/6421 1892/6422
f 1892/6422 2158/6421 2161/6423
f 1892/6422 2161/6423 1896/6424
f 2154/6425 2151/6426 2160/6427
f 2154/6425 2160/6427 2156/6428
f 2156/6428 2160/6427 2158/6429
f 2158/6429 2160/6427 2161/6430
f 2160/6431 2151/6432 1885/6433
f 2160/6431 1885/6433 1895/6434
f 1885/6435 1888/6436 1895/6437
f 1895/6437 1888/6436 1890/6438
f 1895/6437 1890/6438 1892/6439
f 1895/6437 1892/6439 1896/6440
f 2161/6441 2160/6442 1896/6443
f 1896/6443 2160/6442 1895/6444
f 1359/6445 1327/6446 1814/6447
f 1327/6448 1359/6449 1200/6450
f 1327/6448 1200/6450 1151/6451
f 1359/6452 1814/6453 1716/6454
f 1359/6452 1716/6454 1401/6455
f 1200/6456 1359/6457 1401/6458
f 1200/6459 1401/6460 1367/6461
f 1367/6461 1401/6460 1692/6462
f 1692/6462 1401/6460 2058/6463
f 2058/6463 1401/6460 1716/6464
f 1692/6462 2058/6463 2059/6465
f 1692/6462 2059/6465 1574/6466
f 2059/6465 2058/6463 2302/6467
f 2302/6467 2058/6463 1716/6464
f 2059/6465 2302/6467 2329/6468
f 2302/6467 1716/6464 2212/6469
f 2212/6469 1716/6464 1814/6470
f 2329/6468 2302/6467 2418/6471
f 2418/6471 2302/6467 2387/6472
f 2387/6472 2302/6467 2353/6473
f 2387/6472 2353/6473 2418/6471
f 2418/6471 2353/6473 2385/6474
f 2385/6474 2353/6473 2241/6475
f 1200/6476 1367/6477 1241/6478
f 1200/6476 1241/6478 1151/6479
f 1241/6478 1367/6477 1692/6480
f 1241/6478 1692/6480 1574/6481
f 1574/6482 2059/6483 2066/6484
f 1574/6482 2066/6484 1606/6485
f 2066/6484 2059/6483 2329/6486
f 2066/6484 2329/6486 2313/6487
f 1241/6488 1574/6489 1606/6490
f 1241/6488 1606/6490 1477/6491
f 1241/6492 1477/6493 1151/6494
f 1151/6495 1477/6496 1219/6497
f 1151/6495 1219/6497 1327/6498
f 1477/6499 1606/6500 1723/6501
f 1723/6501 1606/6500 2066/6502
f 1477/6499 1723/6501 1562/6503
f 1477/6499 1562/6503 1219/6504
f 1219/6504 1562/6503 1327/6505
f 1327/6505 1562/6503 1817/6506
f 1562/6503 1723/6501 2065/6507
f 1562/6503 2065/6507 1817/6506
f 2065/6507 1723/6501 2066/6502
f 1817/6506 2065/6507 2244/6508
f 2065/6507 2066/6502 2303/6509
f 2065/6507 2303/6509 2244/6508
f 2244/6508 2303/6509 2391/6510
f 2303/6509 2066/6502 2313/6511
f 2303/6509 2313/6511 2422/6512
f 1327/6513 1817/6514 1815/6515
f 1815/6515 1817/6514 2243/6516
f 1815/6515 2243/6516 2241/6517
f 2241/6517 2243/6516 2385/6518
f 2243/6516 1817/6514 2244/6519
f 2243/6516 2244/6519 2394/6520
f 2394/6520 2244/6519 2391/6521
f 1327/6522 1815/6523 1814/6524
f 1814/6524 1815/6523 2241/6525
f 1814/6524 2241/6525 2212/6526
f 2212/6526 2241/6525 2353/6527
f 2212/6528 2353/6529 2302/6530
f 2385/6531 2243/6532 2394/6533
f 2418/6534 2385/6535 2394/6536
f 2418/6534 2394/6536 2422/6537
f 2422/6537 2394/6536 2391/6538
f 2329/6539 2418/6540 2422/6541
f 2329/6539 2422/6541 2313/6542
f 2402/6543 2422/6544 2391/6545
f 2422/6544 2402/6543 2303/6546
f 2402/6547 2391/6548 2368/6549
f 2402/6550 2368/6551 2303/6552
f 2303/6553 2368/6554 2391/6555
f 1178/6556 1408/6557 1407/6558
f 1407/6558 1408/6557 1897/6559
f 1897/6559 1408/6557 1898/6560
f 1408/6561 1178/6562 1297/6563
f 1297/6563 1178/6562 1403/6564
f 1403/6564 1178/6562 1216/6565
f 1403/6564 1216/6565 1715/6566
f 1297/6563 1403/6564 1525/6567
f 1297/6563 1525/6567 1408/6561
f 1525/6567 1403/6564 1774/6568
f 1408/6561 1525/6567 1898/6569
f 1525/6567 1774/6568 1909/6570
f 1525/6567 1909/6570 1898/6569
f 1909/6570 1774/6568 2189/6571
f 1898/6569 1909/6570 2269/6572
f 1909/6570 2189/6571 2350/6573
f 2269/6572 1909/6570 2247/6574
f 2247/6574 1909/6570 2350/6573
f 2269/6572 2247/6574 2358/6575
f 2247/6574 2350/6573 2370/6576
f 2247/6574 2370/6576 2358/6575
f 1774/6577 1403/6578 1715/6579
f 1216/6580 1178/6581 1404/6582
f 1216/6580 1404/6582 1444/6583
f 1404/6582 1178/6581 1569/6584
f 1569/6584 1178/6581 1407/6585
f 1569/6584 1407/6585 1924/6586
f 1924/6586 1407/6585 1897/6587
f 1774/6588 1715/6589 2188/6590
f 2188/6590 1715/6589 1771/6591
f 2188/6590 1771/6591 2187/6592
f 1774/6588 2188/6590 2189/6593
f 2189/6593 2188/6590 2386/6594
f 2189/6593 2386/6594 2350/6595
f 1715/6596 1216/6597 1771/6598
f 1771/6598 1216/6597 1444/6599
f 1771/6600 1444/6601 2187/6602
f 2187/6603 1444/6604 1404/6605
f 2187/6603 1404/6605 1569/6606
f 2187/6603 1569/6606 1924/6607
f 2188/6608 2187/6609 2354/6610
f 2354/6611 2187/6612 1924/6613
f 1924/6614 1897/6615 2246/6616
f 1924/6614 2246/6616 2354/6617
f 2354/6617 2246/6616 2369/6618
f 2354/6617 2369/6618 2386/6619
f 2386/6619 2369/6618 2401/6620
f 2401/6620 2369/6618 2357/6621
f 2357/6621 2369/6618 2246/6616
f 2401/6620 2357/6621 2383/6622
f 2383/6622 2357/6621 2246/6616
f 2383/6622 2246/6616 2267/6623
f 2246/6624 1897/6625 2267/6626
f 2267/6626 1897/6625 1898/6627
f 2267/6626 1898/6627 2269/6628
f 2267/6626 2269/6628 2376/6629
f 2188/6630 2354/6631 2386/6632
f 2350/6633 2386/6634 2401/6635
f 2401/6636 2383/6637 2376/6638
f 2376/6639 2383/6640 2267/6641
f 2350/6642 2401/6643 2370/6644
f 2370/6645 2401/6646 2376/6647
f 2370/6645 2376/6647 2358/6648
f 2358/6648 2376/6647 2269/6649
