# Welcome Sign - panneau bois tropical
# Genere par script Python (sans Blender)
mtllib welcome_sign.mtl

v -1.51000 2.90000 -0.00000
v -1.51000 -0.30000 -0.00000
v -1.52719 2.90000 -0.05290
v -1.52719 -0.30000 -0.05290
v -1.57219 2.90000 -0.08560
v -1.57219 -0.30000 -0.08560
v -1.62781 2.90000 -0.08560
v -1.62781 -0.30000 -0.08560
v -1.67281 2.90000 -0.05290
v -1.67281 -0.30000 -0.05290
v -1.69000 2.90000 -0.00000
v -1.69000 -0.30000 -0.00000
v -1.67281 2.90000 0.05290
v -1.67281 -0.30000 0.05290
v -1.62781 2.90000 0.08560
v -1.62781 -0.30000 0.08560
v -1.57219 2.90000 0.08560
v -1.57219 -0.30000 0.08560
v -1.52719 2.90000 0.05290
v -1.52719 -0.30000 0.05290
v -1.60000 2.90000 0.00000
v -1.60000 -0.30000 0.00000
v 1.69000 2.90000 -0.00000
v 1.69000 -0.30000 -0.00000
v 1.67281 2.90000 -0.05290
v 1.67281 -0.30000 -0.05290
v 1.62781 2.90000 -0.08560
v 1.62781 -0.30000 -0.08560
v 1.57219 2.90000 -0.08560
v 1.57219 -0.30000 -0.08560
v 1.52719 2.90000 -0.05290
v 1.52719 -0.30000 -0.05290
v 1.51000 2.90000 -0.00000
v 1.51000 -0.30000 -0.00000
v 1.52719 2.90000 0.05290
v 1.52719 -0.30000 0.05290
v 1.57219 2.90000 0.08560
v 1.57219 -0.30000 0.08560
v 1.62781 2.90000 0.08560
v 1.62781 -0.30000 0.08560
v 1.67281 2.90000 0.05290
v 1.67281 -0.30000 0.05290
v 1.60000 2.90000 0.00000
v 1.60000 -0.30000 0.00000
v -1.48929 1.15000 0.04000
v -1.08214 1.15000 0.04000
v -1.08214 1.15000 -0.04000
v -1.48929 1.15000 -0.04000
v -1.48929 2.85000 0.04000
v -1.08214 2.85000 0.04000
v -1.08214 2.85000 -0.04000
v -1.48929 2.85000 -0.04000
v -1.06071 1.15000 0.04000
v -0.65357 1.15000 0.04000
v -0.65357 1.15000 -0.04000
v -1.06071 1.15000 -0.04000
v -1.06071 2.85000 0.04000
v -0.65357 2.85000 0.04000
v -0.65357 2.85000 -0.04000
v -1.06071 2.85000 -0.04000
v -0.63214 1.15000 0.04000
v -0.22500 1.15000 0.04000
v -0.22500 1.15000 -0.04000
v -0.63214 1.15000 -0.04000
v -0.63214 2.85000 0.04000
v -0.22500 2.85000 0.04000
v -0.22500 2.85000 -0.04000
v -0.63214 2.85000 -0.04000
v -0.20357 1.15000 0.04000
v 0.20357 1.15000 0.04000
v 0.20357 1.15000 -0.04000
v -0.20357 1.15000 -0.04000
v -0.20357 2.85000 0.04000
v 0.20357 2.85000 0.04000
v 0.20357 2.85000 -0.04000
v -0.20357 2.85000 -0.04000
v 0.22500 1.15000 0.04000
v 0.63214 1.15000 0.04000
v 0.63214 1.15000 -0.04000
v 0.22500 1.15000 -0.04000
v 0.22500 2.85000 0.04000
v 0.63214 2.85000 0.04000
v 0.63214 2.85000 -0.04000
v 0.22500 2.85000 -0.04000
v 0.65357 1.15000 0.04000
v 1.06071 1.15000 0.04000
v 1.06071 1.15000 -0.04000
v 0.65357 1.15000 -0.04000
v 0.65357 2.85000 0.04000
v 1.06071 2.85000 0.04000
v 1.06071 2.85000 -0.04000
v 0.65357 2.85000 -0.04000
v 1.08214 1.15000 0.04000
v 1.48929 1.15000 0.04000
v 1.48929 1.15000 -0.04000
v 1.08214 1.15000 -0.04000
v 1.08214 2.85000 0.04000
v 1.48929 2.85000 0.04000
v 1.48929 2.85000 -0.04000
v 1.08214 2.85000 -0.04000
v -1.56000 2.85000 0.08000
v 1.56000 2.85000 0.08000
v 1.56000 2.85000 -0.04000
v -1.56000 2.85000 -0.04000
v -1.56000 2.97000 0.08000
v 1.56000 2.97000 0.08000
v 1.56000 2.97000 -0.04000
v -1.56000 2.97000 -0.04000
v -1.56000 1.03000 0.08000
v 1.56000 1.03000 0.08000
v 1.56000 1.03000 -0.04000
v -1.56000 1.03000 -0.04000
v -1.56000 1.15000 0.08000
v 1.56000 1.15000 0.08000
v 1.56000 1.15000 -0.04000
v -1.56000 1.15000 -0.04000
v -1.62000 1.03000 0.08000
v -1.50000 1.03000 0.08000
v -1.50000 1.03000 -0.04000
v -1.62000 1.03000 -0.04000
v -1.62000 2.97000 0.08000
v -1.50000 2.97000 0.08000
v -1.50000 2.97000 -0.04000
v -1.62000 2.97000 -0.04000
v 1.50000 1.03000 0.08000
v 1.62000 1.03000 0.08000
v 1.62000 1.03000 -0.04000
v 1.50000 1.03000 -0.04000
v 1.50000 2.97000 0.08000
v 1.62000 2.97000 0.08000
v 1.62000 2.97000 -0.04000
v 1.50000 2.97000 -0.04000
v -2.41725 2.27775 0.12000
v -2.31275 2.27775 0.12000
v -2.31275 2.27775 0.06000
v -2.41725 2.27775 0.06000
v -2.41725 2.38225 0.12000
v -2.31275 2.38225 0.12000
v -2.31275 2.38225 0.06000
v -2.41725 2.38225 0.06000
v -1.97725 2.27775 0.12000
v -1.87275 2.27775 0.12000
v -1.87275 2.27775 0.06000
v -1.97725 2.27775 0.06000
v -1.97725 2.38225 0.12000
v -1.87275 2.38225 0.12000
v -1.87275 2.38225 0.06000
v -1.97725 2.38225 0.06000
v -2.41725 2.16775 0.12000
v -2.31275 2.16775 0.12000
v -2.31275 2.16775 0.06000
v -2.41725 2.16775 0.06000
v -2.41725 2.27225 0.12000
v -2.31275 2.27225 0.12000
v -2.31275 2.27225 0.06000
v -2.41725 2.27225 0.06000
v -1.97725 2.16775 0.12000
v -1.87275 2.16775 0.12000
v -1.87275 2.16775 0.06000
v -1.97725 2.16775 0.06000
v -1.97725 2.27225 0.12000
v -1.87275 2.27225 0.12000
v -1.87275 2.27225 0.06000
v -1.97725 2.27225 0.06000
v -2.41725 2.05775 0.12000
v -2.31275 2.05775 0.12000
v -2.31275 2.05775 0.06000
v -2.41725 2.05775 0.06000
v -2.41725 2.16225 0.12000
v -2.31275 2.16225 0.12000
v -2.31275 2.16225 0.06000
v -2.41725 2.16225 0.06000
v -1.97725 2.05775 0.12000
v -1.87275 2.05775 0.12000
v -1.87275 2.05775 0.06000
v -1.97725 2.05775 0.06000
v -1.97725 2.16225 0.12000
v -1.87275 2.16225 0.12000
v -1.87275 2.16225 0.06000
v -1.97725 2.16225 0.06000
v -2.41725 1.94775 0.12000
v -2.31275 1.94775 0.12000
v -2.31275 1.94775 0.06000
v -2.41725 1.94775 0.06000
v -2.41725 2.05225 0.12000
v -2.31275 2.05225 0.12000
v -2.31275 2.05225 0.06000
v -2.41725 2.05225 0.06000
v -2.19725 1.94775 0.12000
v -2.09275 1.94775 0.12000
v -2.09275 1.94775 0.06000
v -2.19725 1.94775 0.06000
v -2.19725 2.05225 0.12000
v -2.09275 2.05225 0.12000
v -2.09275 2.05225 0.06000
v -2.19725 2.05225 0.06000
v -1.97725 1.94775 0.12000
v -1.87275 1.94775 0.12000
v -1.87275 1.94775 0.06000
v -1.97725 1.94775 0.06000
v -1.97725 2.05225 0.12000
v -1.87275 2.05225 0.12000
v -1.87275 2.05225 0.06000
v -1.97725 2.05225 0.06000
v -2.41725 1.83775 0.12000
v -2.31275 1.83775 0.12000
v -2.31275 1.83775 0.06000
v -2.41725 1.83775 0.06000
v -2.41725 1.94225 0.12000
v -2.31275 1.94225 0.12000
v -2.31275 1.94225 0.06000
v -2.41725 1.94225 0.06000
v -2.19725 1.83775 0.12000
v -2.09275 1.83775 0.12000
v -2.09275 1.83775 0.06000
v -2.19725 1.83775 0.06000
v -2.19725 1.94225 0.12000
v -2.09275 1.94225 0.12000
v -2.09275 1.94225 0.06000
v -2.19725 1.94225 0.06000
v -1.97725 1.83775 0.12000
v -1.87275 1.83775 0.12000
v -1.87275 1.83775 0.06000
v -1.97725 1.83775 0.06000
v -1.97725 1.94225 0.12000
v -1.87275 1.94225 0.12000
v -1.87275 1.94225 0.06000
v -1.97725 1.94225 0.06000
v -2.41725 1.72775 0.12000
v -2.31275 1.72775 0.12000
v -2.31275 1.72775 0.06000
v -2.41725 1.72775 0.06000
v -2.41725 1.83225 0.12000
v -2.31275 1.83225 0.12000
v -2.31275 1.83225 0.06000
v -2.41725 1.83225 0.06000
v -2.30725 1.72775 0.12000
v -2.20275 1.72775 0.12000
v -2.20275 1.72775 0.06000
v -2.30725 1.72775 0.06000
v -2.30725 1.83225 0.12000
v -2.20275 1.83225 0.12000
v -2.20275 1.83225 0.06000
v -2.30725 1.83225 0.06000
v -2.08725 1.72775 0.12000
v -1.98275 1.72775 0.12000
v -1.98275 1.72775 0.06000
v -2.08725 1.72775 0.06000
v -2.08725 1.83225 0.12000
v -1.98275 1.83225 0.12000
v -1.98275 1.83225 0.06000
v -2.08725 1.83225 0.06000
v -1.97725 1.72775 0.12000
v -1.87275 1.72775 0.12000
v -1.87275 1.72775 0.06000
v -1.97725 1.72775 0.06000
v -1.97725 1.83225 0.12000
v -1.87275 1.83225 0.12000
v -1.87275 1.83225 0.06000
v -1.97725 1.83225 0.06000
v -2.41725 1.61775 0.12000
v -2.31275 1.61775 0.12000
v -2.31275 1.61775 0.06000
v -2.41725 1.61775 0.06000
v -2.41725 1.72225 0.12000
v -2.31275 1.72225 0.12000
v -2.31275 1.72225 0.06000
v -2.41725 1.72225 0.06000
v -1.97725 1.61775 0.12000
v -1.87275 1.61775 0.12000
v -1.87275 1.61775 0.06000
v -1.97725 1.61775 0.06000
v -1.97725 1.72225 0.12000
v -1.87275 1.72225 0.12000
v -1.87275 1.72225 0.06000
v -1.97725 1.72225 0.06000
v -1.70225 2.27775 0.12000
v -1.59775 2.27775 0.12000
v -1.59775 2.27775 0.06000
v -1.70225 2.27775 0.06000
v -1.70225 2.38225 0.12000
v -1.59775 2.38225 0.12000
v -1.59775 2.38225 0.06000
v -1.70225 2.38225 0.06000
v -1.59225 2.27775 0.12000
v -1.48775 2.27775 0.12000
v -1.48775 2.27775 0.06000
v -1.59225 2.27775 0.06000
v -1.59225 2.38225 0.12000
v -1.48775 2.38225 0.12000
v -1.48775 2.38225 0.06000
v -1.59225 2.38225 0.06000
v -1.48225 2.27775 0.12000
v -1.37775 2.27775 0.12000
v -1.37775 2.27775 0.06000
v -1.48225 2.27775 0.06000
v -1.48225 2.38225 0.12000
v -1.37775 2.38225 0.12000
v -1.37775 2.38225 0.06000
v -1.48225 2.38225 0.06000
v -1.37225 2.27775 0.12000
v -1.26775 2.27775 0.12000
v -1.26775 2.27775 0.06000
v -1.37225 2.27775 0.06000
v -1.37225 2.38225 0.12000
v -1.26775 2.38225 0.12000
v -1.26775 2.38225 0.06000
v -1.37225 2.38225 0.06000
v -1.26225 2.27775 0.12000
v -1.15775 2.27775 0.12000
v -1.15775 2.27775 0.06000
v -1.26225 2.27775 0.06000
v -1.26225 2.38225 0.12000
v -1.15775 2.38225 0.12000
v -1.15775 2.38225 0.06000
v -1.26225 2.38225 0.06000
v -1.70225 2.16775 0.12000
v -1.59775 2.16775 0.12000
v -1.59775 2.16775 0.06000
v -1.70225 2.16775 0.06000
v -1.70225 2.27225 0.12000
v -1.59775 2.27225 0.12000
v -1.59775 2.27225 0.06000
v -1.70225 2.27225 0.06000
v -1.70225 2.05775 0.12000
v -1.59775 2.05775 0.12000
v -1.59775 2.05775 0.06000
v -1.70225 2.05775 0.06000
v -1.70225 2.16225 0.12000
v -1.59775 2.16225 0.12000
v -1.59775 2.16225 0.06000
v -1.70225 2.16225 0.06000
v -1.70225 1.94775 0.12000
v -1.59775 1.94775 0.12000
v -1.59775 1.94775 0.06000
v -1.70225 1.94775 0.06000
v -1.70225 2.05225 0.12000
v -1.59775 2.05225 0.12000
v -1.59775 2.05225 0.06000
v -1.70225 2.05225 0.06000
v -1.59225 1.94775 0.12000
v -1.48775 1.94775 0.12000
v -1.48775 1.94775 0.06000
v -1.59225 1.94775 0.06000
v -1.59225 2.05225 0.12000
v -1.48775 2.05225 0.12000
v -1.48775 2.05225 0.06000
v -1.59225 2.05225 0.06000
v -1.48225 1.94775 0.12000
v -1.37775 1.94775 0.12000
v -1.37775 1.94775 0.06000
v -1.48225 1.94775 0.06000
v -1.48225 2.05225 0.12000
v -1.37775 2.05225 0.12000
v -1.37775 2.05225 0.06000
v -1.48225 2.05225 0.06000
v -1.37225 1.94775 0.12000
v -1.26775 1.94775 0.12000
v -1.26775 1.94775 0.06000
v -1.37225 1.94775 0.06000
v -1.37225 2.05225 0.12000
v -1.26775 2.05225 0.12000
v -1.26775 2.05225 0.06000
v -1.37225 2.05225 0.06000
v -1.70225 1.83775 0.12000
v -1.59775 1.83775 0.12000
v -1.59775 1.83775 0.06000
v -1.70225 1.83775 0.06000
v -1.70225 1.94225 0.12000
v -1.59775 1.94225 0.12000
v -1.59775 1.94225 0.06000
v -1.70225 1.94225 0.06000
v -1.70225 1.72775 0.12000
v -1.59775 1.72775 0.12000
v -1.59775 1.72775 0.06000
v -1.70225 1.72775 0.06000
v -1.70225 1.83225 0.12000
v -1.59775 1.83225 0.12000
v -1.59775 1.83225 0.06000
v -1.70225 1.83225 0.06000
v -1.70225 1.61775 0.12000
v -1.59775 1.61775 0.12000
v -1.59775 1.61775 0.06000
v -1.70225 1.61775 0.06000
v -1.70225 1.72225 0.12000
v -1.59775 1.72225 0.12000
v -1.59775 1.72225 0.06000
v -1.70225 1.72225 0.06000
v -1.59225 1.61775 0.12000
v -1.48775 1.61775 0.12000
v -1.48775 1.61775 0.06000
v -1.59225 1.61775 0.06000
v -1.59225 1.72225 0.12000
v -1.48775 1.72225 0.12000
v -1.48775 1.72225 0.06000
v -1.59225 1.72225 0.06000
v -1.48225 1.61775 0.12000
v -1.37775 1.61775 0.12000
v -1.37775 1.61775 0.06000
v -1.48225 1.61775 0.06000
v -1.48225 1.72225 0.12000
v -1.37775 1.72225 0.12000
v -1.37775 1.72225 0.06000
v -1.48225 1.72225 0.06000
v -1.37225 1.61775 0.12000
v -1.26775 1.61775 0.12000
v -1.26775 1.61775 0.06000
v -1.37225 1.61775 0.06000
v -1.37225 1.72225 0.12000
v -1.26775 1.72225 0.12000
v -1.26775 1.72225 0.06000
v -1.37225 1.72225 0.06000
v -1.26225 1.61775 0.12000
v -1.15775 1.61775 0.12000
v -1.15775 1.61775 0.06000
v -1.26225 1.61775 0.06000
v -1.26225 1.72225 0.12000
v -1.15775 1.72225 0.12000
v -1.15775 1.72225 0.06000
v -1.26225 1.72225 0.06000
v -0.98725 2.27775 0.12000
v -0.88275 2.27775 0.12000
v -0.88275 2.27775 0.06000
v -0.98725 2.27775 0.06000
v -0.98725 2.38225 0.12000
v -0.88275 2.38225 0.12000
v -0.88275 2.38225 0.06000
v -0.98725 2.38225 0.06000
v -0.98725 2.16775 0.12000
v -0.88275 2.16775 0.12000
v -0.88275 2.16775 0.06000
v -0.98725 2.16775 0.06000
v -0.98725 2.27225 0.12000
v -0.88275 2.27225 0.12000
v -0.88275 2.27225 0.06000
v -0.98725 2.27225 0.06000
v -0.98725 2.05775 0.12000
v -0.88275 2.05775 0.12000
v -0.88275 2.05775 0.06000
v -0.98725 2.05775 0.06000
v -0.98725 2.16225 0.12000
v -0.88275 2.16225 0.12000
v -0.88275 2.16225 0.06000
v -0.98725 2.16225 0.06000
v -0.98725 1.94775 0.12000
v -0.88275 1.94775 0.12000
v -0.88275 1.94775 0.06000
v -0.98725 1.94775 0.06000
v -0.98725 2.05225 0.12000
v -0.88275 2.05225 0.12000
v -0.88275 2.05225 0.06000
v -0.98725 2.05225 0.06000
v -0.98725 1.83775 0.12000
v -0.88275 1.83775 0.12000
v -0.88275 1.83775 0.06000
v -0.98725 1.83775 0.06000
v -0.98725 1.94225 0.12000
v -0.88275 1.94225 0.12000
v -0.88275 1.94225 0.06000
v -0.98725 1.94225 0.06000
v -0.98725 1.72775 0.12000
v -0.88275 1.72775 0.12000
v -0.88275 1.72775 0.06000
v -0.98725 1.72775 0.06000
v -0.98725 1.83225 0.12000
v -0.88275 1.83225 0.12000
v -0.88275 1.83225 0.06000
v -0.98725 1.83225 0.06000
v -0.98725 1.61775 0.12000
v -0.88275 1.61775 0.12000
v -0.88275 1.61775 0.06000
v -0.98725 1.61775 0.06000
v -0.98725 1.72225 0.12000
v -0.88275 1.72225 0.12000
v -0.88275 1.72225 0.06000
v -0.98725 1.72225 0.06000
v -0.87725 1.61775 0.12000
v -0.77275 1.61775 0.12000
v -0.77275 1.61775 0.06000
v -0.87725 1.61775 0.06000
v -0.87725 1.72225 0.12000
v -0.77275 1.72225 0.12000
v -0.77275 1.72225 0.06000
v -0.87725 1.72225 0.06000
v -0.76725 1.61775 0.12000
v -0.66275 1.61775 0.12000
v -0.66275 1.61775 0.06000
v -0.76725 1.61775 0.06000
v -0.76725 1.72225 0.12000
v -0.66275 1.72225 0.12000
v -0.66275 1.72225 0.06000
v -0.76725 1.72225 0.06000
v -0.65725 1.61775 0.12000
v -0.55275 1.61775 0.12000
v -0.55275 1.61775 0.06000
v -0.65725 1.61775 0.06000
v -0.65725 1.72225 0.12000
v -0.55275 1.72225 0.12000
v -0.55275 1.72225 0.06000
v -0.65725 1.72225 0.06000
v -0.54725 1.61775 0.12000
v -0.44275 1.61775 0.12000
v -0.44275 1.61775 0.06000
v -0.54725 1.61775 0.06000
v -0.54725 1.72225 0.12000
v -0.44275 1.72225 0.12000
v -0.44275 1.72225 0.06000
v -0.54725 1.72225 0.06000
v -0.16225 2.27775 0.12000
v -0.05775 2.27775 0.12000
v -0.05775 2.27775 0.06000
v -0.16225 2.27775 0.06000
v -0.16225 2.38225 0.12000
v -0.05775 2.38225 0.12000
v -0.05775 2.38225 0.06000
v -0.16225 2.38225 0.06000
v -0.05225 2.27775 0.12000
v 0.05225 2.27775 0.12000
v 0.05225 2.27775 0.06000
v -0.05225 2.27775 0.06000
v -0.05225 2.38225 0.12000
v 0.05225 2.38225 0.12000
v 0.05225 2.38225 0.06000
v -0.05225 2.38225 0.06000
v 0.05775 2.27775 0.12000
v 0.16225 2.27775 0.12000
v 0.16225 2.27775 0.06000
v 0.05775 2.27775 0.06000
v 0.05775 2.38225 0.12000
v 0.16225 2.38225 0.12000
v 0.16225 2.38225 0.06000
v 0.05775 2.38225 0.06000
v 0.16775 2.27775 0.12000
v 0.27225 2.27775 0.12000
v 0.27225 2.27775 0.06000
v 0.16775 2.27775 0.06000
v 0.16775 2.38225 0.12000
v 0.27225 2.38225 0.12000
v 0.27225 2.38225 0.06000
v 0.16775 2.38225 0.06000
v -0.27225 2.16775 0.12000
v -0.16775 2.16775 0.12000
v -0.16775 2.16775 0.06000
v -0.27225 2.16775 0.06000
v -0.27225 2.27225 0.12000
v -0.16775 2.27225 0.12000
v -0.16775 2.27225 0.06000
v -0.27225 2.27225 0.06000
v -0.27225 2.05775 0.12000
v -0.16775 2.05775 0.12000
v -0.16775 2.05775 0.06000
v -0.27225 2.05775 0.06000
v -0.27225 2.16225 0.12000
v -0.16775 2.16225 0.12000
v -0.16775 2.16225 0.06000
v -0.27225 2.16225 0.06000
v -0.27225 1.94775 0.12000
v -0.16775 1.94775 0.12000
v -0.16775 1.94775 0.06000
v -0.27225 1.94775 0.06000
v -0.27225 2.05225 0.12000
v -0.16775 2.05225 0.12000
v -0.16775 2.05225 0.06000
v -0.27225 2.05225 0.06000
v -0.27225 1.83775 0.12000
v -0.16775 1.83775 0.12000
v -0.16775 1.83775 0.06000
v -0.27225 1.83775 0.06000
v -0.27225 1.94225 0.12000
v -0.16775 1.94225 0.12000
v -0.16775 1.94225 0.06000
v -0.27225 1.94225 0.06000
v -0.27225 1.72775 0.12000
v -0.16775 1.72775 0.12000
v -0.16775 1.72775 0.06000
v -0.27225 1.72775 0.06000
v -0.27225 1.83225 0.12000
v -0.16775 1.83225 0.12000
v -0.16775 1.83225 0.06000
v -0.27225 1.83225 0.06000
v -0.16225 1.61775 0.12000
v -0.05775 1.61775 0.12000
v -0.05775 1.61775 0.06000
v -0.16225 1.61775 0.06000
v -0.16225 1.72225 0.12000
v -0.05775 1.72225 0.12000
v -0.05775 1.72225 0.06000
v -0.16225 1.72225 0.06000
v -0.05225 1.61775 0.12000
v 0.05225 1.61775 0.12000
v 0.05225 1.61775 0.06000
v -0.05225 1.61775 0.06000
v -0.05225 1.72225 0.12000
v 0.05225 1.72225 0.12000
v 0.05225 1.72225 0.06000
v -0.05225 1.72225 0.06000
v 0.05775 1.61775 0.12000
v 0.16225 1.61775 0.12000
v 0.16225 1.61775 0.06000
v 0.05775 1.61775 0.06000
v 0.05775 1.72225 0.12000
v 0.16225 1.72225 0.12000
v 0.16225 1.72225 0.06000
v 0.05775 1.72225 0.06000
v 0.16775 1.61775 0.12000
v 0.27225 1.61775 0.12000
v 0.27225 1.61775 0.06000
v 0.16775 1.61775 0.06000
v 0.16775 1.72225 0.12000
v 0.27225 1.72225 0.12000
v 0.27225 1.72225 0.06000
v 0.16775 1.72225 0.06000
v 0.55275 2.27775 0.12000
v 0.65725 2.27775 0.12000
v 0.65725 2.27775 0.06000
v 0.55275 2.27775 0.06000
v 0.55275 2.38225 0.12000
v 0.65725 2.38225 0.12000
v 0.65725 2.38225 0.06000
v 0.55275 2.38225 0.06000
v 0.66275 2.27775 0.12000
v 0.76725 2.27775 0.12000
v 0.76725 2.27775 0.06000
v 0.66275 2.27775 0.06000
v 0.66275 2.38225 0.12000
v 0.76725 2.38225 0.12000
v 0.76725 2.38225 0.06000
v 0.66275 2.38225 0.06000
v 0.77275 2.27775 0.12000
v 0.87725 2.27775 0.12000
v 0.87725 2.27775 0.06000
v 0.77275 2.27775 0.06000
v 0.77275 2.38225 0.12000
v 0.87725 2.38225 0.12000
v 0.87725 2.38225 0.06000
v 0.77275 2.38225 0.06000
v 0.44275 2.16775 0.12000
v 0.54725 2.16775 0.12000
v 0.54725 2.16775 0.06000
v 0.44275 2.16775 0.06000
v 0.44275 2.27225 0.12000
v 0.54725 2.27225 0.12000
v 0.54725 2.27225 0.06000
v 0.44275 2.27225 0.06000
v 0.88275 2.16775 0.12000
v 0.98725 2.16775 0.12000
v 0.98725 2.16775 0.06000
v 0.88275 2.16775 0.06000
v 0.88275 2.27225 0.12000
v 0.98725 2.27225 0.12000
v 0.98725 2.27225 0.06000
v 0.88275 2.27225 0.06000
v 0.44275 2.05775 0.12000
v 0.54725 2.05775 0.12000
v 0.54725 2.05775 0.06000
v 0.44275 2.05775 0.06000
v 0.44275 2.16225 0.12000
v 0.54725 2.16225 0.12000
v 0.54725 2.16225 0.06000
v 0.44275 2.16225 0.06000
v 0.88275 2.05775 0.12000
v 0.98725 2.05775 0.12000
v 0.98725 2.05775 0.06000
v 0.88275 2.05775 0.06000
v 0.88275 2.16225 0.12000
v 0.98725 2.16225 0.12000
v 0.98725 2.16225 0.06000
v 0.88275 2.16225 0.06000
v 0.44275 1.94775 0.12000
v 0.54725 1.94775 0.12000
v 0.54725 1.94775 0.06000
v 0.44275 1.94775 0.06000
v 0.44275 2.05225 0.12000
v 0.54725 2.05225 0.12000
v 0.54725 2.05225 0.06000
v 0.44275 2.05225 0.06000
v 0.88275 1.94775 0.12000
v 0.98725 1.94775 0.12000
v 0.98725 1.94775 0.06000
v 0.88275 1.94775 0.06000
v 0.88275 2.05225 0.12000
v 0.98725 2.05225 0.12000
v 0.98725 2.05225 0.06000
v 0.88275 2.05225 0.06000
v 0.44275 1.83775 0.12000
v 0.54725 1.83775 0.12000
v 0.54725 1.83775 0.06000
v 0.44275 1.83775 0.06000
v 0.44275 1.94225 0.12000
v 0.54725 1.94225 0.12000
v 0.54725 1.94225 0.06000
v 0.44275 1.94225 0.06000
v 0.88275 1.83775 0.12000
v 0.98725 1.83775 0.12000
v 0.98725 1.83775 0.06000
v 0.88275 1.83775 0.06000
v 0.88275 1.94225 0.12000
v 0.98725 1.94225 0.12000
v 0.98725 1.94225 0.06000
v 0.88275 1.94225 0.06000
v 0.44275 1.72775 0.12000
v 0.54725 1.72775 0.12000
v 0.54725 1.72775 0.06000
v 0.44275 1.72775 0.06000
v 0.44275 1.83225 0.12000
v 0.54725 1.83225 0.12000
v 0.54725 1.83225 0.06000
v 0.44275 1.83225 0.06000
v 0.88275 1.72775 0.12000
v 0.98725 1.72775 0.12000
v 0.98725 1.72775 0.06000
v 0.88275 1.72775 0.06000
v 0.88275 1.83225 0.12000
v 0.98725 1.83225 0.12000
v 0.98725 1.83225 0.06000
v 0.88275 1.83225 0.06000
v 0.55275 1.61775 0.12000
v 0.65725 1.61775 0.12000
v 0.65725 1.61775 0.06000
v 0.55275 1.61775 0.06000
v 0.55275 1.72225 0.12000
v 0.65725 1.72225 0.12000
v 0.65725 1.72225 0.06000
v 0.55275 1.72225 0.06000
v 0.66275 1.61775 0.12000
v 0.76725 1.61775 0.12000
v 0.76725 1.61775 0.06000
v 0.66275 1.61775 0.06000
v 0.66275 1.72225 0.12000
v 0.76725 1.72225 0.12000
v 0.76725 1.72225 0.06000
v 0.66275 1.72225 0.06000
v 0.77275 1.61775 0.12000
v 0.87725 1.61775 0.12000
v 0.87725 1.61775 0.06000
v 0.77275 1.61775 0.06000
v 0.77275 1.72225 0.12000
v 0.87725 1.72225 0.12000
v 0.87725 1.72225 0.06000
v 0.77275 1.72225 0.06000
v 1.15775 2.27775 0.12000
v 1.26225 2.27775 0.12000
v 1.26225 2.27775 0.06000
v 1.15775 2.27775 0.06000
v 1.15775 2.38225 0.12000
v 1.26225 2.38225 0.12000
v 1.26225 2.38225 0.06000
v 1.15775 2.38225 0.06000
v 1.59775 2.27775 0.12000
v 1.70225 2.27775 0.12000
v 1.70225 2.27775 0.06000
v 1.59775 2.27775 0.06000
v 1.59775 2.38225 0.12000
v 1.70225 2.38225 0.12000
v 1.70225 2.38225 0.06000
v 1.59775 2.38225 0.06000
v 1.15775 2.16775 0.12000
v 1.26225 2.16775 0.12000
v 1.26225 2.16775 0.06000
v 1.15775 2.16775 0.06000
v 1.15775 2.27225 0.12000
v 1.26225 2.27225 0.12000
v 1.26225 2.27225 0.06000
v 1.15775 2.27225 0.06000
v 1.26775 2.16775 0.12000
v 1.37225 2.16775 0.12000
v 1.37225 2.16775 0.06000
v 1.26775 2.16775 0.06000
v 1.26775 2.27225 0.12000
v 1.37225 2.27225 0.12000
v 1.37225 2.27225 0.06000
v 1.26775 2.27225 0.06000
v 1.48775 2.16775 0.12000
v 1.59225 2.16775 0.12000
v 1.59225 2.16775 0.06000
v 1.48775 2.16775 0.06000
v 1.48775 2.27225 0.12000
v 1.59225 2.27225 0.12000
v 1.59225 2.27225 0.06000
v 1.48775 2.27225 0.06000
v 1.59775 2.16775 0.12000
v 1.70225 2.16775 0.12000
v 1.70225 2.16775 0.06000
v 1.59775 2.16775 0.06000
v 1.59775 2.27225 0.12000
v 1.70225 2.27225 0.12000
v 1.70225 2.27225 0.06000
v 1.59775 2.27225 0.06000
v 1.15775 2.05775 0.12000
v 1.26225 2.05775 0.12000
v 1.26225 2.05775 0.06000
v 1.15775 2.05775 0.06000
v 1.15775 2.16225 0.12000
v 1.26225 2.16225 0.12000
v 1.26225 2.16225 0.06000
v 1.15775 2.16225 0.06000
v 1.37775 2.05775 0.12000
v 1.48225 2.05775 0.12000
v 1.48225 2.05775 0.06000
v 1.37775 2.05775 0.06000
v 1.37775 2.16225 0.12000
v 1.48225 2.16225 0.12000
v 1.48225 2.16225 0.06000
v 1.37775 2.16225 0.06000
v 1.59775 2.05775 0.12000
v 1.70225 2.05775 0.12000
v 1.70225 2.05775 0.06000
v 1.59775 2.05775 0.06000
v 1.59775 2.16225 0.12000
v 1.70225 2.16225 0.12000
v 1.70225 2.16225 0.06000
v 1.59775 2.16225 0.06000
v 1.15775 1.94775 0.12000
v 1.26225 1.94775 0.12000
v 1.26225 1.94775 0.06000
v 1.15775 1.94775 0.06000
v 1.15775 2.05225 0.12000
v 1.26225 2.05225 0.12000
v 1.26225 2.05225 0.06000
v 1.15775 2.05225 0.06000
v 1.37775 1.94775 0.12000
v 1.48225 1.94775 0.12000
v 1.48225 1.94775 0.06000
v 1.37775 1.94775 0.06000
v 1.37775 2.05225 0.12000
v 1.48225 2.05225 0.12000
v 1.48225 2.05225 0.06000
v 1.37775 2.05225 0.06000
v 1.59775 1.94775 0.12000
v 1.70225 1.94775 0.12000
v 1.70225 1.94775 0.06000
v 1.59775 1.94775 0.06000
v 1.59775 2.05225 0.12000
v 1.70225 2.05225 0.12000
v 1.70225 2.05225 0.06000
v 1.59775 2.05225 0.06000
v 1.15775 1.83775 0.12000
v 1.26225 1.83775 0.12000
v 1.26225 1.83775 0.06000
v 1.15775 1.83775 0.06000
v 1.15775 1.94225 0.12000
v 1.26225 1.94225 0.12000
v 1.26225 1.94225 0.06000
v 1.15775 1.94225 0.06000
v 1.59775 1.83775 0.12000
v 1.70225 1.83775 0.12000
v 1.70225 1.83775 0.06000
v 1.59775 1.83775 0.06000
v 1.59775 1.94225 0.12000
v 1.70225 1.94225 0.12000
v 1.70225 1.94225 0.06000
v 1.59775 1.94225 0.06000
v 1.15775 1.72775 0.12000
v 1.26225 1.72775 0.12000
v 1.26225 1.72775 0.06000
v 1.15775 1.72775 0.06000
v 1.15775 1.83225 0.12000
v 1.26225 1.83225 0.12000
v 1.26225 1.83225 0.06000
v 1.15775 1.83225 0.06000
v 1.59775 1.72775 0.12000
v 1.70225 1.72775 0.12000
v 1.70225 1.72775 0.06000
v 1.59775 1.72775 0.06000
v 1.59775 1.83225 0.12000
v 1.70225 1.83225 0.12000
v 1.70225 1.83225 0.06000
v 1.59775 1.83225 0.06000
v 1.15775 1.61775 0.12000
v 1.26225 1.61775 0.12000
v 1.26225 1.61775 0.06000
v 1.15775 1.61775 0.06000
v 1.15775 1.72225 0.12000
v 1.26225 1.72225 0.12000
v 1.26225 1.72225 0.06000
v 1.15775 1.72225 0.06000
v 1.59775 1.61775 0.12000
v 1.70225 1.61775 0.12000
v 1.70225 1.61775 0.06000
v 1.59775 1.61775 0.06000
v 1.59775 1.72225 0.12000
v 1.70225 1.72225 0.12000
v 1.70225 1.72225 0.06000
v 1.59775 1.72225 0.06000
v 1.87275 2.27775 0.12000
v 1.97725 2.27775 0.12000
v 1.97725 2.27775 0.06000
v 1.87275 2.27775 0.06000
v 1.87275 2.38225 0.12000
v 1.97725 2.38225 0.12000
v 1.97725 2.38225 0.06000
v 1.87275 2.38225 0.06000
v 1.98275 2.27775 0.12000
v 2.08725 2.27775 0.12000
v 2.08725 2.27775 0.06000
v 1.98275 2.27775 0.06000
v 1.98275 2.38225 0.12000
v 2.08725 2.38225 0.12000
v 2.08725 2.38225 0.06000
v 1.98275 2.38225 0.06000
v 2.09275 2.27775 0.12000
v 2.19725 2.27775 0.12000
v 2.19725 2.27775 0.06000
v 2.09275 2.27775 0.06000
v 2.09275 2.38225 0.12000
v 2.19725 2.38225 0.12000
v 2.19725 2.38225 0.06000
v 2.09275 2.38225 0.06000
v 2.20275 2.27775 0.12000
v 2.30725 2.27775 0.12000
v 2.30725 2.27775 0.06000
v 2.20275 2.27775 0.06000
v 2.20275 2.38225 0.12000
v 2.30725 2.38225 0.12000
v 2.30725 2.38225 0.06000
v 2.20275 2.38225 0.06000
v 2.31275 2.27775 0.12000
v 2.41725 2.27775 0.12000
v 2.41725 2.27775 0.06000
v 2.31275 2.27775 0.06000
v 2.31275 2.38225 0.12000
v 2.41725 2.38225 0.12000
v 2.41725 2.38225 0.06000
v 2.31275 2.38225 0.06000
v 1.87275 2.16775 0.12000
v 1.97725 2.16775 0.12000
v 1.97725 2.16775 0.06000
v 1.87275 2.16775 0.06000
v 1.87275 2.27225 0.12000
v 1.97725 2.27225 0.12000
v 1.97725 2.27225 0.06000
v 1.87275 2.27225 0.06000
v 1.87275 2.05775 0.12000
v 1.97725 2.05775 0.12000
v 1.97725 2.05775 0.06000
v 1.87275 2.05775 0.06000
v 1.87275 2.16225 0.12000
v 1.97725 2.16225 0.12000
v 1.97725 2.16225 0.06000
v 1.87275 2.16225 0.06000
v 1.87275 1.94775 0.12000
v 1.97725 1.94775 0.12000
v 1.97725 1.94775 0.06000
v 1.87275 1.94775 0.06000
v 1.87275 2.05225 0.12000
v 1.97725 2.05225 0.12000
v 1.97725 2.05225 0.06000
v 1.87275 2.05225 0.06000
v 1.98275 1.94775 0.12000
v 2.08725 1.94775 0.12000
v 2.08725 1.94775 0.06000
v 1.98275 1.94775 0.06000
v 1.98275 2.05225 0.12000
v 2.08725 2.05225 0.12000
v 2.08725 2.05225 0.06000
v 1.98275 2.05225 0.06000
v 2.09275 1.94775 0.12000
v 2.19725 1.94775 0.12000
v 2.19725 1.94775 0.06000
v 2.09275 1.94775 0.06000
v 2.09275 2.05225 0.12000
v 2.19725 2.05225 0.12000
v 2.19725 2.05225 0.06000
v 2.09275 2.05225 0.06000
v 2.20275 1.94775 0.12000
v 2.30725 1.94775 0.12000
v 2.30725 1.94775 0.06000
v 2.20275 1.94775 0.06000
v 2.20275 2.05225 0.12000
v 2.30725 2.05225 0.12000
v 2.30725 2.05225 0.06000
v 2.20275 2.05225 0.06000
v 1.87275 1.83775 0.12000
v 1.97725 1.83775 0.12000
v 1.97725 1.83775 0.06000
v 1.87275 1.83775 0.06000
v 1.87275 1.94225 0.12000
v 1.97725 1.94225 0.12000
v 1.97725 1.94225 0.06000
v 1.87275 1.94225 0.06000
v 1.87275 1.72775 0.12000
v 1.97725 1.72775 0.12000
v 1.97725 1.72775 0.06000
v 1.87275 1.72775 0.06000
v 1.87275 1.83225 0.12000
v 1.97725 1.83225 0.12000
v 1.97725 1.83225 0.06000
v 1.87275 1.83225 0.06000
v 1.87275 1.61775 0.12000
v 1.97725 1.61775 0.12000
v 1.97725 1.61775 0.06000
v 1.87275 1.61775 0.06000
v 1.87275 1.72225 0.12000
v 1.97725 1.72225 0.12000
v 1.97725 1.72225 0.06000
v 1.87275 1.72225 0.06000
v 1.98275 1.61775 0.12000
v 2.08725 1.61775 0.12000
v 2.08725 1.61775 0.06000
v 1.98275 1.61775 0.06000
v 1.98275 1.72225 0.12000
v 2.08725 1.72225 0.12000
v 2.08725 1.72225 0.06000
v 1.98275 1.72225 0.06000
v 2.09275 1.61775 0.12000
v 2.19725 1.61775 0.12000
v 2.19725 1.61775 0.06000
v 2.09275 1.61775 0.06000
v 2.09275 1.72225 0.12000
v 2.19725 1.72225 0.12000
v 2.19725 1.72225 0.06000
v 2.09275 1.72225 0.06000
v 2.20275 1.61775 0.12000
v 2.30725 1.61775 0.12000
v 2.30725 1.61775 0.06000
v 2.20275 1.61775 0.06000
v 2.20275 1.72225 0.12000
v 2.30725 1.72225 0.12000
v 2.30725 1.72225 0.06000
v 2.20275 1.72225 0.06000
v 2.31275 1.61775 0.12000
v 2.41725 1.61775 0.12000
v 2.41725 1.61775 0.06000
v 2.31275 1.61775 0.06000
v 2.31275 1.72225 0.12000
v 2.41725 1.72225 0.12000
v 2.41725 1.72225 0.06000
v 2.31275 1.72225 0.06000
v -1.50000 2.97000 0.02000
v -1.51582 2.97705 0.01000
v -1.51582 2.97705 -0.01000
v -1.50000 2.97000 -0.02000
v -1.48418 2.96295 -0.01000
v -1.48418 2.96295 0.01000
v -1.51000 2.94755 0.02000
v -1.52573 2.95480 0.01000
v -1.52573 2.95480 -0.01000
v -1.51000 2.94755 -0.02000
v -1.49427 2.94030 -0.01000
v -1.49427 2.94030 0.01000
v -1.52000 2.92661 -0.02000
v -1.50459 2.91871 -0.01000
v -1.50459 2.91871 0.01000
v -1.52000 2.92661 0.02000
v -1.53541 2.93451 0.01000
v -1.53541 2.93451 -0.01000
v -1.53000 2.90855 -0.02000
v -1.51529 2.89940 -0.01000
v -1.51529 2.89940 0.01000
v -1.53000 2.90855 0.02000
v -1.54471 2.91770 0.01000
v -1.54471 2.91770 -0.01000
v -1.54000 2.89445 -0.02000
v -1.52680 2.88324 -0.01000
v -1.52680 2.88324 0.01000
v -1.54000 2.89445 0.02000
v -1.55320 2.90566 0.01000
v -1.55320 2.90566 -0.01000
v -1.55000 2.88500 -0.02000
v -1.54007 2.87081 -0.01000
v -1.54007 2.87081 0.01000
v -1.55000 2.88500 0.02000
v -1.55993 2.89919 0.01000
v -1.55993 2.89919 -0.01000
v -1.56000 2.88045 -0.02000
v -1.55624 2.86354 -0.01000
v -1.55624 2.86354 0.01000
v -1.56000 2.88045 0.02000
v -1.56376 2.89735 0.01000
v -1.56376 2.89735 -0.01000
v -1.57000 2.88055 -0.02000
v -1.57353 2.86359 -0.01000
v -1.57353 2.86359 0.01000
v -1.57000 2.88055 0.02000
v -1.56647 2.89751 0.01000
v -1.56647 2.89751 -0.01000
v -1.58000 2.88461 -0.02000
v -1.58835 2.86943 -0.01000
v -1.58835 2.86943 0.01000
v -1.58000 2.88461 0.02000
v -1.57165 2.89979 0.01000
v -1.57165 2.89979 -0.01000
v -1.59000 2.89155 -0.02000
v -1.60056 2.87782 -0.01000
v -1.60056 2.87782 0.01000
v -1.59000 2.89155 0.02000
v -1.57944 2.90528 0.01000
v -1.57944 2.90528 -0.01000
v -1.60000 2.90000 -0.02000
v -1.61118 2.88677 -0.01000
v -1.61118 2.88677 0.01000
v -1.60000 2.90000 0.02000
v -1.58882 2.91323 0.01000
v -1.58882 2.91323 -0.01000
v 1.50000 2.97000 0.02000
v 1.48418 2.96295 0.01000
v 1.48418 2.96295 -0.01000
v 1.50000 2.97000 -0.02000
v 1.51582 2.97705 -0.01000
v 1.51582 2.97705 0.01000
v 1.51000 2.94755 0.02000
v 1.49427 2.94030 0.01000
v 1.49427 2.94030 -0.01000
v 1.51000 2.94755 -0.02000
v 1.52573 2.95480 -0.01000
v 1.52573 2.95480 0.01000
v 1.52000 2.92661 0.02000
v 1.50459 2.91871 0.01000
v 1.50459 2.91871 -0.01000
v 1.52000 2.92661 -0.02000
v 1.53541 2.93451 -0.01000
v 1.53541 2.93451 0.01000
v 1.53000 2.90855 0.02000
v 1.51529 2.89940 0.01000
v 1.51529 2.89940 -0.01000
v 1.53000 2.90855 -0.02000
v 1.54471 2.91770 -0.01000
v 1.54471 2.91770 0.01000
v 1.54000 2.89445 0.02000
v 1.52680 2.88324 0.01000
v 1.52680 2.88324 -0.01000
v 1.54000 2.89445 -0.02000
v 1.55320 2.90566 -0.01000
v 1.55320 2.90566 0.01000
v 1.55000 2.88500 0.02000
v 1.54007 2.87081 0.01000
v 1.54007 2.87081 -0.01000
v 1.55000 2.88500 -0.02000
v 1.55993 2.89919 -0.01000
v 1.55993 2.89919 0.01000
v 1.56000 2.88045 0.02000
v 1.55624 2.86354 0.01000
v 1.55624 2.86354 -0.01000
v 1.56000 2.88045 -0.02000
v 1.56376 2.89735 -0.01000
v 1.56376 2.89735 0.01000
v 1.57000 2.88055 0.02000
v 1.57353 2.86359 0.01000
v 1.57353 2.86359 -0.01000
v 1.57000 2.88055 -0.02000
v 1.56647 2.89751 -0.01000
v 1.56647 2.89751 0.01000
v 1.58000 2.88461 0.02000
v 1.58835 2.86943 0.01000
v 1.58835 2.86943 -0.01000
v 1.58000 2.88461 -0.02000
v 1.57165 2.89979 -0.01000
v 1.57165 2.89979 0.01000
v 1.59000 2.89155 0.02000
v 1.60056 2.87782 0.01000
v 1.60056 2.87782 -0.01000
v 1.59000 2.89155 -0.02000
v 1.57944 2.90528 -0.01000
v 1.57944 2.90528 0.01000
v 1.60000 2.90000 0.02000
v 1.61118 2.88677 0.01000
v 1.61118 2.88677 -0.01000
v 1.60000 2.90000 -0.02000
v 1.58882 2.91323 -0.01000
v 1.58882 2.91323 0.01000
v -1.40000 2.75000 0.10500
v -1.40613 2.73855 0.09750
v -1.40613 2.73855 0.08250
v -1.40000 2.75000 0.07500
v -1.39387 2.76145 0.08250
v -1.39387 2.76145 0.09750
v -1.12000 2.60000 0.10500
v -1.12613 2.58855 0.09750
v -1.12613 2.58855 0.08250
v -1.12000 2.60000 0.07500
v -1.11387 2.61145 0.08250
v -1.11387 2.61145 0.09750
v -0.84000 2.45000 0.10500
v -0.84613 2.43855 0.09750
v -0.84613 2.43855 0.08250
v -0.84000 2.45000 0.07500
v -0.83387 2.46145 0.08250
v -0.83387 2.46145 0.09750
v -0.56000 2.30000 0.10500
v -0.56613 2.28855 0.09750
v -0.56613 2.28855 0.08250
v -0.56000 2.30000 0.07500
v -0.55387 2.31145 0.08250
v -0.55387 2.31145 0.09750
v -0.28000 2.15000 0.10500
v -0.28613 2.13855 0.09750
v -0.28613 2.13855 0.08250
v -0.28000 2.15000 0.07500
v -0.27387 2.16145 0.08250
v -0.27387 2.16145 0.09750
v 0.00000 2.00000 0.10500
v -0.00613 1.98855 0.09750
v -0.00613 1.98855 0.08250
v -0.00000 2.00000 0.07500
v 0.00613 2.01145 0.08250
v 0.00613 2.01145 0.09750
v 0.28000 1.85000 0.10500
v 0.27387 1.83855 0.09750
v 0.27387 1.83855 0.08250
v 0.28000 1.85000 0.07500
v 0.28613 1.86145 0.08250
v 0.28613 1.86145 0.09750
v 0.56000 1.70000 0.10500
v 0.55387 1.68855 0.09750
v 0.55387 1.68855 0.08250
v 0.56000 1.70000 0.07500
v 0.56613 1.71145 0.08250
v 0.56613 1.71145 0.09750
v 0.84000 1.55000 0.10500
v 0.83387 1.53855 0.09750
v 0.83387 1.53855 0.08250
v 0.84000 1.55000 0.07500
v 0.84613 1.56145 0.08250
v 0.84613 1.56145 0.09750
v 1.12000 1.40000 0.10500
v 1.11387 1.38855 0.09750
v 1.11387 1.38855 0.08250
v 1.12000 1.40000 0.07500
v 1.12613 1.41145 0.08250
v 1.12613 1.41145 0.09750
v 1.40000 1.25000 0.10500
v 1.39387 1.23855 0.09750
v 1.39387 1.23855 0.08250
v 1.40000 1.25000 0.07500
v 1.40613 1.26145 0.08250
v 1.40613 1.26145 0.09750
v -1.60000 2.90000 0.01500
v -1.61299 2.90000 0.00750
v -1.61299 2.90000 -0.00750
v -1.60000 2.90000 -0.01500
v -1.58701 2.90000 -0.00750
v -1.58701 2.90000 0.00750
v -1.60000 2.85500 0.01500
v -1.61299 2.85500 0.00750
v -1.61299 2.85500 -0.00750
v -1.60000 2.85500 -0.01500
v -1.58701 2.85500 -0.00750
v -1.58701 2.85500 0.00750
v -1.60000 2.81000 0.01500
v -1.61299 2.81000 0.00750
v -1.61299 2.81000 -0.00750
v -1.60000 2.81000 -0.01500
v -1.58701 2.81000 -0.00750
v -1.58701 2.81000 0.00750
v -1.60000 2.76500 0.01500
v -1.61299 2.76500 0.00750
v -1.61299 2.76500 -0.00750
v -1.60000 2.76500 -0.01500
v -1.58701 2.76500 -0.00750
v -1.58701 2.76500 0.00750
v -1.60000 2.72000 0.01500
v -1.61299 2.72000 0.00750
v -1.61299 2.72000 -0.00750
v -1.60000 2.72000 -0.01500
v -1.58701 2.72000 -0.00750
v -1.58701 2.72000 0.00750
v -1.60000 2.67500 0.01500
v -1.61299 2.67500 0.00750
v -1.61299 2.67500 -0.00750
v -1.60000 2.67500 -0.01500
v -1.58701 2.67500 -0.00750
v -1.58701 2.67500 0.00750
v -1.60000 2.63000 0.01500
v -1.61299 2.63000 0.00750
v -1.61299 2.63000 -0.00750
v -1.60000 2.63000 -0.01500
v -1.58701 2.63000 -0.00750
v -1.58701 2.63000 0.00750
v -1.60000 2.58500 0.01500
v -1.61299 2.58500 0.00750
v -1.61299 2.58500 -0.00750
v -1.60000 2.58500 -0.01500
v -1.58701 2.58500 -0.00750
v -1.58701 2.58500 0.00750
v -1.60000 2.54000 0.01500
v -1.61299 2.54000 0.00750
v -1.61299 2.54000 -0.00750
v -1.60000 2.54000 -0.01500
v -1.58701 2.54000 -0.00750
v -1.58701 2.54000 0.00750
v -1.60000 2.49500 0.01500
v -1.61299 2.49500 0.00750
v -1.61299 2.49500 -0.00750
v -1.60000 2.49500 -0.01500
v -1.58701 2.49500 -0.00750
v -1.58701 2.49500 0.00750
v -1.60000 2.45000 0.01500
v -1.61299 2.45000 0.00750
v -1.61299 2.45000 -0.00750
v -1.60000 2.45000 -0.01500
v -1.58701 2.45000 -0.00750
v -1.58701 2.45000 0.00750
v -1.58000 2.53000 -0.00000
v -1.58000 2.43000 -0.00000
v -1.58268 2.53000 -0.01000
v -1.58268 2.43000 -0.01000
v -1.59000 2.53000 -0.01732
v -1.59000 2.43000 -0.01732
v -1.60000 2.53000 -0.02000
v -1.60000 2.43000 -0.02000
v -1.61000 2.53000 -0.01732
v -1.61000 2.43000 -0.01732
v -1.61732 2.53000 -0.01000
v -1.61732 2.43000 -0.01000
v -1.62000 2.53000 -0.00000
v -1.62000 2.43000 -0.00000
v -1.61732 2.53000 0.01000
v -1.61732 2.43000 0.01000
v -1.61000 2.53000 0.01732
v -1.61000 2.43000 0.01732
v -1.60000 2.53000 0.02000
v -1.60000 2.43000 0.02000
v -1.59000 2.53000 0.01732
v -1.59000 2.43000 0.01732
v -1.58268 2.53000 0.01000
v -1.58268 2.43000 0.01000
v -1.60000 2.53000 0.00000
v -1.60000 2.43000 0.00000
v -1.69000 2.19000 0.09000
v -1.51000 2.19000 0.09000
v -1.51000 2.19000 -0.09000
v -1.69000 2.19000 -0.09000
v -1.69000 2.41000 0.09000
v -1.51000 2.41000 0.09000
v -1.51000 2.41000 -0.09000
v -1.69000 2.41000 -0.09000
v -1.60000 2.38000 -0.00000
v -1.60000 2.38000 -0.00000
v -1.60000 2.38000 -0.00000
v -1.60000 2.38000 -0.00000
v -1.60000 2.38000 -0.00000
v -1.60000 2.38000 -0.00000
v -1.60000 2.38000 -0.00000
v -1.60000 2.38000 -0.00000
v -1.56000 2.36928 -0.00000
v -1.57172 2.36928 -0.02828
v -1.60000 2.36928 -0.04000
v -1.62828 2.36928 -0.02828
v -1.64000 2.36928 -0.00000
v -1.62828 2.36928 0.02828
v -1.60000 2.36928 0.04000
v -1.57172 2.36928 0.02828
v -1.53072 2.34000 -0.00000
v -1.55101 2.34000 -0.04899
v -1.60000 2.34000 -0.06928
v -1.64899 2.34000 -0.04899
v -1.66928 2.34000 -0.00000
v -1.64899 2.34000 0.04899
v -1.60000 2.34000 0.06928
v -1.55101 2.34000 0.04899
v -1.52000 2.30000 -0.00000
v -1.54343 2.30000 -0.05657
v -1.60000 2.30000 -0.08000
v -1.65657 2.30000 -0.05657
v -1.68000 2.30000 -0.00000
v -1.65657 2.30000 0.05657
v -1.60000 2.30000 0.08000
v -1.54343 2.30000 0.05657
v -1.53072 2.26000 -0.00000
v -1.55101 2.26000 -0.04899
v -1.60000 2.26000 -0.06928
v -1.64899 2.26000 -0.04899
v -1.66928 2.26000 -0.00000
v -1.64899 2.26000 0.04899
v -1.60000 2.26000 0.06928
v -1.55101 2.26000 0.04899
v -1.56000 2.23072 -0.00000
v -1.57172 2.23072 -0.02828
v -1.60000 2.23072 -0.04000
v -1.62828 2.23072 -0.02828
v -1.64000 2.23072 -0.00000
v -1.62828 2.23072 0.02828
v -1.60000 2.23072 0.04000
v -1.57172 2.23072 0.02828
v -1.60000 2.22000 -0.00000
v -1.60000 2.22000 -0.00000
v -1.60000 2.22000 -0.00000
v -1.60000 2.22000 -0.00000
v -1.60000 2.22000 -0.00000
v -1.60000 2.22000 0.00000
v -1.60000 2.22000 0.00000
v -1.60000 2.22000 0.00000
v -1.70000 2.15500 0.10000
v -1.50000 2.15500 0.10000
v -1.50000 2.15500 -0.10000
v -1.70000 2.15500 -0.10000
v -1.70000 2.18500 0.10000
v -1.50000 2.18500 0.10000
v -1.50000 2.18500 -0.10000
v -1.70000 2.18500 -0.10000
v -1.60000 -0.22750 -0.00000
v -1.60000 -0.22750 -0.00000
v -1.60000 -0.22750 -0.00000
v -1.60000 -0.22750 -0.00000
v -1.60000 -0.22750 -0.00000
v -1.60000 -0.22750 -0.00000
v -1.60000 -0.22750 -0.00000
v -1.60000 -0.22750 -0.00000
v -1.60000 -0.22750 -0.00000
v -1.60000 -0.22750 -0.00000
v -1.60000 -0.22750 -0.00000
v -1.60000 -0.22750 -0.00000
v -1.37250 -0.24391 -0.00000
v -1.40298 -0.24391 -0.11375
v -1.48625 -0.24391 -0.19702
v -1.60000 -0.24391 -0.22750
v -1.71375 -0.24391 -0.19702
v -1.79702 -0.24391 -0.11375
v -1.82750 -0.24391 -0.00000
v -1.79702 -0.24391 0.11375
v -1.71375 -0.24391 0.19702
v -1.60000 -0.24391 0.22750
v -1.48625 -0.24391 0.19702
v -1.40298 -0.24391 0.11375
v -1.20596 -0.28875 -0.00000
v -1.25875 -0.28875 -0.19702
v -1.40298 -0.28875 -0.34125
v -1.60000 -0.28875 -0.39404
v -1.79702 -0.28875 -0.34125
v -1.94125 -0.28875 -0.19702
v -1.99404 -0.28875 -0.00000
v -1.94125 -0.28875 0.19702
v -1.79702 -0.28875 0.34125
v -1.60000 -0.28875 0.39404
v -1.40298 -0.28875 0.34125
v -1.25875 -0.28875 0.19702
v -1.14500 -0.35000 -0.00000
v -1.20596 -0.35000 -0.22750
v -1.37250 -0.35000 -0.39404
v -1.60000 -0.35000 -0.45500
v -1.82750 -0.35000 -0.39404
v -1.99404 -0.35000 -0.22750
v -2.05500 -0.35000 -0.00000
v -1.99404 -0.35000 0.22750
v -1.82750 -0.35000 0.39404
v -1.60000 -0.35000 0.45500
v -1.37250 -0.35000 0.39404
v -1.20596 -0.35000 0.22750
v -1.20596 -0.41125 -0.00000
v -1.25875 -0.41125 -0.19702
v -1.40298 -0.41125 -0.34125
v -1.60000 -0.41125 -0.39404
v -1.79702 -0.41125 -0.34125
v -1.94125 -0.41125 -0.19702
v -1.99404 -0.41125 -0.00000
v -1.94125 -0.41125 0.19702
v -1.79702 -0.41125 0.34125
v -1.60000 -0.41125 0.39404
v -1.40298 -0.41125 0.34125
v -1.25875 -0.41125 0.19702
v -1.37250 -0.45609 -0.00000
v -1.40298 -0.45609 -0.11375
v -1.48625 -0.45609 -0.19702
v -1.60000 -0.45609 -0.22750
v -1.71375 -0.45609 -0.19702
v -1.79702 -0.45609 -0.11375
v -1.82750 -0.45609 -0.00000
v -1.79702 -0.45609 0.11375
v -1.71375 -0.45609 0.19702
v -1.60000 -0.45609 0.22750
v -1.48625 -0.45609 0.19702
v -1.40298 -0.45609 0.11375
v -1.60000 -0.47250 -0.00000
v -1.60000 -0.47250 -0.00000
v -1.60000 -0.47250 -0.00000
v -1.60000 -0.47250 -0.00000
v -1.60000 -0.47250 -0.00000
v -1.60000 -0.47250 -0.00000
v -1.60000 -0.47250 -0.00000
v -1.60000 -0.47250 0.00000
v -1.60000 -0.47250 0.00000
v -1.60000 -0.47250 0.00000
v -1.60000 -0.47250 0.00000
v -1.60000 -0.47250 0.00000
v 1.60000 -0.22750 -0.00000
v 1.60000 -0.22750 -0.00000
v 1.60000 -0.22750 -0.00000
v 1.60000 -0.22750 -0.00000
v 1.60000 -0.22750 -0.00000
v 1.60000 -0.22750 -0.00000
v 1.60000 -0.22750 -0.00000
v 1.60000 -0.22750 -0.00000
v 1.60000 -0.22750 -0.00000
v 1.60000 -0.22750 -0.00000
v 1.60000 -0.22750 -0.00000
v 1.60000 -0.22750 -0.00000
v 1.82750 -0.24391 -0.00000
v 1.79702 -0.24391 -0.11375
v 1.71375 -0.24391 -0.19702
v 1.60000 -0.24391 -0.22750
v 1.48625 -0.24391 -0.19702
v 1.40298 -0.24391 -0.11375
v 1.37250 -0.24391 -0.00000
v 1.40298 -0.24391 0.11375
v 1.48625 -0.24391 0.19702
v 1.60000 -0.24391 0.22750
v 1.71375 -0.24391 0.19702
v 1.79702 -0.24391 0.11375
v 1.99404 -0.28875 -0.00000
v 1.94125 -0.28875 -0.19702
v 1.79702 -0.28875 -0.34125
v 1.60000 -0.28875 -0.39404
v 1.40298 -0.28875 -0.34125
v 1.25875 -0.28875 -0.19702
v 1.20596 -0.28875 -0.00000
v 1.25875 -0.28875 0.19702
v 1.40298 -0.28875 0.34125
v 1.60000 -0.28875 0.39404
v 1.79702 -0.28875 0.34125
v 1.94125 -0.28875 0.19702
v 2.05500 -0.35000 -0.00000
v 1.99404 -0.35000 -0.22750
v 1.82750 -0.35000 -0.39404
v 1.60000 -0.35000 -0.45500
v 1.37250 -0.35000 -0.39404
v 1.20596 -0.35000 -0.22750
v 1.14500 -0.35000 -0.00000
v 1.20596 -0.35000 0.22750
v 1.37250 -0.35000 0.39404
v 1.60000 -0.35000 0.45500
v 1.82750 -0.35000 0.39404
v 1.99404 -0.35000 0.22750
v 1.99404 -0.41125 -0.00000
v 1.94125 -0.41125 -0.19702
v 1.79702 -0.41125 -0.34125
v 1.60000 -0.41125 -0.39404
v 1.40298 -0.41125 -0.34125
v 1.25875 -0.41125 -0.19702
v 1.20596 -0.41125 -0.00000
v 1.25875 -0.41125 0.19702
v 1.40298 -0.41125 0.34125
v 1.60000 -0.41125 0.39404
v 1.79702 -0.41125 0.34125
v 1.94125 -0.41125 0.19702
v 1.82750 -0.45609 -0.00000
v 1.79702 -0.45609 -0.11375
v 1.71375 -0.45609 -0.19702
v 1.60000 -0.45609 -0.22750
v 1.48625 -0.45609 -0.19702
v 1.40298 -0.45609 -0.11375
v 1.37250 -0.45609 -0.00000
v 1.40298 -0.45609 0.11375
v 1.48625 -0.45609 0.19702
v 1.60000 -0.45609 0.22750
v 1.71375 -0.45609 0.19702
v 1.79702 -0.45609 0.11375
v 1.60000 -0.47250 -0.00000
v 1.60000 -0.47250 -0.00000
v 1.60000 -0.47250 -0.00000
v 1.60000 -0.47250 -0.00000
v 1.60000 -0.47250 -0.00000
v 1.60000 -0.47250 -0.00000
v 1.60000 -0.47250 -0.00000
v 1.60000 -0.47250 0.00000
v 1.60000 -0.47250 0.00000
v 1.60000 -0.47250 0.00000
v 1.60000 -0.47250 0.00000
v 1.60000 -0.47250 0.00000
v -1.88000 0.25000 -0.25000
v -1.88000 -0.15000 -0.25000
v -1.88268 0.25000 -0.26000
v -1.88268 -0.15000 -0.26000
v -1.89000 0.25000 -0.26732
v -1.89000 -0.15000 -0.26732
v -1.90000 0.25000 -0.27000
v -1.90000 -0.15000 -0.27000
v -1.91000 0.25000 -0.26732
v -1.91000 -0.15000 -0.26732
v -1.91732 0.25000 -0.26000
v -1.91732 -0.15000 -0.26000
v -1.92000 0.25000 -0.25000
v -1.92000 -0.15000 -0.25000
v -1.91732 0.25000 -0.24000
v -1.91732 -0.15000 -0.24000
v -1.91000 0.25000 -0.23268
v -1.91000 -0.15000 -0.23268
v -1.90000 0.25000 -0.23000
v -1.90000 -0.15000 -0.23000
v -1.89000 0.25000 -0.23268
v -1.89000 -0.15000 -0.23268
v -1.88268 0.25000 -0.24000
v -1.88268 -0.15000 -0.24000
v -1.90000 0.25000 -0.25000
v -1.90000 -0.15000 -0.25000
v -1.77400 0.29950 -0.25000
v -1.77400 0.29950 -0.25000
v -1.77400 0.29950 -0.25000
v -1.77400 0.29950 -0.25000
v -1.77400 0.29950 -0.25000
v -1.77400 0.29950 -0.25000
v -1.77400 0.29950 -0.25000
v -1.77400 0.29950 -0.25000
v -1.72900 0.29287 -0.25000
v -1.74218 0.29287 -0.28182
v -1.77400 0.29287 -0.29500
v -1.80582 0.29287 -0.28182
v -1.81900 0.29287 -0.25000
v -1.80582 0.29287 -0.21818
v -1.77400 0.29287 -0.20500
v -1.74218 0.29287 -0.21818
v -1.69606 0.27475 -0.25000
v -1.71889 0.27475 -0.30511
v -1.77400 0.27475 -0.32794
v -1.82911 0.27475 -0.30511
v -1.85194 0.27475 -0.25000
v -1.82911 0.27475 -0.19489
v -1.77400 0.27475 -0.17206
v -1.71889 0.27475 -0.19489
v -1.68400 0.25000 -0.25000
v -1.71036 0.25000 -0.31364
v -1.77400 0.25000 -0.34000
v -1.83764 0.25000 -0.31364
v -1.86400 0.25000 -0.25000
v -1.83764 0.25000 -0.18636
v -1.77400 0.25000 -0.16000
v -1.71036 0.25000 -0.18636
v -1.69606 0.22525 -0.25000
v -1.71889 0.22525 -0.30511
v -1.77400 0.22525 -0.32794
v -1.82911 0.22525 -0.30511
v -1.85194 0.22525 -0.25000
v -1.82911 0.22525 -0.19489
v -1.77400 0.22525 -0.17206
v -1.71889 0.22525 -0.19489
v -1.72900 0.20713 -0.25000
v -1.74218 0.20713 -0.28182
v -1.77400 0.20713 -0.29500
v -1.80582 0.20713 -0.28182
v -1.81900 0.20713 -0.25000
v -1.80582 0.20713 -0.21818
v -1.77400 0.20713 -0.20500
v -1.74218 0.20713 -0.21818
v -1.77400 0.20050 -0.25000
v -1.77400 0.20050 -0.25000
v -1.77400 0.20050 -0.25000
v -1.77400 0.20050 -0.25000
v -1.77400 0.20050 -0.25000
v -1.77400 0.20050 -0.25000
v -1.77400 0.20050 -0.25000
v -1.77400 0.20050 -0.25000
v -1.83700 0.29950 -0.35912
v -1.83700 0.29950 -0.35912
v -1.83700 0.29950 -0.35912
v -1.83700 0.29950 -0.35912
v -1.83700 0.29950 -0.35912
v -1.83700 0.29950 -0.35912
v -1.83700 0.29950 -0.35912
v -1.83700 0.29950 -0.35912
v -1.79200 0.29287 -0.35912
v -1.80518 0.29287 -0.39094
v -1.83700 0.29287 -0.40412
v -1.86882 0.29287 -0.39094
v -1.88200 0.29287 -0.35912
v -1.86882 0.29287 -0.32730
v -1.83700 0.29287 -0.31412
v -1.80518 0.29287 -0.32730
v -1.75906 0.27475 -0.35912
v -1.78189 0.27475 -0.41423
v -1.83700 0.27475 -0.43706
v -1.89211 0.27475 -0.41423
v -1.91494 0.27475 -0.35912
v -1.89211 0.27475 -0.30401
v -1.83700 0.27475 -0.28118
v -1.78189 0.27475 -0.30401
v -1.74700 0.25000 -0.35912
v -1.77336 0.25000 -0.42276
v -1.83700 0.25000 -0.44912
v -1.90064 0.25000 -0.42276
v -1.92700 0.25000 -0.35912
v -1.90064 0.25000 -0.29548
v -1.83700 0.25000 -0.26912
v -1.77336 0.25000 -0.29548
v -1.75906 0.22525 -0.35912
v -1.78189 0.22525 -0.41423
v -1.83700 0.22525 -0.43706
v -1.89211 0.22525 -0.41423
v -1.91494 0.22525 -0.35912
v -1.89211 0.22525 -0.30401
v -1.83700 0.22525 -0.28118
v -1.78189 0.22525 -0.30401
v -1.79200 0.20713 -0.35912
v -1.80518 0.20713 -0.39094
v -1.83700 0.20713 -0.40412
v -1.86882 0.20713 -0.39094
v -1.88200 0.20713 -0.35912
v -1.86882 0.20713 -0.32730
v -1.83700 0.20713 -0.31412
v -1.80518 0.20713 -0.32730
v -1.83700 0.20050 -0.35912
v -1.83700 0.20050 -0.35912
v -1.83700 0.20050 -0.35912
v -1.83700 0.20050 -0.35912
v -1.83700 0.20050 -0.35912
v -1.83700 0.20050 -0.35912
v -1.83700 0.20050 -0.35912
v -1.83700 0.20050 -0.35912
v -1.96300 0.29950 -0.35912
v -1.96300 0.29950 -0.35912
v -1.96300 0.29950 -0.35912
v -1.96300 0.29950 -0.35912
v -1.96300 0.29950 -0.35912
v -1.96300 0.29950 -0.35912
v -1.96300 0.29950 -0.35912
v -1.96300 0.29950 -0.35912
v -1.91800 0.29287 -0.35912
v -1.93118 0.29287 -0.39094
v -1.96300 0.29287 -0.40412
v -1.99482 0.29287 -0.39094
v -2.00800 0.29287 -0.35912
v -1.99482 0.29287 -0.32730
v -1.96300 0.29287 -0.31412
v -1.93118 0.29287 -0.32730
v -1.88506 0.27475 -0.35912
v -1.90789 0.27475 -0.41423
v -1.96300 0.27475 -0.43706
v -2.01811 0.27475 -0.41423
v -2.04094 0.27475 -0.35912
v -2.01811 0.27475 -0.30401
v -1.96300 0.27475 -0.28118
v -1.90789 0.27475 -0.30401
v -1.87300 0.25000 -0.35912
v -1.89936 0.25000 -0.42276
v -1.96300 0.25000 -0.44912
v -2.02664 0.25000 -0.42276
v -2.05300 0.25000 -0.35912
v -2.02664 0.25000 -0.29548
v -1.96300 0.25000 -0.26912
v -1.89936 0.25000 -0.29548
v -1.88506 0.22525 -0.35912
v -1.90789 0.22525 -0.41423
v -1.96300 0.22525 -0.43706
v -2.01811 0.22525 -0.41423
v -2.04094 0.22525 -0.35912
v -2.01811 0.22525 -0.30401
v -1.96300 0.22525 -0.28118
v -1.90789 0.22525 -0.30401
v -1.91800 0.20713 -0.35912
v -1.93118 0.20713 -0.39094
v -1.96300 0.20713 -0.40412
v -1.99482 0.20713 -0.39094
v -2.00800 0.20713 -0.35912
v -1.99482 0.20713 -0.32730
v -1.96300 0.20713 -0.31412
v -1.93118 0.20713 -0.32730
v -1.96300 0.20050 -0.35912
v -1.96300 0.20050 -0.35912
v -1.96300 0.20050 -0.35912
v -1.96300 0.20050 -0.35912
v -1.96300 0.20050 -0.35912
v -1.96300 0.20050 -0.35912
v -1.96300 0.20050 -0.35912
v -1.96300 0.20050 -0.35912
v -2.02600 0.29950 -0.25000
v -2.02600 0.29950 -0.25000
v -2.02600 0.29950 -0.25000
v -2.02600 0.29950 -0.25000
v -2.02600 0.29950 -0.25000
v -2.02600 0.29950 -0.25000
v -2.02600 0.29950 -0.25000
v -2.02600 0.29950 -0.25000
v -1.98100 0.29287 -0.25000
v -1.99418 0.29287 -0.28182
v -2.02600 0.29287 -0.29500
v -2.05782 0.29287 -0.28182
v -2.07100 0.29287 -0.25000
v -2.05782 0.29287 -0.21818
v -2.02600 0.29287 -0.20500
v -1.99418 0.29287 -0.21818
v -1.94806 0.27475 -0.25000
v -1.97089 0.27475 -0.30511
v -2.02600 0.27475 -0.32794
v -2.08111 0.27475 -0.30511
v -2.10394 0.27475 -0.25000
v -2.08111 0.27475 -0.19489
v -2.02600 0.27475 -0.17206
v -1.97089 0.27475 -0.19489
v -1.93600 0.25000 -0.25000
v -1.96236 0.25000 -0.31364
v -2.02600 0.25000 -0.34000
v -2.08964 0.25000 -0.31364
v -2.11600 0.25000 -0.25000
v -2.08964 0.25000 -0.18636
v -2.02600 0.25000 -0.16000
v -1.96236 0.25000 -0.18636
v -1.94806 0.22525 -0.25000
v -1.97089 0.22525 -0.30511
v -2.02600 0.22525 -0.32794
v -2.08111 0.22525 -0.30511
v -2.10394 0.22525 -0.25000
v -2.08111 0.22525 -0.19489
v -2.02600 0.22525 -0.17206
v -1.97089 0.22525 -0.19489
v -1.98100 0.20713 -0.25000
v -1.99418 0.20713 -0.28182
v -2.02600 0.20713 -0.29500
v -2.05782 0.20713 -0.28182
v -2.07100 0.20713 -0.25000
v -2.05782 0.20713 -0.21818
v -2.02600 0.20713 -0.20500
v -1.99418 0.20713 -0.21818
v -2.02600 0.20050 -0.25000
v -2.02600 0.20050 -0.25000
v -2.02600 0.20050 -0.25000
v -2.02600 0.20050 -0.25000
v -2.02600 0.20050 -0.25000
v -2.02600 0.20050 -0.25000
v -2.02600 0.20050 -0.25000
v -2.02600 0.20050 -0.25000
v -1.96300 0.29950 -0.14088
v -1.96300 0.29950 -0.14088
v -1.96300 0.29950 -0.14088
v -1.96300 0.29950 -0.14088
v -1.96300 0.29950 -0.14088
v -1.96300 0.29950 -0.14088
v -1.96300 0.29950 -0.14088
v -1.96300 0.29950 -0.14088
v -1.91800 0.29287 -0.14088
v -1.93118 0.29287 -0.17270
v -1.96300 0.29287 -0.18588
v -1.99482 0.29287 -0.17270
v -2.00800 0.29287 -0.14088
v -1.99482 0.29287 -0.10906
v -1.96300 0.29287 -0.09588
v -1.93118 0.29287 -0.10906
v -1.88506 0.27475 -0.14088
v -1.90789 0.27475 -0.19599
v -1.96300 0.27475 -0.21882
v -2.01811 0.27475 -0.19599
v -2.04094 0.27475 -0.14088
v -2.01811 0.27475 -0.08577
v -1.96300 0.27475 -0.06294
v -1.90789 0.27475 -0.08577
v -1.87300 0.25000 -0.14088
v -1.89936 0.25000 -0.20452
v -1.96300 0.25000 -0.23088
v -2.02664 0.25000 -0.20452
v -2.05300 0.25000 -0.14088
v -2.02664 0.25000 -0.07724
v -1.96300 0.25000 -0.05088
v -1.89936 0.25000 -0.07724
v -1.88506 0.22525 -0.14088
v -1.90789 0.22525 -0.19599
v -1.96300 0.22525 -0.21882
v -2.01811 0.22525 -0.19599
v -2.04094 0.22525 -0.14088
v -2.01811 0.22525 -0.08577
v -1.96300 0.22525 -0.06294
v -1.90789 0.22525 -0.08577
v -1.91800 0.20713 -0.14088
v -1.93118 0.20713 -0.17270
v -1.96300 0.20713 -0.18588
v -1.99482 0.20713 -0.17270
v -2.00800 0.20713 -0.14088
v -1.99482 0.20713 -0.10906
v -1.96300 0.20713 -0.09588
v -1.93118 0.20713 -0.10906
v -1.96300 0.20050 -0.14088
v -1.96300 0.20050 -0.14088
v -1.96300 0.20050 -0.14088
v -1.96300 0.20050 -0.14088
v -1.96300 0.20050 -0.14088
v -1.96300 0.20050 -0.14088
v -1.96300 0.20050 -0.14088
v -1.96300 0.20050 -0.14088
v -1.83700 0.29950 -0.14088
v -1.83700 0.29950 -0.14088
v -1.83700 0.29950 -0.14088
v -1.83700 0.29950 -0.14088
v -1.83700 0.29950 -0.14088
v -1.83700 0.29950 -0.14088
v -1.83700 0.29950 -0.14088
v -1.83700 0.29950 -0.14088
v -1.79200 0.29287 -0.14088
v -1.80518 0.29287 -0.17270
v -1.83700 0.29287 -0.18588
v -1.86882 0.29287 -0.17270
v -1.88200 0.29287 -0.14088
v -1.86882 0.29287 -0.10906
v -1.83700 0.29287 -0.09588
v -1.80518 0.29287 -0.10906
v -1.75906 0.27475 -0.14088
v -1.78189 0.27475 -0.19599
v -1.83700 0.27475 -0.21882
v -1.89211 0.27475 -0.19599
v -1.91494 0.27475 -0.14088
v -1.89211 0.27475 -0.08577
v -1.83700 0.27475 -0.06294
v -1.78189 0.27475 -0.08577
v -1.74700 0.25000 -0.14088
v -1.77336 0.25000 -0.20452
v -1.83700 0.25000 -0.23088
v -1.90064 0.25000 -0.20452
v -1.92700 0.25000 -0.14088
v -1.90064 0.25000 -0.07724
v -1.83700 0.25000 -0.05088
v -1.77336 0.25000 -0.07724
v -1.75906 0.22525 -0.14088
v -1.78189 0.22525 -0.19599
v -1.83700 0.22525 -0.21882
v -1.89211 0.22525 -0.19599
v -1.91494 0.22525 -0.14088
v -1.89211 0.22525 -0.08577
v -1.83700 0.22525 -0.06294
v -1.78189 0.22525 -0.08577
v -1.79200 0.20713 -0.14088
v -1.80518 0.20713 -0.17270
v -1.83700 0.20713 -0.18588
v -1.86882 0.20713 -0.17270
v -1.88200 0.20713 -0.14088
v -1.86882 0.20713 -0.10906
v -1.83700 0.20713 -0.09588
v -1.80518 0.20713 -0.10906
v -1.83700 0.20050 -0.14088
v -1.83700 0.20050 -0.14088
v -1.83700 0.20050 -0.14088
v -1.83700 0.20050 -0.14088
v -1.83700 0.20050 -0.14088
v -1.83700 0.20050 -0.14088
v -1.83700 0.20050 -0.14088
v -1.83700 0.20050 -0.14088
v -1.90000 0.30500 -0.25000
v -1.90000 0.30500 -0.25000
v -1.90000 0.30500 -0.25000
v -1.90000 0.30500 -0.25000
v -1.90000 0.30500 -0.25000
v -1.90000 0.30500 -0.25000
v -1.90000 0.30500 -0.25000
v -1.90000 0.30500 -0.25000
v -1.87250 0.29763 -0.25000
v -1.88055 0.29763 -0.26945
v -1.90000 0.29763 -0.27750
v -1.91945 0.29763 -0.26945
v -1.92750 0.29763 -0.25000
v -1.91945 0.29763 -0.23055
v -1.90000 0.29763 -0.22250
v -1.88055 0.29763 -0.23055
v -1.85237 0.27750 -0.25000
v -1.86632 0.27750 -0.28368
v -1.90000 0.27750 -0.29763
v -1.93368 0.27750 -0.28368
v -1.94763 0.27750 -0.25000
v -1.93368 0.27750 -0.21632
v -1.90000 0.27750 -0.20237
v -1.86632 0.27750 -0.21632
v -1.84500 0.25000 -0.25000
v -1.86111 0.25000 -0.28889
v -1.90000 0.25000 -0.30500
v -1.93889 0.25000 -0.28889
v -1.95500 0.25000 -0.25000
v -1.93889 0.25000 -0.21111
v -1.90000 0.25000 -0.19500
v -1.86111 0.25000 -0.21111
v -1.85237 0.22250 -0.25000
v -1.86632 0.22250 -0.28368
v -1.90000 0.22250 -0.29763
v -1.93368 0.22250 -0.28368
v -1.94763 0.22250 -0.25000
v -1.93368 0.22250 -0.21632
v -1.90000 0.22250 -0.20237
v -1.86632 0.22250 -0.21632
v -1.87250 0.20237 -0.25000
v -1.88055 0.20237 -0.26945
v -1.90000 0.20237 -0.27750
v -1.91945 0.20237 -0.26945
v -1.92750 0.20237 -0.25000
v -1.91945 0.20237 -0.23055
v -1.90000 0.20237 -0.22250
v -1.88055 0.20237 -0.23055
v -1.90000 0.19500 -0.25000
v -1.90000 0.19500 -0.25000
v -1.90000 0.19500 -0.25000
v -1.90000 0.19500 -0.25000
v -1.90000 0.19500 -0.25000
v -1.90000 0.19500 -0.25000
v -1.90000 0.19500 -0.25000
v -1.90000 0.19500 -0.25000
v -1.72804 -0.06400 -0.30319
v -1.72804 -0.06400 -0.30319
v -1.72804 -0.06400 -0.30319
v -1.72804 -0.06400 -0.30319
v -1.72804 -0.06400 -0.30319
v -1.72804 -0.06400 -0.30319
v -1.72804 -0.06400 -0.30319
v -1.72804 -0.06400 -0.30319
v -1.61604 -0.07150 -0.30319
v -1.64884 -0.07150 -0.33289
v -1.72804 -0.07150 -0.34519
v -1.80724 -0.07150 -0.33289
v -1.84004 -0.07150 -0.30319
v -1.80724 -0.07150 -0.27350
v -1.72804 -0.07150 -0.26119
v -1.64884 -0.07150 -0.27350
v -1.53405 -0.09200 -0.30319
v -1.59087 -0.09200 -0.35463
v -1.72804 -0.09200 -0.37594
v -1.86521 -0.09200 -0.35463
v -1.92203 -0.09200 -0.30319
v -1.86521 -0.09200 -0.25175
v -1.72804 -0.09200 -0.23045
v -1.59087 -0.09200 -0.25175
v -1.50404 -0.12000 -0.30319
v -1.56965 -0.12000 -0.36259
v -1.72804 -0.12000 -0.38719
v -1.88643 -0.12000 -0.36259
v -1.95204 -0.12000 -0.30319
v -1.88643 -0.12000 -0.24380
v -1.72804 -0.12000 -0.21919
v -1.56965 -0.12000 -0.24380
v -1.53405 -0.14800 -0.30319
v -1.59087 -0.14800 -0.35463
v -1.72804 -0.14800 -0.37594
v -1.86521 -0.14800 -0.35463
v -1.92203 -0.14800 -0.30319
v -1.86521 -0.14800 -0.25175
v -1.72804 -0.14800 -0.23045
v -1.59087 -0.14800 -0.25175
v -1.61604 -0.16850 -0.30319
v -1.64884 -0.16850 -0.33289
v -1.72804 -0.16850 -0.34519
v -1.80724 -0.16850 -0.33289
v -1.84004 -0.16850 -0.30319
v -1.80724 -0.16850 -0.27350
v -1.72804 -0.16850 -0.26119
v -1.64884 -0.16850 -0.27350
v -1.72804 -0.17600 -0.30319
v -1.72804 -0.17600 -0.30319
v -1.72804 -0.17600 -0.30319
v -1.72804 -0.17600 -0.30319
v -1.72804 -0.17600 -0.30319
v -1.72804 -0.17600 -0.30319
v -1.72804 -0.17600 -0.30319
v -1.72804 -0.17600 -0.30319
v -1.89575 -0.06400 -0.54997
v -1.89575 -0.06400 -0.54997
v -1.89575 -0.06400 -0.54997
v -1.89575 -0.06400 -0.54997
v -1.89575 -0.06400 -0.54997
v -1.89575 -0.06400 -0.54997
v -1.89575 -0.06400 -0.54997
v -1.89575 -0.06400 -0.54997
v -1.78375 -0.07150 -0.54997
v -1.81656 -0.07150 -0.57967
v -1.89575 -0.07150 -0.59197
v -1.97495 -0.07150 -0.57967
v -2.00775 -0.07150 -0.54997
v -1.97495 -0.07150 -0.52027
v -1.89575 -0.07150 -0.50797
v -1.81656 -0.07150 -0.52027
v -1.70176 -0.09200 -0.54997
v -1.75858 -0.09200 -0.60141
v -1.89575 -0.09200 -0.62272
v -2.03292 -0.09200 -0.60141
v -2.08974 -0.09200 -0.54997
v -2.03292 -0.09200 -0.49853
v -1.89575 -0.09200 -0.47722
v -1.75858 -0.09200 -0.49853
v -1.67175 -0.12000 -0.54997
v -1.73736 -0.12000 -0.60937
v -1.89575 -0.12000 -0.63397
v -2.05414 -0.12000 -0.60937
v -2.11975 -0.12000 -0.54997
v -2.05414 -0.12000 -0.49057
v -1.89575 -0.12000 -0.46597
v -1.73736 -0.12000 -0.49057
v -1.70176 -0.14800 -0.54997
v -1.75858 -0.14800 -0.60141
v -1.89575 -0.14800 -0.62272
v -2.03292 -0.14800 -0.60141
v -2.08974 -0.14800 -0.54997
v -2.03292 -0.14800 -0.49853
v -1.89575 -0.14800 -0.47722
v -1.75858 -0.14800 -0.49853
v -1.78375 -0.16850 -0.54997
v -1.81656 -0.16850 -0.57967
v -1.89575 -0.16850 -0.59197
v -1.97495 -0.16850 -0.57967
v -2.00775 -0.16850 -0.54997
v -1.97495 -0.16850 -0.52027
v -1.89575 -0.16850 -0.50797
v -1.81656 -0.16850 -0.52027
v -1.89575 -0.17600 -0.54997
v -1.89575 -0.17600 -0.54997
v -1.89575 -0.17600 -0.54997
v -1.89575 -0.17600 -0.54997
v -1.89575 -0.17600 -0.54997
v -1.89575 -0.17600 -0.54997
v -1.89575 -0.17600 -0.54997
v -1.89575 -0.17600 -0.54997
v -2.07039 -0.06400 -0.30804
v -2.07039 -0.06400 -0.30804
v -2.07039 -0.06400 -0.30804
v -2.07039 -0.06400 -0.30804
v -2.07039 -0.06400 -0.30804
v -2.07039 -0.06400 -0.30804
v -2.07039 -0.06400 -0.30804
v -2.07039 -0.06400 -0.30804
v -1.95839 -0.07150 -0.30804
v -1.99119 -0.07150 -0.33774
v -2.07039 -0.07150 -0.35004
v -2.14958 -0.07150 -0.33774
v -2.18239 -0.07150 -0.30804
v -2.14958 -0.07150 -0.27834
v -2.07039 -0.07150 -0.26604
v -1.99119 -0.07150 -0.27834
v -1.87640 -0.09200 -0.30804
v -1.93321 -0.09200 -0.35948
v -2.07039 -0.09200 -0.38079
v -2.20756 -0.09200 -0.35948
v -2.26438 -0.09200 -0.30804
v -2.20756 -0.09200 -0.25660
v -2.07039 -0.09200 -0.23530
v -1.93321 -0.09200 -0.25660
v -1.84639 -0.12000 -0.30804
v -1.91199 -0.12000 -0.36744
v -2.07039 -0.12000 -0.39204
v -2.22878 -0.12000 -0.36744
v -2.29439 -0.12000 -0.30804
v -2.22878 -0.12000 -0.24864
v -2.07039 -0.12000 -0.22404
v -1.91199 -0.12000 -0.24864
v -1.87640 -0.14800 -0.30804
v -1.93321 -0.14800 -0.35948
v -2.07039 -0.14800 -0.38079
v -2.20756 -0.14800 -0.35948
v -2.26438 -0.14800 -0.30804
v -2.20756 -0.14800 -0.25660
v -2.07039 -0.14800 -0.23530
v -1.93321 -0.14800 -0.25660
v -1.95839 -0.16850 -0.30804
v -1.99119 -0.16850 -0.33774
v -2.07039 -0.16850 -0.35004
v -2.14958 -0.16850 -0.33774
v -2.18239 -0.16850 -0.30804
v -2.14958 -0.16850 -0.27834
v -2.07039 -0.16850 -0.26604
v -1.99119 -0.16850 -0.27834
v -2.07039 -0.17600 -0.30804
v -2.07039 -0.17600 -0.30804
v -2.07039 -0.17600 -0.30804
v -2.07039 -0.17600 -0.30804
v -2.07039 -0.17600 -0.30804
v -2.07039 -0.17600 -0.30804
v -2.07039 -0.17600 -0.30804
v -2.07039 -0.17600 -0.30804
v -2.07975 -0.06400 -0.00982
v -2.07975 -0.06400 -0.00982
v -2.07975 -0.06400 -0.00982
v -2.07975 -0.06400 -0.00982
v -2.07975 -0.06400 -0.00982
v -2.07975 -0.06400 -0.00982
v -2.07975 -0.06400 -0.00982
v -2.07975 -0.06400 -0.00982
v -1.96775 -0.07150 -0.00982
v -2.00056 -0.07150 -0.03951
v -2.07975 -0.07150 -0.05182
v -2.15895 -0.07150 -0.03951
v -2.19175 -0.07150 -0.00982
v -2.15895 -0.07150 0.01988
v -2.07975 -0.07150 0.03218
v -2.00056 -0.07150 0.01988
v -1.88576 -0.09200 -0.00982
v -1.94258 -0.09200 -0.06126
v -2.07975 -0.09200 -0.08256
v -2.21693 -0.09200 -0.06126
v -2.27374 -0.09200 -0.00982
v -2.21693 -0.09200 0.04162
v -2.07975 -0.09200 0.06293
v -1.94258 -0.09200 0.04162
v -1.85575 -0.12000 -0.00982
v -1.92136 -0.12000 -0.06921
v -2.07975 -0.12000 -0.09382
v -2.23815 -0.12000 -0.06921
v -2.30375 -0.12000 -0.00982
v -2.23815 -0.12000 0.04958
v -2.07975 -0.12000 0.07418
v -1.92136 -0.12000 0.04958
v -1.88576 -0.14800 -0.00982
v -1.94258 -0.14800 -0.06126
v -2.07975 -0.14800 -0.08256
v -2.21693 -0.14800 -0.06126
v -2.27374 -0.14800 -0.00982
v -2.21693 -0.14800 0.04162
v -2.07975 -0.14800 0.06293
v -1.94258 -0.14800 0.04162
v -1.96775 -0.16850 -0.00982
v -2.00056 -0.16850 -0.03951
v -2.07975 -0.16850 -0.05182
v -2.15895 -0.16850 -0.03951
v -2.19175 -0.16850 -0.00982
v -2.15895 -0.16850 0.01988
v -2.07975 -0.16850 0.03218
v -2.00056 -0.16850 0.01988
v -2.07975 -0.17600 -0.00982
v -2.07975 -0.17600 -0.00982
v -2.07975 -0.17600 -0.00982
v -2.07975 -0.17600 -0.00982
v -2.07975 -0.17600 -0.00982
v -2.07975 -0.17600 -0.00982
v -2.07975 -0.17600 -0.00982
v -2.07975 -0.17600 -0.00982
v -1.79627 -0.06400 -0.10289
v -1.79627 -0.06400 -0.10289
v -1.79627 -0.06400 -0.10289
v -1.79627 -0.06400 -0.10289
v -1.79627 -0.06400 -0.10289
v -1.79627 -0.06400 -0.10289
v -1.79627 -0.06400 -0.10289
v -1.79627 -0.06400 -0.10289
v -1.68427 -0.07150 -0.10289
v -1.71708 -0.07150 -0.13259
v -1.79627 -0.07150 -0.14489
v -1.87547 -0.07150 -0.13259
v -1.90827 -0.07150 -0.10289
v -1.87547 -0.07150 -0.07320
v -1.79627 -0.07150 -0.06089
v -1.71708 -0.07150 -0.07320
v -1.60228 -0.09200 -0.10289
v -1.65910 -0.09200 -0.15433
v -1.79627 -0.09200 -0.17564
v -1.93344 -0.09200 -0.15433
v -1.99026 -0.09200 -0.10289
v -1.93344 -0.09200 -0.05145
v -1.79627 -0.09200 -0.03015
v -1.65910 -0.09200 -0.05145
v -1.57227 -0.12000 -0.10289
v -1.63788 -0.12000 -0.16229
v -1.79627 -0.12000 -0.18689
v -1.95466 -0.12000 -0.16229
v -2.02027 -0.12000 -0.10289
v -1.95466 -0.12000 -0.04350
v -1.79627 -0.12000 -0.01889
v -1.63788 -0.12000 -0.04350
v -1.60228 -0.14800 -0.10289
v -1.65910 -0.14800 -0.15433
v -1.79627 -0.14800 -0.17564
v -1.93344 -0.14800 -0.15433
v -1.99026 -0.14800 -0.10289
v -1.93344 -0.14800 -0.05145
v -1.79627 -0.14800 -0.03015
v -1.65910 -0.14800 -0.05145
v -1.68427 -0.16850 -0.10289
v -1.71708 -0.16850 -0.13259
v -1.79627 -0.16850 -0.14489
v -1.87547 -0.16850 -0.13259
v -1.90827 -0.16850 -0.10289
v -1.87547 -0.16850 -0.07320
v -1.79627 -0.16850 -0.06089
v -1.71708 -0.16850 -0.07320
v -1.79627 -0.17600 -0.10289
v -1.79627 -0.17600 -0.10289
v -1.79627 -0.17600 -0.10289
v -1.79627 -0.17600 -0.10289
v -1.79627 -0.17600 -0.10289
v -1.79627 -0.17600 -0.10289
v -1.79627 -0.17600 -0.10289
v -1.79627 -0.17600 -0.10289
v -1.38000 0.20000 -0.30000
v -1.38000 -0.20000 -0.30000
v -1.38268 0.20000 -0.31000
v -1.38268 -0.20000 -0.31000
v -1.39000 0.20000 -0.31732
v -1.39000 -0.20000 -0.31732
v -1.40000 0.20000 -0.32000
v -1.40000 -0.20000 -0.32000
v -1.41000 0.20000 -0.31732
v -1.41000 -0.20000 -0.31732
v -1.41732 0.20000 -0.31000
v -1.41732 -0.20000 -0.31000
v -1.42000 0.20000 -0.30000
v -1.42000 -0.20000 -0.30000
v -1.41732 0.20000 -0.29000
v -1.41732 -0.20000 -0.29000
v -1.41000 0.20000 -0.28268
v -1.41000 -0.20000 -0.28268
v -1.40000 0.20000 -0.28000
v -1.40000 -0.20000 -0.28000
v -1.39000 0.20000 -0.28268
v -1.39000 -0.20000 -0.28268
v -1.38268 0.20000 -0.29000
v -1.38268 -0.20000 -0.29000
v -1.40000 0.20000 -0.30000
v -1.40000 -0.20000 -0.30000
v -1.27400 0.24950 -0.30000
v -1.27400 0.24950 -0.30000
v -1.27400 0.24950 -0.30000
v -1.27400 0.24950 -0.30000
v -1.27400 0.24950 -0.30000
v -1.27400 0.24950 -0.30000
v -1.27400 0.24950 -0.30000
v -1.27400 0.24950 -0.30000
v -1.22900 0.24287 -0.30000
v -1.24218 0.24287 -0.33182
v -1.27400 0.24287 -0.34500
v -1.30582 0.24287 -0.33182
v -1.31900 0.24287 -0.30000
v -1.30582 0.24287 -0.26818
v -1.27400 0.24287 -0.25500
v -1.24218 0.24287 -0.26818
v -1.19606 0.22475 -0.30000
v -1.21889 0.22475 -0.35511
v -1.27400 0.22475 -0.37794
v -1.32911 0.22475 -0.35511
v -1.35194 0.22475 -0.30000
v -1.32911 0.22475 -0.24489
v -1.27400 0.22475 -0.22206
v -1.21889 0.22475 -0.24489
v -1.18400 0.20000 -0.30000
v -1.21036 0.20000 -0.36364
v -1.27400 0.20000 -0.39000
v -1.33764 0.20000 -0.36364
v -1.36400 0.20000 -0.30000
v -1.33764 0.20000 -0.23636
v -1.27400 0.20000 -0.21000
v -1.21036 0.20000 -0.23636
v -1.19606 0.17525 -0.30000
v -1.21889 0.17525 -0.35511
v -1.27400 0.17525 -0.37794
v -1.32911 0.17525 -0.35511
v -1.35194 0.17525 -0.30000
v -1.32911 0.17525 -0.24489
v -1.27400 0.17525 -0.22206
v -1.21889 0.17525 -0.24489
v -1.22900 0.15713 -0.30000
v -1.24218 0.15713 -0.33182
v -1.27400 0.15713 -0.34500
v -1.30582 0.15713 -0.33182
v -1.31900 0.15713 -0.30000
v -1.30582 0.15713 -0.26818
v -1.27400 0.15713 -0.25500
v -1.24218 0.15713 -0.26818
v -1.27400 0.15050 -0.30000
v -1.27400 0.15050 -0.30000
v -1.27400 0.15050 -0.30000
v -1.27400 0.15050 -0.30000
v -1.27400 0.15050 -0.30000
v -1.27400 0.15050 -0.30000
v -1.27400 0.15050 -0.30000
v -1.27400 0.15050 -0.30000
v -1.33700 0.24950 -0.40912
v -1.33700 0.24950 -0.40912
v -1.33700 0.24950 -0.40912
v -1.33700 0.24950 -0.40912
v -1.33700 0.24950 -0.40912
v -1.33700 0.24950 -0.40912
v -1.33700 0.24950 -0.40912
v -1.33700 0.24950 -0.40912
v -1.29200 0.24287 -0.40912
v -1.30518 0.24287 -0.44094
v -1.33700 0.24287 -0.45412
v -1.36882 0.24287 -0.44094
v -1.38200 0.24287 -0.40912
v -1.36882 0.24287 -0.37730
v -1.33700 0.24287 -0.36412
v -1.30518 0.24287 -0.37730
v -1.25906 0.22475 -0.40912
v -1.28189 0.22475 -0.46423
v -1.33700 0.22475 -0.48706
v -1.39211 0.22475 -0.46423
v -1.41494 0.22475 -0.40912
v -1.39211 0.22475 -0.35401
v -1.33700 0.22475 -0.33118
v -1.28189 0.22475 -0.35401
v -1.24700 0.20000 -0.40912
v -1.27336 0.20000 -0.47276
v -1.33700 0.20000 -0.49912
v -1.40064 0.20000 -0.47276
v -1.42700 0.20000 -0.40912
v -1.40064 0.20000 -0.34548
v -1.33700 0.20000 -0.31912
v -1.27336 0.20000 -0.34548
v -1.25906 0.17525 -0.40912
v -1.28189 0.17525 -0.46423
v -1.33700 0.17525 -0.48706
v -1.39211 0.17525 -0.46423
v -1.41494 0.17525 -0.40912
v -1.39211 0.17525 -0.35401
v -1.33700 0.17525 -0.33118
v -1.28189 0.17525 -0.35401
v -1.29200 0.15713 -0.40912
v -1.30518 0.15713 -0.44094
v -1.33700 0.15713 -0.45412
v -1.36882 0.15713 -0.44094
v -1.38200 0.15713 -0.40912
v -1.36882 0.15713 -0.37730
v -1.33700 0.15713 -0.36412
v -1.30518 0.15713 -0.37730
v -1.33700 0.15050 -0.40912
v -1.33700 0.15050 -0.40912
v -1.33700 0.15050 -0.40912
v -1.33700 0.15050 -0.40912
v -1.33700 0.15050 -0.40912
v -1.33700 0.15050 -0.40912
v -1.33700 0.15050 -0.40912
v -1.33700 0.15050 -0.40912
v -1.46300 0.24950 -0.40912
v -1.46300 0.24950 -0.40912
v -1.46300 0.24950 -0.40912
v -1.46300 0.24950 -0.40912
v -1.46300 0.24950 -0.40912
v -1.46300 0.24950 -0.40912
v -1.46300 0.24950 -0.40912
v -1.46300 0.24950 -0.40912
v -1.41800 0.24287 -0.40912
v -1.43118 0.24287 -0.44094
v -1.46300 0.24287 -0.45412
v -1.49482 0.24287 -0.44094
v -1.50800 0.24287 -0.40912
v -1.49482 0.24287 -0.37730
v -1.46300 0.24287 -0.36412
v -1.43118 0.24287 -0.37730
v -1.38506 0.22475 -0.40912
v -1.40789 0.22475 -0.46423
v -1.46300 0.22475 -0.48706
v -1.51811 0.22475 -0.46423
v -1.54094 0.22475 -0.40912
v -1.51811 0.22475 -0.35401
v -1.46300 0.22475 -0.33118
v -1.40789 0.22475 -0.35401
v -1.37300 0.20000 -0.40912
v -1.39936 0.20000 -0.47276
v -1.46300 0.20000 -0.49912
v -1.52664 0.20000 -0.47276
v -1.55300 0.20000 -0.40912
v -1.52664 0.20000 -0.34548
v -1.46300 0.20000 -0.31912
v -1.39936 0.20000 -0.34548
v -1.38506 0.17525 -0.40912
v -1.40789 0.17525 -0.46423
v -1.46300 0.17525 -0.48706
v -1.51811 0.17525 -0.46423
v -1.54094 0.17525 -0.40912
v -1.51811 0.17525 -0.35401
v -1.46300 0.17525 -0.33118
v -1.40789 0.17525 -0.35401
v -1.41800 0.15713 -0.40912
v -1.43118 0.15713 -0.44094
v -1.46300 0.15713 -0.45412
v -1.49482 0.15713 -0.44094
v -1.50800 0.15713 -0.40912
v -1.49482 0.15713 -0.37730
v -1.46300 0.15713 -0.36412
v -1.43118 0.15713 -0.37730
v -1.46300 0.15050 -0.40912
v -1.46300 0.15050 -0.40912
v -1.46300 0.15050 -0.40912
v -1.46300 0.15050 -0.40912
v -1.46300 0.15050 -0.40912
v -1.46300 0.15050 -0.40912
v -1.46300 0.15050 -0.40912
v -1.46300 0.15050 -0.40912
v -1.52600 0.24950 -0.30000
v -1.52600 0.24950 -0.30000
v -1.52600 0.24950 -0.30000
v -1.52600 0.24950 -0.30000
v -1.52600 0.24950 -0.30000
v -1.52600 0.24950 -0.30000
v -1.52600 0.24950 -0.30000
v -1.52600 0.24950 -0.30000
v -1.48100 0.24287 -0.30000
v -1.49418 0.24287 -0.33182
v -1.52600 0.24287 -0.34500
v -1.55782 0.24287 -0.33182
v -1.57100 0.24287 -0.30000
v -1.55782 0.24287 -0.26818
v -1.52600 0.24287 -0.25500
v -1.49418 0.24287 -0.26818
v -1.44806 0.22475 -0.30000
v -1.47089 0.22475 -0.35511
v -1.52600 0.22475 -0.37794
v -1.58111 0.22475 -0.35511
v -1.60394 0.22475 -0.30000
v -1.58111 0.22475 -0.24489
v -1.52600 0.22475 -0.22206
v -1.47089 0.22475 -0.24489
v -1.43600 0.20000 -0.30000
v -1.46236 0.20000 -0.36364
v -1.52600 0.20000 -0.39000
v -1.58964 0.20000 -0.36364
v -1.61600 0.20000 -0.30000
v -1.58964 0.20000 -0.23636
v -1.52600 0.20000 -0.21000
v -1.46236 0.20000 -0.23636
v -1.44806 0.17525 -0.30000
v -1.47089 0.17525 -0.35511
v -1.52600 0.17525 -0.37794
v -1.58111 0.17525 -0.35511
v -1.60394 0.17525 -0.30000
v -1.58111 0.17525 -0.24489
v -1.52600 0.17525 -0.22206
v -1.47089 0.17525 -0.24489
v -1.48100 0.15713 -0.30000
v -1.49418 0.15713 -0.33182
v -1.52600 0.15713 -0.34500
v -1.55782 0.15713 -0.33182
v -1.57100 0.15713 -0.30000
v -1.55782 0.15713 -0.26818
v -1.52600 0.15713 -0.25500
v -1.49418 0.15713 -0.26818
v -1.52600 0.15050 -0.30000
v -1.52600 0.15050 -0.30000
v -1.52600 0.15050 -0.30000
v -1.52600 0.15050 -0.30000
v -1.52600 0.15050 -0.30000
v -1.52600 0.15050 -0.30000
v -1.52600 0.15050 -0.30000
v -1.52600 0.15050 -0.30000
v -1.46300 0.24950 -0.19088
v -1.46300 0.24950 -0.19088
v -1.46300 0.24950 -0.19088
v -1.46300 0.24950 -0.19088
v -1.46300 0.24950 -0.19088
v -1.46300 0.24950 -0.19088
v -1.46300 0.24950 -0.19088
v -1.46300 0.24950 -0.19088
v -1.41800 0.24287 -0.19088
v -1.43118 0.24287 -0.22270
v -1.46300 0.24287 -0.23588
v -1.49482 0.24287 -0.22270
v -1.50800 0.24287 -0.19088
v -1.49482 0.24287 -0.15906
v -1.46300 0.24287 -0.14588
v -1.43118 0.24287 -0.15906
v -1.38506 0.22475 -0.19088
v -1.40789 0.22475 -0.24599
v -1.46300 0.22475 -0.26882
v -1.51811 0.22475 -0.24599
v -1.54094 0.22475 -0.19088
v -1.51811 0.22475 -0.13577
v -1.46300 0.22475 -0.11294
v -1.40789 0.22475 -0.13577
v -1.37300 0.20000 -0.19088
v -1.39936 0.20000 -0.25452
v -1.46300 0.20000 -0.28088
v -1.52664 0.20000 -0.25452
v -1.55300 0.20000 -0.19088
v -1.52664 0.20000 -0.12724
v -1.46300 0.20000 -0.10088
v -1.39936 0.20000 -0.12724
v -1.38506 0.17525 -0.19088
v -1.40789 0.17525 -0.24599
v -1.46300 0.17525 -0.26882
v -1.51811 0.17525 -0.24599
v -1.54094 0.17525 -0.19088
v -1.51811 0.17525 -0.13577
v -1.46300 0.17525 -0.11294
v -1.40789 0.17525 -0.13577
v -1.41800 0.15713 -0.19088
v -1.43118 0.15713 -0.22270
v -1.46300 0.15713 -0.23588
v -1.49482 0.15713 -0.22270
v -1.50800 0.15713 -0.19088
v -1.49482 0.15713 -0.15906
v -1.46300 0.15713 -0.14588
v -1.43118 0.15713 -0.15906
v -1.46300 0.15050 -0.19088
v -1.46300 0.15050 -0.19088
v -1.46300 0.15050 -0.19088
v -1.46300 0.15050 -0.19088
v -1.46300 0.15050 -0.19088
v -1.46300 0.15050 -0.19088
v -1.46300 0.15050 -0.19088
v -1.46300 0.15050 -0.19088
v -1.33700 0.24950 -0.19088
v -1.33700 0.24950 -0.19088
v -1.33700 0.24950 -0.19088
v -1.33700 0.24950 -0.19088
v -1.33700 0.24950 -0.19088
v -1.33700 0.24950 -0.19088
v -1.33700 0.24950 -0.19088
v -1.33700 0.24950 -0.19088
v -1.29200 0.24287 -0.19088
v -1.30518 0.24287 -0.22270
v -1.33700 0.24287 -0.23588
v -1.36882 0.24287 -0.22270
v -1.38200 0.24287 -0.19088
v -1.36882 0.24287 -0.15906
v -1.33700 0.24287 -0.14588
v -1.30518 0.24287 -0.15906
v -1.25906 0.22475 -0.19088
v -1.28189 0.22475 -0.24599
v -1.33700 0.22475 -0.26882
v -1.39211 0.22475 -0.24599
v -1.41494 0.22475 -0.19088
v -1.39211 0.22475 -0.13577
v -1.33700 0.22475 -0.11294
v -1.28189 0.22475 -0.13577
v -1.24700 0.20000 -0.19088
v -1.27336 0.20000 -0.25452
v -1.33700 0.20000 -0.28088
v -1.40064 0.20000 -0.25452
v -1.42700 0.20000 -0.19088
v -1.40064 0.20000 -0.12724
v -1.33700 0.20000 -0.10088
v -1.27336 0.20000 -0.12724
v -1.25906 0.17525 -0.19088
v -1.28189 0.17525 -0.24599
v -1.33700 0.17525 -0.26882
v -1.39211 0.17525 -0.24599
v -1.41494 0.17525 -0.19088
v -1.39211 0.17525 -0.13577
v -1.33700 0.17525 -0.11294
v -1.28189 0.17525 -0.13577
v -1.29200 0.15713 -0.19088
v -1.30518 0.15713 -0.22270
v -1.33700 0.15713 -0.23588
v -1.36882 0.15713 -0.22270
v -1.38200 0.15713 -0.19088
v -1.36882 0.15713 -0.15906
v -1.33700 0.15713 -0.14588
v -1.30518 0.15713 -0.15906
v -1.33700 0.15050 -0.19088
v -1.33700 0.15050 -0.19088
v -1.33700 0.15050 -0.19088
v -1.33700 0.15050 -0.19088
v -1.33700 0.15050 -0.19088
v -1.33700 0.15050 -0.19088
v -1.33700 0.15050 -0.19088
v -1.33700 0.15050 -0.19088
v -1.40000 0.25500 -0.30000
v -1.40000 0.25500 -0.30000
v -1.40000 0.25500 -0.30000
v -1.40000 0.25500 -0.30000
v -1.40000 0.25500 -0.30000
v -1.40000 0.25500 -0.30000
v -1.40000 0.25500 -0.30000
v -1.40000 0.25500 -0.30000
v -1.37250 0.24763 -0.30000
v -1.38055 0.24763 -0.31945
v -1.40000 0.24763 -0.32750
v -1.41945 0.24763 -0.31945
v -1.42750 0.24763 -0.30000
v -1.41945 0.24763 -0.28055
v -1.40000 0.24763 -0.27250
v -1.38055 0.24763 -0.28055
v -1.35237 0.22750 -0.30000
v -1.36632 0.22750 -0.33368
v -1.40000 0.22750 -0.34763
v -1.43368 0.22750 -0.33368
v -1.44763 0.22750 -0.30000
v -1.43368 0.22750 -0.26632
v -1.40000 0.22750 -0.25237
v -1.36632 0.22750 -0.26632
v -1.34500 0.20000 -0.30000
v -1.36111 0.20000 -0.33889
v -1.40000 0.20000 -0.35500
v -1.43889 0.20000 -0.33889
v -1.45500 0.20000 -0.30000
v -1.43889 0.20000 -0.26111
v -1.40000 0.20000 -0.24500
v -1.36111 0.20000 -0.26111
v -1.35237 0.17250 -0.30000
v -1.36632 0.17250 -0.33368
v -1.40000 0.17250 -0.34763
v -1.43368 0.17250 -0.33368
v -1.44763 0.17250 -0.30000
v -1.43368 0.17250 -0.26632
v -1.40000 0.17250 -0.25237
v -1.36632 0.17250 -0.26632
v -1.37250 0.15237 -0.30000
v -1.38055 0.15237 -0.31945
v -1.40000 0.15237 -0.32750
v -1.41945 0.15237 -0.31945
v -1.42750 0.15237 -0.30000
v -1.41945 0.15237 -0.28055
v -1.40000 0.15237 -0.27250
v -1.38055 0.15237 -0.28055
v -1.40000 0.14500 -0.30000
v -1.40000 0.14500 -0.30000
v -1.40000 0.14500 -0.30000
v -1.40000 0.14500 -0.30000
v -1.40000 0.14500 -0.30000
v -1.40000 0.14500 -0.30000
v -1.40000 0.14500 -0.30000
v -1.40000 0.14500 -0.30000
v -1.22804 -0.11400 -0.35319
v -1.22804 -0.11400 -0.35319
v -1.22804 -0.11400 -0.35319
v -1.22804 -0.11400 -0.35319
v -1.22804 -0.11400 -0.35319
v -1.22804 -0.11400 -0.35319
v -1.22804 -0.11400 -0.35319
v -1.22804 -0.11400 -0.35319
v -1.11604 -0.12150 -0.35319
v -1.14884 -0.12150 -0.38289
v -1.22804 -0.12150 -0.39519
v -1.30724 -0.12150 -0.38289
v -1.34004 -0.12150 -0.35319
v -1.30724 -0.12150 -0.32350
v -1.22804 -0.12150 -0.31119
v -1.14884 -0.12150 -0.32350
v -1.03405 -0.14200 -0.35319
v -1.09087 -0.14200 -0.40463
v -1.22804 -0.14200 -0.42594
v -1.36521 -0.14200 -0.40463
v -1.42203 -0.14200 -0.35319
v -1.36521 -0.14200 -0.30175
v -1.22804 -0.14200 -0.28045
v -1.09087 -0.14200 -0.30175
v -1.00404 -0.17000 -0.35319
v -1.06965 -0.17000 -0.41259
v -1.22804 -0.17000 -0.43719
v -1.38643 -0.17000 -0.41259
v -1.45204 -0.17000 -0.35319
v -1.38643 -0.17000 -0.29380
v -1.22804 -0.17000 -0.26919
v -1.06965 -0.17000 -0.29380
v -1.03405 -0.19800 -0.35319
v -1.09087 -0.19800 -0.40463
v -1.22804 -0.19800 -0.42594
v -1.36521 -0.19800 -0.40463
v -1.42203 -0.19800 -0.35319
v -1.36521 -0.19800 -0.30175
v -1.22804 -0.19800 -0.28045
v -1.09087 -0.19800 -0.30175
v -1.11604 -0.21850 -0.35319
v -1.14884 -0.21850 -0.38289
v -1.22804 -0.21850 -0.39519
v -1.30724 -0.21850 -0.38289
v -1.34004 -0.21850 -0.35319
v -1.30724 -0.21850 -0.32350
v -1.22804 -0.21850 -0.31119
v -1.14884 -0.21850 -0.32350
v -1.22804 -0.22600 -0.35319
v -1.22804 -0.22600 -0.35319
v -1.22804 -0.22600 -0.35319
v -1.22804 -0.22600 -0.35319
v -1.22804 -0.22600 -0.35319
v -1.22804 -0.22600 -0.35319
v -1.22804 -0.22600 -0.35319
v -1.22804 -0.22600 -0.35319
v -1.39575 -0.11400 -0.59997
v -1.39575 -0.11400 -0.59997
v -1.39575 -0.11400 -0.59997
v -1.39575 -0.11400 -0.59997
v -1.39575 -0.11400 -0.59997
v -1.39575 -0.11400 -0.59997
v -1.39575 -0.11400 -0.59997
v -1.39575 -0.11400 -0.59997
v -1.28375 -0.12150 -0.59997
v -1.31656 -0.12150 -0.62967
v -1.39575 -0.12150 -0.64197
v -1.47495 -0.12150 -0.62967
v -1.50775 -0.12150 -0.59997
v -1.47495 -0.12150 -0.57027
v -1.39575 -0.12150 -0.55797
v -1.31656 -0.12150 -0.57027
v -1.20176 -0.14200 -0.59997
v -1.25858 -0.14200 -0.65141
v -1.39575 -0.14200 -0.67272
v -1.53292 -0.14200 -0.65141
v -1.58974 -0.14200 -0.59997
v -1.53292 -0.14200 -0.54853
v -1.39575 -0.14200 -0.52722
v -1.25858 -0.14200 -0.54853
v -1.17175 -0.17000 -0.59997
v -1.23736 -0.17000 -0.65937
v -1.39575 -0.17000 -0.68397
v -1.55414 -0.17000 -0.65937
v -1.61975 -0.17000 -0.59997
v -1.55414 -0.17000 -0.54057
v -1.39575 -0.17000 -0.51597
v -1.23736 -0.17000 -0.54057
v -1.20176 -0.19800 -0.59997
v -1.25858 -0.19800 -0.65141
v -1.39575 -0.19800 -0.67272
v -1.53292 -0.19800 -0.65141
v -1.58974 -0.19800 -0.59997
v -1.53292 -0.19800 -0.54853
v -1.39575 -0.19800 -0.52722
v -1.25858 -0.19800 -0.54853
v -1.28375 -0.21850 -0.59997
v -1.31656 -0.21850 -0.62967
v -1.39575 -0.21850 -0.64197
v -1.47495 -0.21850 -0.62967
v -1.50775 -0.21850 -0.59997
v -1.47495 -0.21850 -0.57027
v -1.39575 -0.21850 -0.55797
v -1.31656 -0.21850 -0.57027
v -1.39575 -0.22600 -0.59997
v -1.39575 -0.22600 -0.59997
v -1.39575 -0.22600 -0.59997
v -1.39575 -0.22600 -0.59997
v -1.39575 -0.22600 -0.59997
v -1.39575 -0.22600 -0.59997
v -1.39575 -0.22600 -0.59997
v -1.39575 -0.22600 -0.59997
v -1.57039 -0.11400 -0.35804
v -1.57039 -0.11400 -0.35804
v -1.57039 -0.11400 -0.35804
v -1.57039 -0.11400 -0.35804
v -1.57039 -0.11400 -0.35804
v -1.57039 -0.11400 -0.35804
v -1.57039 -0.11400 -0.35804
v -1.57039 -0.11400 -0.35804
v -1.45839 -0.12150 -0.35804
v -1.49119 -0.12150 -0.38774
v -1.57039 -0.12150 -0.40004
v -1.64958 -0.12150 -0.38774
v -1.68239 -0.12150 -0.35804
v -1.64958 -0.12150 -0.32834
v -1.57039 -0.12150 -0.31604
v -1.49119 -0.12150 -0.32834
v -1.37640 -0.14200 -0.35804
v -1.43321 -0.14200 -0.40948
v -1.57039 -0.14200 -0.43079
v -1.70756 -0.14200 -0.40948
v -1.76438 -0.14200 -0.35804
v -1.70756 -0.14200 -0.30660
v -1.57039 -0.14200 -0.28530
v -1.43321 -0.14200 -0.30660
v -1.34639 -0.17000 -0.35804
v -1.41199 -0.17000 -0.41744
v -1.57039 -0.17000 -0.44204
v -1.72878 -0.17000 -0.41744
v -1.79439 -0.17000 -0.35804
v -1.72878 -0.17000 -0.29864
v -1.57039 -0.17000 -0.27404
v -1.41199 -0.17000 -0.29864
v -1.37640 -0.19800 -0.35804
v -1.43321 -0.19800 -0.40948
v -1.57039 -0.19800 -0.43079
v -1.70756 -0.19800 -0.40948
v -1.76438 -0.19800 -0.35804
v -1.70756 -0.19800 -0.30660
v -1.57039 -0.19800 -0.28530
v -1.43321 -0.19800 -0.30660
v -1.45839 -0.21850 -0.35804
v -1.49119 -0.21850 -0.38774
v -1.57039 -0.21850 -0.40004
v -1.64958 -0.21850 -0.38774
v -1.68239 -0.21850 -0.35804
v -1.64958 -0.21850 -0.32834
v -1.57039 -0.21850 -0.31604
v -1.49119 -0.21850 -0.32834
v -1.57039 -0.22600 -0.35804
v -1.57039 -0.22600 -0.35804
v -1.57039 -0.22600 -0.35804
v -1.57039 -0.22600 -0.35804
v -1.57039 -0.22600 -0.35804
v -1.57039 -0.22600 -0.35804
v -1.57039 -0.22600 -0.35804
v -1.57039 -0.22600 -0.35804
v -1.57975 -0.11400 -0.05982
v -1.57975 -0.11400 -0.05982
v -1.57975 -0.11400 -0.05982
v -1.57975 -0.11400 -0.05982
v -1.57975 -0.11400 -0.05982
v -1.57975 -0.11400 -0.05982
v -1.57975 -0.11400 -0.05982
v -1.57975 -0.11400 -0.05982
v -1.46775 -0.12150 -0.05982
v -1.50056 -0.12150 -0.08951
v -1.57975 -0.12150 -0.10182
v -1.65895 -0.12150 -0.08951
v -1.69175 -0.12150 -0.05982
v -1.65895 -0.12150 -0.03012
v -1.57975 -0.12150 -0.01782
v -1.50056 -0.12150 -0.03012
v -1.38576 -0.14200 -0.05982
v -1.44258 -0.14200 -0.11126
v -1.57975 -0.14200 -0.13256
v -1.71693 -0.14200 -0.11126
v -1.77374 -0.14200 -0.05982
v -1.71693 -0.14200 -0.00838
v -1.57975 -0.14200 0.01293
v -1.44258 -0.14200 -0.00838
v -1.35575 -0.17000 -0.05982
v -1.42136 -0.17000 -0.11921
v -1.57975 -0.17000 -0.14382
v -1.73815 -0.17000 -0.11921
v -1.80375 -0.17000 -0.05982
v -1.73815 -0.17000 -0.00042
v -1.57975 -0.17000 0.02418
v -1.42136 -0.17000 -0.00042
v -1.38576 -0.19800 -0.05982
v -1.44258 -0.19800 -0.11126
v -1.57975 -0.19800 -0.13256
v -1.71693 -0.19800 -0.11126
v -1.77374 -0.19800 -0.05982
v -1.71693 -0.19800 -0.00838
v -1.57975 -0.19800 0.01293
v -1.44258 -0.19800 -0.00838
v -1.46775 -0.21850 -0.05982
v -1.50056 -0.21850 -0.08951
v -1.57975 -0.21850 -0.10182
v -1.65895 -0.21850 -0.08951
v -1.69175 -0.21850 -0.05982
v -1.65895 -0.21850 -0.03012
v -1.57975 -0.21850 -0.01782
v -1.50056 -0.21850 -0.03012
v -1.57975 -0.22600 -0.05982
v -1.57975 -0.22600 -0.05982
v -1.57975 -0.22600 -0.05982
v -1.57975 -0.22600 -0.05982
v -1.57975 -0.22600 -0.05982
v -1.57975 -0.22600 -0.05982
v -1.57975 -0.22600 -0.05982
v -1.57975 -0.22600 -0.05982
v -1.29627 -0.11400 -0.15289
v -1.29627 -0.11400 -0.15289
v -1.29627 -0.11400 -0.15289
v -1.29627 -0.11400 -0.15289
v -1.29627 -0.11400 -0.15289
v -1.29627 -0.11400 -0.15289
v -1.29627 -0.11400 -0.15289
v -1.29627 -0.11400 -0.15289
v -1.18427 -0.12150 -0.15289
v -1.21708 -0.12150 -0.18259
v -1.29627 -0.12150 -0.19489
v -1.37547 -0.12150 -0.18259
v -1.40827 -0.12150 -0.15289
v -1.37547 -0.12150 -0.12320
v -1.29627 -0.12150 -0.11089
v -1.21708 -0.12150 -0.12320
v -1.10228 -0.14200 -0.15289
v -1.15910 -0.14200 -0.20433
v -1.29627 -0.14200 -0.22564
v -1.43344 -0.14200 -0.20433
v -1.49026 -0.14200 -0.15289
v -1.43344 -0.14200 -0.10145
v -1.29627 -0.14200 -0.08015
v -1.15910 -0.14200 -0.10145
v -1.07227 -0.17000 -0.15289
v -1.13788 -0.17000 -0.21229
v -1.29627 -0.17000 -0.23689
v -1.45466 -0.17000 -0.21229
v -1.52027 -0.17000 -0.15289
v -1.45466 -0.17000 -0.09350
v -1.29627 -0.17000 -0.06889
v -1.13788 -0.17000 -0.09350
v -1.10228 -0.19800 -0.15289
v -1.15910 -0.19800 -0.20433
v -1.29627 -0.19800 -0.22564
v -1.43344 -0.19800 -0.20433
v -1.49026 -0.19800 -0.15289
v -1.43344 -0.19800 -0.10145
v -1.29627 -0.19800 -0.08015
v -1.15910 -0.19800 -0.10145
v -1.18427 -0.21850 -0.15289
v -1.21708 -0.21850 -0.18259
v -1.29627 -0.21850 -0.19489
v -1.37547 -0.21850 -0.18259
v -1.40827 -0.21850 -0.15289
v -1.37547 -0.21850 -0.12320
v -1.29627 -0.21850 -0.11089
v -1.21708 -0.21850 -0.12320
v -1.29627 -0.22600 -0.15289
v -1.29627 -0.22600 -0.15289
v -1.29627 -0.22600 -0.15289
v -1.29627 -0.22600 -0.15289
v -1.29627 -0.22600 -0.15289
v -1.29627 -0.22600 -0.15289
v -1.29627 -0.22600 -0.15289
v -1.29627 -0.22600 -0.15289
v 1.52000 0.22000 -0.28000
v 1.52000 -0.18000 -0.28000
v 1.51732 0.22000 -0.29000
v 1.51732 -0.18000 -0.29000
v 1.51000 0.22000 -0.29732
v 1.51000 -0.18000 -0.29732
v 1.50000 0.22000 -0.30000
v 1.50000 -0.18000 -0.30000
v 1.49000 0.22000 -0.29732
v 1.49000 -0.18000 -0.29732
v 1.48268 0.22000 -0.29000
v 1.48268 -0.18000 -0.29000
v 1.48000 0.22000 -0.28000
v 1.48000 -0.18000 -0.28000
v 1.48268 0.22000 -0.27000
v 1.48268 -0.18000 -0.27000
v 1.49000 0.22000 -0.26268
v 1.49000 -0.18000 -0.26268
v 1.50000 0.22000 -0.26000
v 1.50000 -0.18000 -0.26000
v 1.51000 0.22000 -0.26268
v 1.51000 -0.18000 -0.26268
v 1.51732 0.22000 -0.27000
v 1.51732 -0.18000 -0.27000
v 1.50000 0.22000 -0.28000
v 1.50000 -0.18000 -0.28000
v 1.62600 0.26950 -0.28000
v 1.62600 0.26950 -0.28000
v 1.62600 0.26950 -0.28000
v 1.62600 0.26950 -0.28000
v 1.62600 0.26950 -0.28000
v 1.62600 0.26950 -0.28000
v 1.62600 0.26950 -0.28000
v 1.62600 0.26950 -0.28000
v 1.67100 0.26287 -0.28000
v 1.65782 0.26287 -0.31182
v 1.62600 0.26287 -0.32500
v 1.59418 0.26287 -0.31182
v 1.58100 0.26287 -0.28000
v 1.59418 0.26287 -0.24818
v 1.62600 0.26287 -0.23500
v 1.65782 0.26287 -0.24818
v 1.70394 0.24475 -0.28000
v 1.68111 0.24475 -0.33511
v 1.62600 0.24475 -0.35794
v 1.57089 0.24475 -0.33511
v 1.54806 0.24475 -0.28000
v 1.57089 0.24475 -0.22489
v 1.62600 0.24475 -0.20206
v 1.68111 0.24475 -0.22489
v 1.71600 0.22000 -0.28000
v 1.68964 0.22000 -0.34364
v 1.62600 0.22000 -0.37000
v 1.56236 0.22000 -0.34364
v 1.53600 0.22000 -0.28000
v 1.56236 0.22000 -0.21636
v 1.62600 0.22000 -0.19000
v 1.68964 0.22000 -0.21636
v 1.70394 0.19525 -0.28000
v 1.68111 0.19525 -0.33511
v 1.62600 0.19525 -0.35794
v 1.57089 0.19525 -0.33511
v 1.54806 0.19525 -0.28000
v 1.57089 0.19525 -0.22489
v 1.62600 0.19525 -0.20206
v 1.68111 0.19525 -0.22489
v 1.67100 0.17713 -0.28000
v 1.65782 0.17713 -0.31182
v 1.62600 0.17713 -0.32500
v 1.59418 0.17713 -0.31182
v 1.58100 0.17713 -0.28000
v 1.59418 0.17713 -0.24818
v 1.62600 0.17713 -0.23500
v 1.65782 0.17713 -0.24818
v 1.62600 0.17050 -0.28000
v 1.62600 0.17050 -0.28000
v 1.62600 0.17050 -0.28000
v 1.62600 0.17050 -0.28000
v 1.62600 0.17050 -0.28000
v 1.62600 0.17050 -0.28000
v 1.62600 0.17050 -0.28000
v 1.62600 0.17050 -0.28000
v 1.56300 0.26950 -0.38912
v 1.56300 0.26950 -0.38912
v 1.56300 0.26950 -0.38912
v 1.56300 0.26950 -0.38912
v 1.56300 0.26950 -0.38912
v 1.56300 0.26950 -0.38912
v 1.56300 0.26950 -0.38912
v 1.56300 0.26950 -0.38912
v 1.60800 0.26287 -0.38912
v 1.59482 0.26287 -0.42094
v 1.56300 0.26287 -0.43412
v 1.53118 0.26287 -0.42094
v 1.51800 0.26287 -0.38912
v 1.53118 0.26287 -0.35730
v 1.56300 0.26287 -0.34412
v 1.59482 0.26287 -0.35730
v 1.64094 0.24475 -0.38912
v 1.61811 0.24475 -0.44423
v 1.56300 0.24475 -0.46706
v 1.50789 0.24475 -0.44423
v 1.48506 0.24475 -0.38912
v 1.50789 0.24475 -0.33401
v 1.56300 0.24475 -0.31118
v 1.61811 0.24475 -0.33401
v 1.65300 0.22000 -0.38912
v 1.62664 0.22000 -0.45276
v 1.56300 0.22000 -0.47912
v 1.49936 0.22000 -0.45276
v 1.47300 0.22000 -0.38912
v 1.49936 0.22000 -0.32548
v 1.56300 0.22000 -0.29912
v 1.62664 0.22000 -0.32548
v 1.64094 0.19525 -0.38912
v 1.61811 0.19525 -0.44423
v 1.56300 0.19525 -0.46706
v 1.50789 0.19525 -0.44423
v 1.48506 0.19525 -0.38912
v 1.50789 0.19525 -0.33401
v 1.56300 0.19525 -0.31118
v 1.61811 0.19525 -0.33401
v 1.60800 0.17713 -0.38912
v 1.59482 0.17713 -0.42094
v 1.56300 0.17713 -0.43412
v 1.53118 0.17713 -0.42094
v 1.51800 0.17713 -0.38912
v 1.53118 0.17713 -0.35730
v 1.56300 0.17713 -0.34412
v 1.59482 0.17713 -0.35730
v 1.56300 0.17050 -0.38912
v 1.56300 0.17050 -0.38912
v 1.56300 0.17050 -0.38912
v 1.56300 0.17050 -0.38912
v 1.56300 0.17050 -0.38912
v 1.56300 0.17050 -0.38912
v 1.56300 0.17050 -0.38912
v 1.56300 0.17050 -0.38912
v 1.43700 0.26950 -0.38912
v 1.43700 0.26950 -0.38912
v 1.43700 0.26950 -0.38912
v 1.43700 0.26950 -0.38912
v 1.43700 0.26950 -0.38912
v 1.43700 0.26950 -0.38912
v 1.43700 0.26950 -0.38912
v 1.43700 0.26950 -0.38912
v 1.48200 0.26287 -0.38912
v 1.46882 0.26287 -0.42094
v 1.43700 0.26287 -0.43412
v 1.40518 0.26287 -0.42094
v 1.39200 0.26287 -0.38912
v 1.40518 0.26287 -0.35730
v 1.43700 0.26287 -0.34412
v 1.46882 0.26287 -0.35730
v 1.51494 0.24475 -0.38912
v 1.49211 0.24475 -0.44423
v 1.43700 0.24475 -0.46706
v 1.38189 0.24475 -0.44423
v 1.35906 0.24475 -0.38912
v 1.38189 0.24475 -0.33401
v 1.43700 0.24475 -0.31118
v 1.49211 0.24475 -0.33401
v 1.52700 0.22000 -0.38912
v 1.50064 0.22000 -0.45276
v 1.43700 0.22000 -0.47912
v 1.37336 0.22000 -0.45276
v 1.34700 0.22000 -0.38912
v 1.37336 0.22000 -0.32548
v 1.43700 0.22000 -0.29912
v 1.50064 0.22000 -0.32548
v 1.51494 0.19525 -0.38912
v 1.49211 0.19525 -0.44423
v 1.43700 0.19525 -0.46706
v 1.38189 0.19525 -0.44423
v 1.35906 0.19525 -0.38912
v 1.38189 0.19525 -0.33401
v 1.43700 0.19525 -0.31118
v 1.49211 0.19525 -0.33401
v 1.48200 0.17713 -0.38912
v 1.46882 0.17713 -0.42094
v 1.43700 0.17713 -0.43412
v 1.40518 0.17713 -0.42094
v 1.39200 0.17713 -0.38912
v 1.40518 0.17713 -0.35730
v 1.43700 0.17713 -0.34412
v 1.46882 0.17713 -0.35730
v 1.43700 0.17050 -0.38912
v 1.43700 0.17050 -0.38912
v 1.43700 0.17050 -0.38912
v 1.43700 0.17050 -0.38912
v 1.43700 0.17050 -0.38912
v 1.43700 0.17050 -0.38912
v 1.43700 0.17050 -0.38912
v 1.43700 0.17050 -0.38912
v 1.37400 0.26950 -0.28000
v 1.37400 0.26950 -0.28000
v 1.37400 0.26950 -0.28000
v 1.37400 0.26950 -0.28000
v 1.37400 0.26950 -0.28000
v 1.37400 0.26950 -0.28000
v 1.37400 0.26950 -0.28000
v 1.37400 0.26950 -0.28000
v 1.41900 0.26287 -0.28000
v 1.40582 0.26287 -0.31182
v 1.37400 0.26287 -0.32500
v 1.34218 0.26287 -0.31182
v 1.32900 0.26287 -0.28000
v 1.34218 0.26287 -0.24818
v 1.37400 0.26287 -0.23500
v 1.40582 0.26287 -0.24818
v 1.45194 0.24475 -0.28000
v 1.42911 0.24475 -0.33511
v 1.37400 0.24475 -0.35794
v 1.31889 0.24475 -0.33511
v 1.29606 0.24475 -0.28000
v 1.31889 0.24475 -0.22489
v 1.37400 0.24475 -0.20206
v 1.42911 0.24475 -0.22489
v 1.46400 0.22000 -0.28000
v 1.43764 0.22000 -0.34364
v 1.37400 0.22000 -0.37000
v 1.31036 0.22000 -0.34364
v 1.28400 0.22000 -0.28000
v 1.31036 0.22000 -0.21636
v 1.37400 0.22000 -0.19000
v 1.43764 0.22000 -0.21636
v 1.45194 0.19525 -0.28000
v 1.42911 0.19525 -0.33511
v 1.37400 0.19525 -0.35794
v 1.31889 0.19525 -0.33511
v 1.29606 0.19525 -0.28000
v 1.31889 0.19525 -0.22489
v 1.37400 0.19525 -0.20206
v 1.42911 0.19525 -0.22489
v 1.41900 0.17713 -0.28000
v 1.40582 0.17713 -0.31182
v 1.37400 0.17713 -0.32500
v 1.34218 0.17713 -0.31182
v 1.32900 0.17713 -0.28000
v 1.34218 0.17713 -0.24818
v 1.37400 0.17713 -0.23500
v 1.40582 0.17713 -0.24818
v 1.37400 0.17050 -0.28000
v 1.37400 0.17050 -0.28000
v 1.37400 0.17050 -0.28000
v 1.37400 0.17050 -0.28000
v 1.37400 0.17050 -0.28000
v 1.37400 0.17050 -0.28000
v 1.37400 0.17050 -0.28000
v 1.37400 0.17050 -0.28000
v 1.43700 0.26950 -0.17088
v 1.43700 0.26950 -0.17088
v 1.43700 0.26950 -0.17088
v 1.43700 0.26950 -0.17088
v 1.43700 0.26950 -0.17088
v 1.43700 0.26950 -0.17088
v 1.43700 0.26950 -0.17088
v 1.43700 0.26950 -0.17088
v 1.48200 0.26287 -0.17088
v 1.46882 0.26287 -0.20270
v 1.43700 0.26287 -0.21588
v 1.40518 0.26287 -0.20270
v 1.39200 0.26287 -0.17088
v 1.40518 0.26287 -0.13906
v 1.43700 0.26287 -0.12588
v 1.46882 0.26287 -0.13906
v 1.51494 0.24475 -0.17088
v 1.49211 0.24475 -0.22599
v 1.43700 0.24475 -0.24882
v 1.38189 0.24475 -0.22599
v 1.35906 0.24475 -0.17088
v 1.38189 0.24475 -0.11577
v 1.43700 0.24475 -0.09294
v 1.49211 0.24475 -0.11577
v 1.52700 0.22000 -0.17088
v 1.50064 0.22000 -0.23452
v 1.43700 0.22000 -0.26088
v 1.37336 0.22000 -0.23452
v 1.34700 0.22000 -0.17088
v 1.37336 0.22000 -0.10724
v 1.43700 0.22000 -0.08088
v 1.50064 0.22000 -0.10724
v 1.51494 0.19525 -0.17088
v 1.49211 0.19525 -0.22599
v 1.43700 0.19525 -0.24882
v 1.38189 0.19525 -0.22599
v 1.35906 0.19525 -0.17088
v 1.38189 0.19525 -0.11577
v 1.43700 0.19525 -0.09294
v 1.49211 0.19525 -0.11577
v 1.48200 0.17713 -0.17088
v 1.46882 0.17713 -0.20270
v 1.43700 0.17713 -0.21588
v 1.40518 0.17713 -0.20270
v 1.39200 0.17713 -0.17088
v 1.40518 0.17713 -0.13906
v 1.43700 0.17713 -0.12588
v 1.46882 0.17713 -0.13906
v 1.43700 0.17050 -0.17088
v 1.43700 0.17050 -0.17088
v 1.43700 0.17050 -0.17088
v 1.43700 0.17050 -0.17088
v 1.43700 0.17050 -0.17088
v 1.43700 0.17050 -0.17088
v 1.43700 0.17050 -0.17088
v 1.43700 0.17050 -0.17088
v 1.56300 0.26950 -0.17088
v 1.56300 0.26950 -0.17088
v 1.56300 0.26950 -0.17088
v 1.56300 0.26950 -0.17088
v 1.56300 0.26950 -0.17088
v 1.56300 0.26950 -0.17088
v 1.56300 0.26950 -0.17088
v 1.56300 0.26950 -0.17088
v 1.60800 0.26287 -0.17088
v 1.59482 0.26287 -0.20270
v 1.56300 0.26287 -0.21588
v 1.53118 0.26287 -0.20270
v 1.51800 0.26287 -0.17088
v 1.53118 0.26287 -0.13906
v 1.56300 0.26287 -0.12588
v 1.59482 0.26287 -0.13906
v 1.64094 0.24475 -0.17088
v 1.61811 0.24475 -0.22599
v 1.56300 0.24475 -0.24882
v 1.50789 0.24475 -0.22599
v 1.48506 0.24475 -0.17088
v 1.50789 0.24475 -0.11577
v 1.56300 0.24475 -0.09294
v 1.61811 0.24475 -0.11577
v 1.65300 0.22000 -0.17088
v 1.62664 0.22000 -0.23452
v 1.56300 0.22000 -0.26088
v 1.49936 0.22000 -0.23452
v 1.47300 0.22000 -0.17088
v 1.49936 0.22000 -0.10724
v 1.56300 0.22000 -0.08088
v 1.62664 0.22000 -0.10724
v 1.64094 0.19525 -0.17088
v 1.61811 0.19525 -0.22599
v 1.56300 0.19525 -0.24882
v 1.50789 0.19525 -0.22599
v 1.48506 0.19525 -0.17088
v 1.50789 0.19525 -0.11577
v 1.56300 0.19525 -0.09294
v 1.61811 0.19525 -0.11577
v 1.60800 0.17713 -0.17088
v 1.59482 0.17713 -0.20270
v 1.56300 0.17713 -0.21588
v 1.53118 0.17713 -0.20270
v 1.51800 0.17713 -0.17088
v 1.53118 0.17713 -0.13906
v 1.56300 0.17713 -0.12588
v 1.59482 0.17713 -0.13906
v 1.56300 0.17050 -0.17088
v 1.56300 0.17050 -0.17088
v 1.56300 0.17050 -0.17088
v 1.56300 0.17050 -0.17088
v 1.56300 0.17050 -0.17088
v 1.56300 0.17050 -0.17088
v 1.56300 0.17050 -0.17088
v 1.56300 0.17050 -0.17088
v 1.50000 0.27500 -0.28000
v 1.50000 0.27500 -0.28000
v 1.50000 0.27500 -0.28000
v 1.50000 0.27500 -0.28000
v 1.50000 0.27500 -0.28000
v 1.50000 0.27500 -0.28000
v 1.50000 0.27500 -0.28000
v 1.50000 0.27500 -0.28000
v 1.52750 0.26763 -0.28000
v 1.51945 0.26763 -0.29945
v 1.50000 0.26763 -0.30750
v 1.48055 0.26763 -0.29945
v 1.47250 0.26763 -0.28000
v 1.48055 0.26763 -0.26055
v 1.50000 0.26763 -0.25250
v 1.51945 0.26763 -0.26055
v 1.54763 0.24750 -0.28000
v 1.53368 0.24750 -0.31368
v 1.50000 0.24750 -0.32763
v 1.46632 0.24750 -0.31368
v 1.45237 0.24750 -0.28000
v 1.46632 0.24750 -0.24632
v 1.50000 0.24750 -0.23237
v 1.53368 0.24750 -0.24632
v 1.55500 0.22000 -0.28000
v 1.53889 0.22000 -0.31889
v 1.50000 0.22000 -0.33500
v 1.46111 0.22000 -0.31889
v 1.44500 0.22000 -0.28000
v 1.46111 0.22000 -0.24111
v 1.50000 0.22000 -0.22500
v 1.53889 0.22000 -0.24111
v 1.54763 0.19250 -0.28000
v 1.53368 0.19250 -0.31368
v 1.50000 0.19250 -0.32763
v 1.46632 0.19250 -0.31368
v 1.45237 0.19250 -0.28000
v 1.46632 0.19250 -0.24632
v 1.50000 0.19250 -0.23237
v 1.53368 0.19250 -0.24632
v 1.52750 0.17237 -0.28000
v 1.51945 0.17237 -0.29945
v 1.50000 0.17237 -0.30750
v 1.48055 0.17237 -0.29945
v 1.47250 0.17237 -0.28000
v 1.48055 0.17237 -0.26055
v 1.50000 0.17237 -0.25250
v 1.51945 0.17237 -0.26055
v 1.50000 0.16500 -0.28000
v 1.50000 0.16500 -0.28000
v 1.50000 0.16500 -0.28000
v 1.50000 0.16500 -0.28000
v 1.50000 0.16500 -0.28000
v 1.50000 0.16500 -0.28000
v 1.50000 0.16500 -0.28000
v 1.50000 0.16500 -0.28000
v 1.67196 -0.09400 -0.33319
v 1.67196 -0.09400 -0.33319
v 1.67196 -0.09400 -0.33319
v 1.67196 -0.09400 -0.33319
v 1.67196 -0.09400 -0.33319
v 1.67196 -0.09400 -0.33319
v 1.67196 -0.09400 -0.33319
v 1.67196 -0.09400 -0.33319
v 1.78396 -0.10150 -0.33319
v 1.75116 -0.10150 -0.36289
v 1.67196 -0.10150 -0.37519
v 1.59276 -0.10150 -0.36289
v 1.55996 -0.10150 -0.33319
v 1.59276 -0.10150 -0.30350
v 1.67196 -0.10150 -0.29119
v 1.75116 -0.10150 -0.30350
v 1.86595 -0.12200 -0.33319
v 1.80913 -0.12200 -0.38463
v 1.67196 -0.12200 -0.40594
v 1.53479 -0.12200 -0.38463
v 1.47797 -0.12200 -0.33319
v 1.53479 -0.12200 -0.28175
v 1.67196 -0.12200 -0.26045
v 1.80913 -0.12200 -0.28175
v 1.89596 -0.15000 -0.33319
v 1.83035 -0.15000 -0.39259
v 1.67196 -0.15000 -0.41719
v 1.51357 -0.15000 -0.39259
v 1.44796 -0.15000 -0.33319
v 1.51357 -0.15000 -0.27380
v 1.67196 -0.15000 -0.24919
v 1.83035 -0.15000 -0.27380
v 1.86595 -0.17800 -0.33319
v 1.80913 -0.17800 -0.38463
v 1.67196 -0.17800 -0.40594
v 1.53479 -0.17800 -0.38463
v 1.47797 -0.17800 -0.33319
v 1.53479 -0.17800 -0.28175
v 1.67196 -0.17800 -0.26045
v 1.80913 -0.17800 -0.28175
v 1.78396 -0.19850 -0.33319
v 1.75116 -0.19850 -0.36289
v 1.67196 -0.19850 -0.37519
v 1.59276 -0.19850 -0.36289
v 1.55996 -0.19850 -0.33319
v 1.59276 -0.19850 -0.30350
v 1.67196 -0.19850 -0.29119
v 1.75116 -0.19850 -0.30350
v 1.67196 -0.20600 -0.33319
v 1.67196 -0.20600 -0.33319
v 1.67196 -0.20600 -0.33319
v 1.67196 -0.20600 -0.33319
v 1.67196 -0.20600 -0.33319
v 1.67196 -0.20600 -0.33319
v 1.67196 -0.20600 -0.33319
v 1.67196 -0.20600 -0.33319
v 1.50425 -0.09400 -0.57997
v 1.50425 -0.09400 -0.57997
v 1.50425 -0.09400 -0.57997
v 1.50425 -0.09400 -0.57997
v 1.50425 -0.09400 -0.57997
v 1.50425 -0.09400 -0.57997
v 1.50425 -0.09400 -0.57997
v 1.50425 -0.09400 -0.57997
v 1.61625 -0.10150 -0.57997
v 1.58344 -0.10150 -0.60967
v 1.50425 -0.10150 -0.62197
v 1.42505 -0.10150 -0.60967
v 1.39225 -0.10150 -0.57997
v 1.42505 -0.10150 -0.55027
v 1.50425 -0.10150 -0.53797
v 1.58344 -0.10150 -0.55027
v 1.69824 -0.12200 -0.57997
v 1.64142 -0.12200 -0.63141
v 1.50425 -0.12200 -0.65272
v 1.36708 -0.12200 -0.63141
v 1.31026 -0.12200 -0.57997
v 1.36708 -0.12200 -0.52853
v 1.50425 -0.12200 -0.50722
v 1.64142 -0.12200 -0.52853
v 1.72825 -0.15000 -0.57997
v 1.66264 -0.15000 -0.63937
v 1.50425 -0.15000 -0.66397
v 1.34586 -0.15000 -0.63937
v 1.28025 -0.15000 -0.57997
v 1.34586 -0.15000 -0.52057
v 1.50425 -0.15000 -0.49597
v 1.66264 -0.15000 -0.52057
v 1.69824 -0.17800 -0.57997
v 1.64142 -0.17800 -0.63141
v 1.50425 -0.17800 -0.65272
v 1.36708 -0.17800 -0.63141
v 1.31026 -0.17800 -0.57997
v 1.36708 -0.17800 -0.52853
v 1.50425 -0.17800 -0.50722
v 1.64142 -0.17800 -0.52853
v 1.61625 -0.19850 -0.57997
v 1.58344 -0.19850 -0.60967
v 1.50425 -0.19850 -0.62197
v 1.42505 -0.19850 -0.60967
v 1.39225 -0.19850 -0.57997
v 1.42505 -0.19850 -0.55027
v 1.50425 -0.19850 -0.53797
v 1.58344 -0.19850 -0.55027
v 1.50425 -0.20600 -0.57997
v 1.50425 -0.20600 -0.57997
v 1.50425 -0.20600 -0.57997
v 1.50425 -0.20600 -0.57997
v 1.50425 -0.20600 -0.57997
v 1.50425 -0.20600 -0.57997
v 1.50425 -0.20600 -0.57997
v 1.50425 -0.20600 -0.57997
v 1.32961 -0.09400 -0.33804
v 1.32961 -0.09400 -0.33804
v 1.32961 -0.09400 -0.33804
v 1.32961 -0.09400 -0.33804
v 1.32961 -0.09400 -0.33804
v 1.32961 -0.09400 -0.33804
v 1.32961 -0.09400 -0.33804
v 1.32961 -0.09400 -0.33804
v 1.44161 -0.10150 -0.33804
v 1.40881 -0.10150 -0.36774
v 1.32961 -0.10150 -0.38004
v 1.25042 -0.10150 -0.36774
v 1.21761 -0.10150 -0.33804
v 1.25042 -0.10150 -0.30834
v 1.32961 -0.10150 -0.29604
v 1.40881 -0.10150 -0.30834
v 1.52360 -0.12200 -0.33804
v 1.46679 -0.12200 -0.38948
v 1.32961 -0.12200 -0.41079
v 1.19244 -0.12200 -0.38948
v 1.13562 -0.12200 -0.33804
v 1.19244 -0.12200 -0.28660
v 1.32961 -0.12200 -0.26530
v 1.46679 -0.12200 -0.28660
v 1.55361 -0.15000 -0.33804
v 1.48801 -0.15000 -0.39744
v 1.32961 -0.15000 -0.42204
v 1.17122 -0.15000 -0.39744
v 1.10561 -0.15000 -0.33804
v 1.17122 -0.15000 -0.27864
v 1.32961 -0.15000 -0.25404
v 1.48801 -0.15000 -0.27864
v 1.52360 -0.17800 -0.33804
v 1.46679 -0.17800 -0.38948
v 1.32961 -0.17800 -0.41079
v 1.19244 -0.17800 -0.38948
v 1.13562 -0.17800 -0.33804
v 1.19244 -0.17800 -0.28660
v 1.32961 -0.17800 -0.26530
v 1.46679 -0.17800 -0.28660
v 1.44161 -0.19850 -0.33804
v 1.40881 -0.19850 -0.36774
v 1.32961 -0.19850 -0.38004
v 1.25042 -0.19850 -0.36774
v 1.21761 -0.19850 -0.33804
v 1.25042 -0.19850 -0.30834
v 1.32961 -0.19850 -0.29604
v 1.40881 -0.19850 -0.30834
v 1.32961 -0.20600 -0.33804
v 1.32961 -0.20600 -0.33804
v 1.32961 -0.20600 -0.33804
v 1.32961 -0.20600 -0.33804
v 1.32961 -0.20600 -0.33804
v 1.32961 -0.20600 -0.33804
v 1.32961 -0.20600 -0.33804
v 1.32961 -0.20600 -0.33804
v 1.32025 -0.09400 -0.03982
v 1.32025 -0.09400 -0.03982
v 1.32025 -0.09400 -0.03982
v 1.32025 -0.09400 -0.03982
v 1.32025 -0.09400 -0.03982
v 1.32025 -0.09400 -0.03982
v 1.32025 -0.09400 -0.03982
v 1.32025 -0.09400 -0.03982
v 1.43225 -0.10150 -0.03982
v 1.39944 -0.10150 -0.06951
v 1.32025 -0.10150 -0.08182
v 1.24105 -0.10150 -0.06951
v 1.20825 -0.10150 -0.03982
v 1.24105 -0.10150 -0.01012
v 1.32025 -0.10150 0.00218
v 1.39944 -0.10150 -0.01012
v 1.51424 -0.12200 -0.03982
v 1.45742 -0.12200 -0.09126
v 1.32025 -0.12200 -0.11256
v 1.18307 -0.12200 -0.09126
v 1.12626 -0.12200 -0.03982
v 1.18307 -0.12200 0.01162
v 1.32025 -0.12200 0.03293
v 1.45742 -0.12200 0.01162
v 1.54425 -0.15000 -0.03982
v 1.47864 -0.15000 -0.09921
v 1.32025 -0.15000 -0.12382
v 1.16185 -0.15000 -0.09921
v 1.09625 -0.15000 -0.03982
v 1.16185 -0.15000 0.01958
v 1.32025 -0.15000 0.04418
v 1.47864 -0.15000 0.01958
v 1.51424 -0.17800 -0.03982
v 1.45742 -0.17800 -0.09126
v 1.32025 -0.17800 -0.11256
v 1.18307 -0.17800 -0.09126
v 1.12626 -0.17800 -0.03982
v 1.18307 -0.17800 0.01162
v 1.32025 -0.17800 0.03293
v 1.45742 -0.17800 0.01162
v 1.43225 -0.19850 -0.03982
v 1.39944 -0.19850 -0.06951
v 1.32025 -0.19850 -0.08182
v 1.24105 -0.19850 -0.06951
v 1.20825 -0.19850 -0.03982
v 1.24105 -0.19850 -0.01012
v 1.32025 -0.19850 0.00218
v 1.39944 -0.19850 -0.01012
v 1.32025 -0.20600 -0.03982
v 1.32025 -0.20600 -0.03982
v 1.32025 -0.20600 -0.03982
v 1.32025 -0.20600 -0.03982
v 1.32025 -0.20600 -0.03982
v 1.32025 -0.20600 -0.03982
v 1.32025 -0.20600 -0.03982
v 1.32025 -0.20600 -0.03982
v 1.60373 -0.09400 -0.13289
v 1.60373 -0.09400 -0.13289
v 1.60373 -0.09400 -0.13289
v 1.60373 -0.09400 -0.13289
v 1.60373 -0.09400 -0.13289
v 1.60373 -0.09400 -0.13289
v 1.60373 -0.09400 -0.13289
v 1.60373 -0.09400 -0.13289
v 1.71573 -0.10150 -0.13289
v 1.68292 -0.10150 -0.16259
v 1.60373 -0.10150 -0.17489
v 1.52453 -0.10150 -0.16259
v 1.49173 -0.10150 -0.13289
v 1.52453 -0.10150 -0.10320
v 1.60373 -0.10150 -0.09089
v 1.68292 -0.10150 -0.10320
v 1.79772 -0.12200 -0.13289
v 1.74090 -0.12200 -0.18433
v 1.60373 -0.12200 -0.20564
v 1.46656 -0.12200 -0.18433
v 1.40974 -0.12200 -0.13289
v 1.46656 -0.12200 -0.08145
v 1.60373 -0.12200 -0.06015
v 1.74090 -0.12200 -0.08145
v 1.82773 -0.15000 -0.13289
v 1.76212 -0.15000 -0.19229
v 1.60373 -0.15000 -0.21689
v 1.44534 -0.15000 -0.19229
v 1.37973 -0.15000 -0.13289
v 1.44534 -0.15000 -0.07350
v 1.60373 -0.15000 -0.04889
v 1.76212 -0.15000 -0.07350
v 1.79772 -0.17800 -0.13289
v 1.74090 -0.17800 -0.18433
v 1.60373 -0.17800 -0.20564
v 1.46656 -0.17800 -0.18433
v 1.40974 -0.17800 -0.13289
v 1.46656 -0.17800 -0.08145
v 1.60373 -0.17800 -0.06015
v 1.74090 -0.17800 -0.08145
v 1.71573 -0.19850 -0.13289
v 1.68292 -0.19850 -0.16259
v 1.60373 -0.19850 -0.17489
v 1.52453 -0.19850 -0.16259
v 1.49173 -0.19850 -0.13289
v 1.52453 -0.19850 -0.10320
v 1.60373 -0.19850 -0.09089
v 1.68292 -0.19850 -0.10320
v 1.60373 -0.20600 -0.13289
v 1.60373 -0.20600 -0.13289
v 1.60373 -0.20600 -0.13289
v 1.60373 -0.20600 -0.13289
v 1.60373 -0.20600 -0.13289
v 1.60373 -0.20600 -0.13289
v 1.60373 -0.20600 -0.13289
v 1.60373 -0.20600 -0.13289
v 1.87000 0.18000 -0.22000
v 1.87000 -0.22000 -0.22000
v 1.86732 0.18000 -0.23000
v 1.86732 -0.22000 -0.23000
v 1.86000 0.18000 -0.23732
v 1.86000 -0.22000 -0.23732
v 1.85000 0.18000 -0.24000
v 1.85000 -0.22000 -0.24000
v 1.84000 0.18000 -0.23732
v 1.84000 -0.22000 -0.23732
v 1.83268 0.18000 -0.23000
v 1.83268 -0.22000 -0.23000
v 1.83000 0.18000 -0.22000
v 1.83000 -0.22000 -0.22000
v 1.83268 0.18000 -0.21000
v 1.83268 -0.22000 -0.21000
v 1.84000 0.18000 -0.20268
v 1.84000 -0.22000 -0.20268
v 1.85000 0.18000 -0.20000
v 1.85000 -0.22000 -0.20000
v 1.86000 0.18000 -0.20268
v 1.86000 -0.22000 -0.20268
v 1.86732 0.18000 -0.21000
v 1.86732 -0.22000 -0.21000
v 1.85000 0.18000 -0.22000
v 1.85000 -0.22000 -0.22000
v 1.97600 0.22950 -0.22000
v 1.97600 0.22950 -0.22000
v 1.97600 0.22950 -0.22000
v 1.97600 0.22950 -0.22000
v 1.97600 0.22950 -0.22000
v 1.97600 0.22950 -0.22000
v 1.97600 0.22950 -0.22000
v 1.97600 0.22950 -0.22000
v 2.02100 0.22287 -0.22000
v 2.00782 0.22287 -0.25182
v 1.97600 0.22287 -0.26500
v 1.94418 0.22287 -0.25182
v 1.93100 0.22287 -0.22000
v 1.94418 0.22287 -0.18818
v 1.97600 0.22287 -0.17500
v 2.00782 0.22287 -0.18818
v 2.05394 0.20475 -0.22000
v 2.03111 0.20475 -0.27511
v 1.97600 0.20475 -0.29794
v 1.92089 0.20475 -0.27511
v 1.89806 0.20475 -0.22000
v 1.92089 0.20475 -0.16489
v 1.97600 0.20475 -0.14206
v 2.03111 0.20475 -0.16489
v 2.06600 0.18000 -0.22000
v 2.03964 0.18000 -0.28364
v 1.97600 0.18000 -0.31000
v 1.91236 0.18000 -0.28364
v 1.88600 0.18000 -0.22000
v 1.91236 0.18000 -0.15636
v 1.97600 0.18000 -0.13000
v 2.03964 0.18000 -0.15636
v 2.05394 0.15525 -0.22000
v 2.03111 0.15525 -0.27511
v 1.97600 0.15525 -0.29794
v 1.92089 0.15525 -0.27511
v 1.89806 0.15525 -0.22000
v 1.92089 0.15525 -0.16489
v 1.97600 0.15525 -0.14206
v 2.03111 0.15525 -0.16489
v 2.02100 0.13713 -0.22000
v 2.00782 0.13713 -0.25182
v 1.97600 0.13713 -0.26500
v 1.94418 0.13713 -0.25182
v 1.93100 0.13713 -0.22000
v 1.94418 0.13713 -0.18818
v 1.97600 0.13713 -0.17500
v 2.00782 0.13713 -0.18818
v 1.97600 0.13050 -0.22000
v 1.97600 0.13050 -0.22000
v 1.97600 0.13050 -0.22000
v 1.97600 0.13050 -0.22000
v 1.97600 0.13050 -0.22000
v 1.97600 0.13050 -0.22000
v 1.97600 0.13050 -0.22000
v 1.97600 0.13050 -0.22000
v 1.91300 0.22950 -0.32912
v 1.91300 0.22950 -0.32912
v 1.91300 0.22950 -0.32912
v 1.91300 0.22950 -0.32912
v 1.91300 0.22950 -0.32912
v 1.91300 0.22950 -0.32912
v 1.91300 0.22950 -0.32912
v 1.91300 0.22950 -0.32912
v 1.95800 0.22287 -0.32912
v 1.94482 0.22287 -0.36094
v 1.91300 0.22287 -0.37412
v 1.88118 0.22287 -0.36094
v 1.86800 0.22287 -0.32912
v 1.88118 0.22287 -0.29730
v 1.91300 0.22287 -0.28412
v 1.94482 0.22287 -0.29730
v 1.99094 0.20475 -0.32912
v 1.96811 0.20475 -0.38423
v 1.91300 0.20475 -0.40706
v 1.85789 0.20475 -0.38423
v 1.83506 0.20475 -0.32912
v 1.85789 0.20475 -0.27401
v 1.91300 0.20475 -0.25118
v 1.96811 0.20475 -0.27401
v 2.00300 0.18000 -0.32912
v 1.97664 0.18000 -0.39276
v 1.91300 0.18000 -0.41912
v 1.84936 0.18000 -0.39276
v 1.82300 0.18000 -0.32912
v 1.84936 0.18000 -0.26548
v 1.91300 0.18000 -0.23912
v 1.97664 0.18000 -0.26548
v 1.99094 0.15525 -0.32912
v 1.96811 0.15525 -0.38423
v 1.91300 0.15525 -0.40706
v 1.85789 0.15525 -0.38423
v 1.83506 0.15525 -0.32912
v 1.85789 0.15525 -0.27401
v 1.91300 0.15525 -0.25118
v 1.96811 0.15525 -0.27401
v 1.95800 0.13713 -0.32912
v 1.94482 0.13713 -0.36094
v 1.91300 0.13713 -0.37412
v 1.88118 0.13713 -0.36094
v 1.86800 0.13713 -0.32912
v 1.88118 0.13713 -0.29730
v 1.91300 0.13713 -0.28412
v 1.94482 0.13713 -0.29730
v 1.91300 0.13050 -0.32912
v 1.91300 0.13050 -0.32912
v 1.91300 0.13050 -0.32912
v 1.91300 0.13050 -0.32912
v 1.91300 0.13050 -0.32912
v 1.91300 0.13050 -0.32912
v 1.91300 0.13050 -0.32912
v 1.91300 0.13050 -0.32912
v 1.78700 0.22950 -0.32912
v 1.78700 0.22950 -0.32912
v 1.78700 0.22950 -0.32912
v 1.78700 0.22950 -0.32912
v 1.78700 0.22950 -0.32912
v 1.78700 0.22950 -0.32912
v 1.78700 0.22950 -0.32912
v 1.78700 0.22950 -0.32912
v 1.83200 0.22287 -0.32912
v 1.81882 0.22287 -0.36094
v 1.78700 0.22287 -0.37412
v 1.75518 0.22287 -0.36094
v 1.74200 0.22287 -0.32912
v 1.75518 0.22287 -0.29730
v 1.78700 0.22287 -0.28412
v 1.81882 0.22287 -0.29730
v 1.86494 0.20475 -0.32912
v 1.84211 0.20475 -0.38423
v 1.78700 0.20475 -0.40706
v 1.73189 0.20475 -0.38423
v 1.70906 0.20475 -0.32912
v 1.73189 0.20475 -0.27401
v 1.78700 0.20475 -0.25118
v 1.84211 0.20475 -0.27401
v 1.87700 0.18000 -0.32912
v 1.85064 0.18000 -0.39276
v 1.78700 0.18000 -0.41912
v 1.72336 0.18000 -0.39276
v 1.69700 0.18000 -0.32912
v 1.72336 0.18000 -0.26548
v 1.78700 0.18000 -0.23912
v 1.85064 0.18000 -0.26548
v 1.86494 0.15525 -0.32912
v 1.84211 0.15525 -0.38423
v 1.78700 0.15525 -0.40706
v 1.73189 0.15525 -0.38423
v 1.70906 0.15525 -0.32912
v 1.73189 0.15525 -0.27401
v 1.78700 0.15525 -0.25118
v 1.84211 0.15525 -0.27401
v 1.83200 0.13713 -0.32912
v 1.81882 0.13713 -0.36094
v 1.78700 0.13713 -0.37412
v 1.75518 0.13713 -0.36094
v 1.74200 0.13713 -0.32912
v 1.75518 0.13713 -0.29730
v 1.78700 0.13713 -0.28412
v 1.81882 0.13713 -0.29730
v 1.78700 0.13050 -0.32912
v 1.78700 0.13050 -0.32912
v 1.78700 0.13050 -0.32912
v 1.78700 0.13050 -0.32912
v 1.78700 0.13050 -0.32912
v 1.78700 0.13050 -0.32912
v 1.78700 0.13050 -0.32912
v 1.78700 0.13050 -0.32912
v 1.72400 0.22950 -0.22000
v 1.72400 0.22950 -0.22000
v 1.72400 0.22950 -0.22000
v 1.72400 0.22950 -0.22000
v 1.72400 0.22950 -0.22000
v 1.72400 0.22950 -0.22000
v 1.72400 0.22950 -0.22000
v 1.72400 0.22950 -0.22000
v 1.76900 0.22287 -0.22000
v 1.75582 0.22287 -0.25182
v 1.72400 0.22287 -0.26500
v 1.69218 0.22287 -0.25182
v 1.67900 0.22287 -0.22000
v 1.69218 0.22287 -0.18818
v 1.72400 0.22287 -0.17500
v 1.75582 0.22287 -0.18818
v 1.80194 0.20475 -0.22000
v 1.77911 0.20475 -0.27511
v 1.72400 0.20475 -0.29794
v 1.66889 0.20475 -0.27511
v 1.64606 0.20475 -0.22000
v 1.66889 0.20475 -0.16489
v 1.72400 0.20475 -0.14206
v 1.77911 0.20475 -0.16489
v 1.81400 0.18000 -0.22000
v 1.78764 0.18000 -0.28364
v 1.72400 0.18000 -0.31000
v 1.66036 0.18000 -0.28364
v 1.63400 0.18000 -0.22000
v 1.66036 0.18000 -0.15636
v 1.72400 0.18000 -0.13000
v 1.78764 0.18000 -0.15636
v 1.80194 0.15525 -0.22000
v 1.77911 0.15525 -0.27511
v 1.72400 0.15525 -0.29794
v 1.66889 0.15525 -0.27511
v 1.64606 0.15525 -0.22000
v 1.66889 0.15525 -0.16489
v 1.72400 0.15525 -0.14206
v 1.77911 0.15525 -0.16489
v 1.76900 0.13713 -0.22000
v 1.75582 0.13713 -0.25182
v 1.72400 0.13713 -0.26500
v 1.69218 0.13713 -0.25182
v 1.67900 0.13713 -0.22000
v 1.69218 0.13713 -0.18818
v 1.72400 0.13713 -0.17500
v 1.75582 0.13713 -0.18818
v 1.72400 0.13050 -0.22000
v 1.72400 0.13050 -0.22000
v 1.72400 0.13050 -0.22000
v 1.72400 0.13050 -0.22000
v 1.72400 0.13050 -0.22000
v 1.72400 0.13050 -0.22000
v 1.72400 0.13050 -0.22000
v 1.72400 0.13050 -0.22000
v 1.78700 0.22950 -0.11088
v 1.78700 0.22950 -0.11088
v 1.78700 0.22950 -0.11088
v 1.78700 0.22950 -0.11088
v 1.78700 0.22950 -0.11088
v 1.78700 0.22950 -0.11088
v 1.78700 0.22950 -0.11088
v 1.78700 0.22950 -0.11088
v 1.83200 0.22287 -0.11088
v 1.81882 0.22287 -0.14270
v 1.78700 0.22287 -0.15588
v 1.75518 0.22287 -0.14270
v 1.74200 0.22287 -0.11088
v 1.75518 0.22287 -0.07906
v 1.78700 0.22287 -0.06588
v 1.81882 0.22287 -0.07906
v 1.86494 0.20475 -0.11088
v 1.84211 0.20475 -0.16599
v 1.78700 0.20475 -0.18882
v 1.73189 0.20475 -0.16599
v 1.70906 0.20475 -0.11088
v 1.73189 0.20475 -0.05577
v 1.78700 0.20475 -0.03294
v 1.84211 0.20475 -0.05577
v 1.87700 0.18000 -0.11088
v 1.85064 0.18000 -0.17452
v 1.78700 0.18000 -0.20088
v 1.72336 0.18000 -0.17452
v 1.69700 0.18000 -0.11088
v 1.72336 0.18000 -0.04724
v 1.78700 0.18000 -0.02088
v 1.85064 0.18000 -0.04724
v 1.86494 0.15525 -0.11088
v 1.84211 0.15525 -0.16599
v 1.78700 0.15525 -0.18882
v 1.73189 0.15525 -0.16599
v 1.70906 0.15525 -0.11088
v 1.73189 0.15525 -0.05577
v 1.78700 0.15525 -0.03294
v 1.84211 0.15525 -0.05577
v 1.83200 0.13713 -0.11088
v 1.81882 0.13713 -0.14270
v 1.78700 0.13713 -0.15588
v 1.75518 0.13713 -0.14270
v 1.74200 0.13713 -0.11088
v 1.75518 0.13713 -0.07906
v 1.78700 0.13713 -0.06588
v 1.81882 0.13713 -0.07906
v 1.78700 0.13050 -0.11088
v 1.78700 0.13050 -0.11088
v 1.78700 0.13050 -0.11088
v 1.78700 0.13050 -0.11088
v 1.78700 0.13050 -0.11088
v 1.78700 0.13050 -0.11088
v 1.78700 0.13050 -0.11088
v 1.78700 0.13050 -0.11088
v 1.91300 0.22950 -0.11088
v 1.91300 0.22950 -0.11088
v 1.91300 0.22950 -0.11088
v 1.91300 0.22950 -0.11088
v 1.91300 0.22950 -0.11088
v 1.91300 0.22950 -0.11088
v 1.91300 0.22950 -0.11088
v 1.91300 0.22950 -0.11088
v 1.95800 0.22287 -0.11088
v 1.94482 0.22287 -0.14270
v 1.91300 0.22287 -0.15588
v 1.88118 0.22287 -0.14270
v 1.86800 0.22287 -0.11088
v 1.88118 0.22287 -0.07906
v 1.91300 0.22287 -0.06588
v 1.94482 0.22287 -0.07906
v 1.99094 0.20475 -0.11088
v 1.96811 0.20475 -0.16599
v 1.91300 0.20475 -0.18882
v 1.85789 0.20475 -0.16599
v 1.83506 0.20475 -0.11088
v 1.85789 0.20475 -0.05577
v 1.91300 0.20475 -0.03294
v 1.96811 0.20475 -0.05577
v 2.00300 0.18000 -0.11088
v 1.97664 0.18000 -0.17452
v 1.91300 0.18000 -0.20088
v 1.84936 0.18000 -0.17452
v 1.82300 0.18000 -0.11088
v 1.84936 0.18000 -0.04724
v 1.91300 0.18000 -0.02088
v 1.97664 0.18000 -0.04724
v 1.99094 0.15525 -0.11088
v 1.96811 0.15525 -0.16599
v 1.91300 0.15525 -0.18882
v 1.85789 0.15525 -0.16599
v 1.83506 0.15525 -0.11088
v 1.85789 0.15525 -0.05577
v 1.91300 0.15525 -0.03294
v 1.96811 0.15525 -0.05577
v 1.95800 0.13713 -0.11088
v 1.94482 0.13713 -0.14270
v 1.91300 0.13713 -0.15588
v 1.88118 0.13713 -0.14270
v 1.86800 0.13713 -0.11088
v 1.88118 0.13713 -0.07906
v 1.91300 0.13713 -0.06588
v 1.94482 0.13713 -0.07906
v 1.91300 0.13050 -0.11088
v 1.91300 0.13050 -0.11088
v 1.91300 0.13050 -0.11088
v 1.91300 0.13050 -0.11088
v 1.91300 0.13050 -0.11088
v 1.91300 0.13050 -0.11088
v 1.91300 0.13050 -0.11088
v 1.91300 0.13050 -0.11088
v 1.85000 0.23500 -0.22000
v 1.85000 0.23500 -0.22000
v 1.85000 0.23500 -0.22000
v 1.85000 0.23500 -0.22000
v 1.85000 0.23500 -0.22000
v 1.85000 0.23500 -0.22000
v 1.85000 0.23500 -0.22000
v 1.85000 0.23500 -0.22000
v 1.87750 0.22763 -0.22000
v 1.86945 0.22763 -0.23945
v 1.85000 0.22763 -0.24750
v 1.83055 0.22763 -0.23945
v 1.82250 0.22763 -0.22000
v 1.83055 0.22763 -0.20055
v 1.85000 0.22763 -0.19250
v 1.86945 0.22763 -0.20055
v 1.89763 0.20750 -0.22000
v 1.88368 0.20750 -0.25368
v 1.85000 0.20750 -0.26763
v 1.81632 0.20750 -0.25368
v 1.80237 0.20750 -0.22000
v 1.81632 0.20750 -0.18632
v 1.85000 0.20750 -0.17237
v 1.88368 0.20750 -0.18632
v 1.90500 0.18000 -0.22000
v 1.88889 0.18000 -0.25889
v 1.85000 0.18000 -0.27500
v 1.81111 0.18000 -0.25889
v 1.79500 0.18000 -0.22000
v 1.81111 0.18000 -0.18111
v 1.85000 0.18000 -0.16500
v 1.88889 0.18000 -0.18111
v 1.89763 0.15250 -0.22000
v 1.88368 0.15250 -0.25368
v 1.85000 0.15250 -0.26763
v 1.81632 0.15250 -0.25368
v 1.80237 0.15250 -0.22000
v 1.81632 0.15250 -0.18632
v 1.85000 0.15250 -0.17237
v 1.88368 0.15250 -0.18632
v 1.87750 0.13237 -0.22000
v 1.86945 0.13237 -0.23945
v 1.85000 0.13237 -0.24750
v 1.83055 0.13237 -0.23945
v 1.82250 0.13237 -0.22000
v 1.83055 0.13237 -0.20055
v 1.85000 0.13237 -0.19250
v 1.86945 0.13237 -0.20055
v 1.85000 0.12500 -0.22000
v 1.85000 0.12500 -0.22000
v 1.85000 0.12500 -0.22000
v 1.85000 0.12500 -0.22000
v 1.85000 0.12500 -0.22000
v 1.85000 0.12500 -0.22000
v 1.85000 0.12500 -0.22000
v 1.85000 0.12500 -0.22000
v 2.02196 -0.13400 -0.27319
v 2.02196 -0.13400 -0.27319
v 2.02196 -0.13400 -0.27319
v 2.02196 -0.13400 -0.27319
v 2.02196 -0.13400 -0.27319
v 2.02196 -0.13400 -0.27319
v 2.02196 -0.13400 -0.27319
v 2.02196 -0.13400 -0.27319
v 2.13396 -0.14150 -0.27319
v 2.10116 -0.14150 -0.30289
v 2.02196 -0.14150 -0.31519
v 1.94276 -0.14150 -0.30289
v 1.90996 -0.14150 -0.27319
v 1.94276 -0.14150 -0.24350
v 2.02196 -0.14150 -0.23119
v 2.10116 -0.14150 -0.24350
v 2.21595 -0.16200 -0.27319
v 2.15913 -0.16200 -0.32463
v 2.02196 -0.16200 -0.34594
v 1.88479 -0.16200 -0.32463
v 1.82797 -0.16200 -0.27319
v 1.88479 -0.16200 -0.22175
v 2.02196 -0.16200 -0.20045
v 2.15913 -0.16200 -0.22175
v 2.24596 -0.19000 -0.27319
v 2.18035 -0.19000 -0.33259
v 2.02196 -0.19000 -0.35719
v 1.86357 -0.19000 -0.33259
v 1.79796 -0.19000 -0.27319
v 1.86357 -0.19000 -0.21380
v 2.02196 -0.19000 -0.18919
v 2.18035 -0.19000 -0.21380
v 2.21595 -0.21800 -0.27319
v 2.15913 -0.21800 -0.32463
v 2.02196 -0.21800 -0.34594
v 1.88479 -0.21800 -0.32463
v 1.82797 -0.21800 -0.27319
v 1.88479 -0.21800 -0.22175
v 2.02196 -0.21800 -0.20045
v 2.15913 -0.21800 -0.22175
v 2.13396 -0.23850 -0.27319
v 2.10116 -0.23850 -0.30289
v 2.02196 -0.23850 -0.31519
v 1.94276 -0.23850 -0.30289
v 1.90996 -0.23850 -0.27319
v 1.94276 -0.23850 -0.24350
v 2.02196 -0.23850 -0.23119
v 2.10116 -0.23850 -0.24350
v 2.02196 -0.24600 -0.27319
v 2.02196 -0.24600 -0.27319
v 2.02196 -0.24600 -0.27319
v 2.02196 -0.24600 -0.27319
v 2.02196 -0.24600 -0.27319
v 2.02196 -0.24600 -0.27319
v 2.02196 -0.24600 -0.27319
v 2.02196 -0.24600 -0.27319
v 1.85425 -0.13400 -0.51997
v 1.85425 -0.13400 -0.51997
v 1.85425 -0.13400 -0.51997
v 1.85425 -0.13400 -0.51997
v 1.85425 -0.13400 -0.51997
v 1.85425 -0.13400 -0.51997
v 1.85425 -0.13400 -0.51997
v 1.85425 -0.13400 -0.51997
v 1.96625 -0.14150 -0.51997
v 1.93344 -0.14150 -0.54967
v 1.85425 -0.14150 -0.56197
v 1.77505 -0.14150 -0.54967
v 1.74225 -0.14150 -0.51997
v 1.77505 -0.14150 -0.49027
v 1.85425 -0.14150 -0.47797
v 1.93344 -0.14150 -0.49027
v 2.04824 -0.16200 -0.51997
v 1.99142 -0.16200 -0.57141
v 1.85425 -0.16200 -0.59272
v 1.71708 -0.16200 -0.57141
v 1.66026 -0.16200 -0.51997
v 1.71708 -0.16200 -0.46853
v 1.85425 -0.16200 -0.44722
v 1.99142 -0.16200 -0.46853
v 2.07825 -0.19000 -0.51997
v 2.01264 -0.19000 -0.57937
v 1.85425 -0.19000 -0.60397
v 1.69586 -0.19000 -0.57937
v 1.63025 -0.19000 -0.51997
v 1.69586 -0.19000 -0.46057
v 1.85425 -0.19000 -0.43597
v 2.01264 -0.19000 -0.46057
v 2.04824 -0.21800 -0.51997
v 1.99142 -0.21800 -0.57141
v 1.85425 -0.21800 -0.59272
v 1.71708 -0.21800 -0.57141
v 1.66026 -0.21800 -0.51997
v 1.71708 -0.21800 -0.46853
v 1.85425 -0.21800 -0.44722
v 1.99142 -0.21800 -0.46853
v 1.96625 -0.23850 -0.51997
v 1.93344 -0.23850 -0.54967
v 1.85425 -0.23850 -0.56197
v 1.77505 -0.23850 -0.54967
v 1.74225 -0.23850 -0.51997
v 1.77505 -0.23850 -0.49027
v 1.85425 -0.23850 -0.47797
v 1.93344 -0.23850 -0.49027
v 1.85425 -0.24600 -0.51997
v 1.85425 -0.24600 -0.51997
v 1.85425 -0.24600 -0.51997
v 1.85425 -0.24600 -0.51997
v 1.85425 -0.24600 -0.51997
v 1.85425 -0.24600 -0.51997
v 1.85425 -0.24600 -0.51997
v 1.85425 -0.24600 -0.51997
v 1.67961 -0.13400 -0.27804
v 1.67961 -0.13400 -0.27804
v 1.67961 -0.13400 -0.27804
v 1.67961 -0.13400 -0.27804
v 1.67961 -0.13400 -0.27804
v 1.67961 -0.13400 -0.27804
v 1.67961 -0.13400 -0.27804
v 1.67961 -0.13400 -0.27804
v 1.79161 -0.14150 -0.27804
v 1.75881 -0.14150 -0.30774
v 1.67961 -0.14150 -0.32004
v 1.60042 -0.14150 -0.30774
v 1.56761 -0.14150 -0.27804
v 1.60042 -0.14150 -0.24834
v 1.67961 -0.14150 -0.23604
v 1.75881 -0.14150 -0.24834
v 1.87360 -0.16200 -0.27804
v 1.81679 -0.16200 -0.32948
v 1.67961 -0.16200 -0.35079
v 1.54244 -0.16200 -0.32948
v 1.48562 -0.16200 -0.27804
v 1.54244 -0.16200 -0.22660
v 1.67961 -0.16200 -0.20530
v 1.81679 -0.16200 -0.22660
v 1.90361 -0.19000 -0.27804
v 1.83801 -0.19000 -0.33744
v 1.67961 -0.19000 -0.36204
v 1.52122 -0.19000 -0.33744
v 1.45561 -0.19000 -0.27804
v 1.52122 -0.19000 -0.21864
v 1.67961 -0.19000 -0.19404
v 1.83801 -0.19000 -0.21864
v 1.87360 -0.21800 -0.27804
v 1.81679 -0.21800 -0.32948
v 1.67961 -0.21800 -0.35079
v 1.54244 -0.21800 -0.32948
v 1.48562 -0.21800 -0.27804
v 1.54244 -0.21800 -0.22660
v 1.67961 -0.21800 -0.20530
v 1.81679 -0.21800 -0.22660
v 1.79161 -0.23850 -0.27804
v 1.75881 -0.23850 -0.30774
v 1.67961 -0.23850 -0.32004
v 1.60042 -0.23850 -0.30774
v 1.56761 -0.23850 -0.27804
v 1.60042 -0.23850 -0.24834
v 1.67961 -0.23850 -0.23604
v 1.75881 -0.23850 -0.24834
v 1.67961 -0.24600 -0.27804
v 1.67961 -0.24600 -0.27804
v 1.67961 -0.24600 -0.27804
v 1.67961 -0.24600 -0.27804
v 1.67961 -0.24600 -0.27804
v 1.67961 -0.24600 -0.27804
v 1.67961 -0.24600 -0.27804
v 1.67961 -0.24600 -0.27804
v 1.67025 -0.13400 0.02018
v 1.67025 -0.13400 0.02018
v 1.67025 -0.13400 0.02018
v 1.67025 -0.13400 0.02018
v 1.67025 -0.13400 0.02018
v 1.67025 -0.13400 0.02018
v 1.67025 -0.13400 0.02018
v 1.67025 -0.13400 0.02018
v 1.78225 -0.14150 0.02018
v 1.74944 -0.14150 -0.00951
v 1.67025 -0.14150 -0.02182
v 1.59105 -0.14150 -0.00951
v 1.55825 -0.14150 0.02018
v 1.59105 -0.14150 0.04988
v 1.67025 -0.14150 0.06218
v 1.74944 -0.14150 0.04988
v 1.86424 -0.16200 0.02018
v 1.80742 -0.16200 -0.03126
v 1.67025 -0.16200 -0.05256
v 1.53307 -0.16200 -0.03126
v 1.47626 -0.16200 0.02018
v 1.53307 -0.16200 0.07162
v 1.67025 -0.16200 0.09293
v 1.80742 -0.16200 0.07162
v 1.89425 -0.19000 0.02018
v 1.82864 -0.19000 -0.03921
v 1.67025 -0.19000 -0.06382
v 1.51185 -0.19000 -0.03921
v 1.44625 -0.19000 0.02018
v 1.51185 -0.19000 0.07958
v 1.67025 -0.19000 0.10418
v 1.82864 -0.19000 0.07958
v 1.86424 -0.21800 0.02018
v 1.80742 -0.21800 -0.03126
v 1.67025 -0.21800 -0.05256
v 1.53307 -0.21800 -0.03126
v 1.47626 -0.21800 0.02018
v 1.53307 -0.21800 0.07162
v 1.67025 -0.21800 0.09293
v 1.80742 -0.21800 0.07162
v 1.78225 -0.23850 0.02018
v 1.74944 -0.23850 -0.00951
v 1.67025 -0.23850 -0.02182
v 1.59105 -0.23850 -0.00951
v 1.55825 -0.23850 0.02018
v 1.59105 -0.23850 0.04988
v 1.67025 -0.23850 0.06218
v 1.74944 -0.23850 0.04988
v 1.67025 -0.24600 0.02018
v 1.67025 -0.24600 0.02018
v 1.67025 -0.24600 0.02018
v 1.67025 -0.24600 0.02018
v 1.67025 -0.24600 0.02018
v 1.67025 -0.24600 0.02018
v 1.67025 -0.24600 0.02018
v 1.67025 -0.24600 0.02018
v 1.95373 -0.13400 -0.07289
v 1.95373 -0.13400 -0.07289
v 1.95373 -0.13400 -0.07289
v 1.95373 -0.13400 -0.07289
v 1.95373 -0.13400 -0.07289
v 1.95373 -0.13400 -0.07289
v 1.95373 -0.13400 -0.07289
v 1.95373 -0.13400 -0.07289
v 2.06573 -0.14150 -0.07289
v 2.03292 -0.14150 -0.10259
v 1.95373 -0.14150 -0.11489
v 1.87453 -0.14150 -0.10259
v 1.84173 -0.14150 -0.07289
v 1.87453 -0.14150 -0.04320
v 1.95373 -0.14150 -0.03089
v 2.03292 -0.14150 -0.04320
v 2.14772 -0.16200 -0.07289
v 2.09090 -0.16200 -0.12433
v 1.95373 -0.16200 -0.14564
v 1.81656 -0.16200 -0.12433
v 1.75974 -0.16200 -0.07289
v 1.81656 -0.16200 -0.02145
v 1.95373 -0.16200 -0.00015
v 2.09090 -0.16200 -0.02145
v 2.17773 -0.19000 -0.07289
v 2.11212 -0.19000 -0.13229
v 1.95373 -0.19000 -0.15689
v 1.79534 -0.19000 -0.13229
v 1.72973 -0.19000 -0.07289
v 1.79534 -0.19000 -0.01350
v 1.95373 -0.19000 0.01111
v 2.11212 -0.19000 -0.01350
v 2.14772 -0.21800 -0.07289
v 2.09090 -0.21800 -0.12433
v 1.95373 -0.21800 -0.14564
v 1.81656 -0.21800 -0.12433
v 1.75974 -0.21800 -0.07289
v 1.81656 -0.21800 -0.02145
v 1.95373 -0.21800 -0.00015
v 2.09090 -0.21800 -0.02145
v 2.06573 -0.23850 -0.07289
v 2.03292 -0.23850 -0.10259
v 1.95373 -0.23850 -0.11489
v 1.87453 -0.23850 -0.10259
v 1.84173 -0.23850 -0.07289
v 1.87453 -0.23850 -0.04320
v 1.95373 -0.23850 -0.03089
v 2.03292 -0.23850 -0.04320
v 1.95373 -0.24600 -0.07289
v 1.95373 -0.24600 -0.07289
v 1.95373 -0.24600 -0.07289
v 1.95373 -0.24600 -0.07289
v 1.95373 -0.24600 -0.07289
v 1.95373 -0.24600 -0.07289
v 1.95373 -0.24600 -0.07289
v 1.95373 -0.24600 -0.07289
v -1.37072 -0.06400 -0.22092
v -1.37072 -0.06400 -0.22092
v -1.37072 -0.06400 -0.22092
v -1.37072 -0.06400 -0.22092
v -1.37072 -0.06400 -0.22092
v -1.37072 -0.06400 -0.22092
v -1.37072 -0.06400 -0.22092
v -1.37072 -0.06400 -0.22092
v -1.25872 -0.07150 -0.22092
v -1.29152 -0.07150 -0.25062
v -1.37072 -0.07150 -0.26292
v -1.44992 -0.07150 -0.25062
v -1.48272 -0.07150 -0.22092
v -1.44992 -0.07150 -0.19123
v -1.37072 -0.07150 -0.17892
v -1.29152 -0.07150 -0.19123
v -1.17673 -0.09200 -0.22092
v -1.23355 -0.09200 -0.27236
v -1.37072 -0.09200 -0.29367
v -1.50789 -0.09200 -0.27236
v -1.56471 -0.09200 -0.22092
v -1.50789 -0.09200 -0.16949
v -1.37072 -0.09200 -0.14818
v -1.23355 -0.09200 -0.16949
v -1.14672 -0.12000 -0.22092
v -1.21233 -0.12000 -0.28032
v -1.37072 -0.12000 -0.30492
v -1.52911 -0.12000 -0.28032
v -1.59472 -0.12000 -0.22092
v -1.52911 -0.12000 -0.16153
v -1.37072 -0.12000 -0.13692
v -1.21233 -0.12000 -0.16153
v -1.17673 -0.14800 -0.22092
v -1.23355 -0.14800 -0.27236
v -1.37072 -0.14800 -0.29367
v -1.50789 -0.14800 -0.27236
v -1.56471 -0.14800 -0.22092
v -1.50789 -0.14800 -0.16949
v -1.37072 -0.14800 -0.14818
v -1.23355 -0.14800 -0.16949
v -1.25872 -0.16850 -0.22092
v -1.29152 -0.16850 -0.25062
v -1.37072 -0.16850 -0.26292
v -1.44992 -0.16850 -0.25062
v -1.48272 -0.16850 -0.22092
v -1.44992 -0.16850 -0.19123
v -1.37072 -0.16850 -0.17892
v -1.29152 -0.16850 -0.19123
v -1.37072 -0.17600 -0.22092
v -1.37072 -0.17600 -0.22092
v -1.37072 -0.17600 -0.22092
v -1.37072 -0.17600 -0.22092
v -1.37072 -0.17600 -0.22092
v -1.37072 -0.17600 -0.22092
v -1.37072 -0.17600 -0.22092
v -1.37072 -0.17600 -0.22092
v -1.45416 -0.06400 -0.52247
v -1.45416 -0.06400 -0.52247
v -1.45416 -0.06400 -0.52247
v -1.45416 -0.06400 -0.52247
v -1.45416 -0.06400 -0.52247
v -1.45416 -0.06400 -0.52247
v -1.45416 -0.06400 -0.52247
v -1.45416 -0.06400 -0.52247
v -1.34216 -0.07150 -0.52247
v -1.37497 -0.07150 -0.55216
v -1.45416 -0.07150 -0.56447
v -1.53336 -0.07150 -0.55216
v -1.56616 -0.07150 -0.52247
v -1.53336 -0.07150 -0.49277
v -1.45416 -0.07150 -0.48047
v -1.37497 -0.07150 -0.49277
v -1.26017 -0.09200 -0.52247
v -1.31699 -0.09200 -0.57391
v -1.45416 -0.09200 -0.59521
v -1.59133 -0.09200 -0.57391
v -1.64815 -0.09200 -0.52247
v -1.59133 -0.09200 -0.47103
v -1.45416 -0.09200 -0.44972
v -1.31699 -0.09200 -0.47103
v -1.23016 -0.12000 -0.52247
v -1.29577 -0.12000 -0.58186
v -1.45416 -0.12000 -0.60647
v -1.61255 -0.12000 -0.58186
v -1.67816 -0.12000 -0.52247
v -1.61255 -0.12000 -0.46307
v -1.45416 -0.12000 -0.43847
v -1.29577 -0.12000 -0.46307
v -1.26017 -0.14800 -0.52247
v -1.31699 -0.14800 -0.57391
v -1.45416 -0.14800 -0.59521
v -1.59133 -0.14800 -0.57391
v -1.64815 -0.14800 -0.52247
v -1.59133 -0.14800 -0.47103
v -1.45416 -0.14800 -0.44972
v -1.31699 -0.14800 -0.47103
v -1.34216 -0.16850 -0.52247
v -1.37497 -0.16850 -0.55216
v -1.45416 -0.16850 -0.56447
v -1.53336 -0.16850 -0.55216
v -1.56616 -0.16850 -0.52247
v -1.53336 -0.16850 -0.49277
v -1.45416 -0.16850 -0.48047
v -1.37497 -0.16850 -0.49277
v -1.45416 -0.17600 -0.52247
v -1.45416 -0.17600 -0.52247
v -1.45416 -0.17600 -0.52247
v -1.45416 -0.17600 -0.52247
v -1.45416 -0.17600 -0.52247
v -1.45416 -0.17600 -0.52247
v -1.45416 -0.17600 -0.52247
v -1.45416 -0.17600 -0.52247
v -1.72017 -0.06400 -0.35775
v -1.72017 -0.06400 -0.35775
v -1.72017 -0.06400 -0.35775
v -1.72017 -0.06400 -0.35775
v -1.72017 -0.06400 -0.35775
v -1.72017 -0.06400 -0.35775
v -1.72017 -0.06400 -0.35775
v -1.72017 -0.06400 -0.35775
v -1.60817 -0.07150 -0.35775
v -1.64097 -0.07150 -0.38745
v -1.72017 -0.07150 -0.39975
v -1.79936 -0.07150 -0.38745
v -1.83217 -0.07150 -0.35775
v -1.79936 -0.07150 -0.32805
v -1.72017 -0.07150 -0.31575
v -1.64097 -0.07150 -0.32805
v -1.52618 -0.09200 -0.35775
v -1.58299 -0.09200 -0.40919
v -1.72017 -0.09200 -0.43050
v -1.85734 -0.09200 -0.40919
v -1.91416 -0.09200 -0.35775
v -1.85734 -0.09200 -0.30631
v -1.72017 -0.09200 -0.28500
v -1.58299 -0.09200 -0.30631
v -1.49617 -0.12000 -0.35775
v -1.56177 -0.12000 -0.41715
v -1.72017 -0.12000 -0.44175
v -1.87856 -0.12000 -0.41715
v -1.94417 -0.12000 -0.35775
v -1.87856 -0.12000 -0.29835
v -1.72017 -0.12000 -0.27375
v -1.56177 -0.12000 -0.29835
v -1.52618 -0.14800 -0.35775
v -1.58299 -0.14800 -0.40919
v -1.72017 -0.14800 -0.43050
v -1.85734 -0.14800 -0.40919
v -1.91416 -0.14800 -0.35775
v -1.85734 -0.14800 -0.30631
v -1.72017 -0.14800 -0.28500
v -1.58299 -0.14800 -0.30631
v -1.60817 -0.16850 -0.35775
v -1.64097 -0.16850 -0.38745
v -1.72017 -0.16850 -0.39975
v -1.79936 -0.16850 -0.38745
v -1.83217 -0.16850 -0.35775
v -1.79936 -0.16850 -0.32805
v -1.72017 -0.16850 -0.31575
v -1.64097 -0.16850 -0.32805
v -1.72017 -0.17600 -0.35775
v -1.72017 -0.17600 -0.35775
v -1.72017 -0.17600 -0.35775
v -1.72017 -0.17600 -0.35775
v -1.72017 -0.17600 -0.35775
v -1.72017 -0.17600 -0.35775
v -1.72017 -0.17600 -0.35775
v -1.72017 -0.17600 -0.35775
v -1.99558 -0.06400 -0.20930
v -1.99558 -0.06400 -0.20930
v -1.99558 -0.06400 -0.20930
v -1.99558 -0.06400 -0.20930
v -1.99558 -0.06400 -0.20930
v -1.99558 -0.06400 -0.20930
v -1.99558 -0.06400 -0.20930
v -1.99558 -0.06400 -0.20930
v -1.88358 -0.07150 -0.20930
v -1.91638 -0.07150 -0.23900
v -1.99558 -0.07150 -0.25130
v -2.07478 -0.07150 -0.23900
v -2.10758 -0.07150 -0.20930
v -2.07478 -0.07150 -0.17960
v -1.99558 -0.07150 -0.16730
v -1.91638 -0.07150 -0.17960
v -1.80159 -0.09200 -0.20930
v -1.85841 -0.09200 -0.26074
v -1.99558 -0.09200 -0.28205
v -2.13275 -0.09200 -0.26074
v -2.18957 -0.09200 -0.20930
v -2.13275 -0.09200 -0.15786
v -1.99558 -0.09200 -0.13655
v -1.85841 -0.09200 -0.15786
v -1.77158 -0.12000 -0.20930
v -1.83719 -0.12000 -0.26870
v -1.99558 -0.12000 -0.29330
v -2.15397 -0.12000 -0.26870
v -2.21958 -0.12000 -0.20930
v -2.15397 -0.12000 -0.14990
v -1.99558 -0.12000 -0.12530
v -1.83719 -0.12000 -0.14990
v -1.80159 -0.14800 -0.20930
v -1.85841 -0.14800 -0.26074
v -1.99558 -0.14800 -0.28205
v -2.13275 -0.14800 -0.26074
v -2.18957 -0.14800 -0.20930
v -2.13275 -0.14800 -0.15786
v -1.99558 -0.14800 -0.13655
v -1.85841 -0.14800 -0.15786
v -1.88358 -0.16850 -0.20930
v -1.91638 -0.16850 -0.23900
v -1.99558 -0.16850 -0.25130
v -2.07478 -0.16850 -0.23900
v -2.10758 -0.16850 -0.20930
v -2.07478 -0.16850 -0.17960
v -1.99558 -0.16850 -0.16730
v -1.91638 -0.16850 -0.17960
v -1.99558 -0.17600 -0.20930
v -1.99558 -0.17600 -0.20930
v -1.99558 -0.17600 -0.20930
v -1.99558 -0.17600 -0.20930
v -1.99558 -0.17600 -0.20930
v -1.99558 -0.17600 -0.20930
v -1.99558 -0.17600 -0.20930
v -1.99558 -0.17600 -0.20930
v -1.77580 -0.06400 0.01338
v -1.77580 -0.06400 0.01338
v -1.77580 -0.06400 0.01338
v -1.77580 -0.06400 0.01338
v -1.77580 -0.06400 0.01338
v -1.77580 -0.06400 0.01338
v -1.77580 -0.06400 0.01338
v -1.77580 -0.06400 0.01338
v -1.66380 -0.07150 0.01338
v -1.69661 -0.07150 -0.01632
v -1.77580 -0.07150 -0.02862
v -1.85500 -0.07150 -0.01632
v -1.88780 -0.07150 0.01338
v -1.85500 -0.07150 0.04308
v -1.77580 -0.07150 0.05538
v -1.69661 -0.07150 0.04308
v -1.58181 -0.09200 0.01338
v -1.63863 -0.09200 -0.03806
v -1.77580 -0.09200 -0.05936
v -1.91297 -0.09200 -0.03806
v -1.96979 -0.09200 0.01338
v -1.91297 -0.09200 0.06482
v -1.77580 -0.09200 0.08613
v -1.63863 -0.09200 0.06482
v -1.55180 -0.12000 0.01338
v -1.61741 -0.12000 -0.04601
v -1.77580 -0.12000 -0.07062
v -1.93419 -0.12000 -0.04601
v -1.99980 -0.12000 0.01338
v -1.93419 -0.12000 0.07278
v -1.77580 -0.12000 0.09738
v -1.61741 -0.12000 0.07278
v -1.58181 -0.14800 0.01338
v -1.63863 -0.14800 -0.03806
v -1.77580 -0.14800 -0.05936
v -1.91297 -0.14800 -0.03806
v -1.96979 -0.14800 0.01338
v -1.91297 -0.14800 0.06482
v -1.77580 -0.14800 0.08613
v -1.63863 -0.14800 0.06482
v -1.66380 -0.16850 0.01338
v -1.69661 -0.16850 -0.01632
v -1.77580 -0.16850 -0.02862
v -1.85500 -0.16850 -0.01632
v -1.88780 -0.16850 0.01338
v -1.85500 -0.16850 0.04308
v -1.77580 -0.16850 0.05538
v -1.69661 -0.16850 0.04308
v -1.77580 -0.17600 0.01338
v -1.77580 -0.17600 0.01338
v -1.77580 -0.17600 0.01338
v -1.77580 -0.17600 0.01338
v -1.77580 -0.17600 0.01338
v -1.77580 -0.17600 0.01338
v -1.77580 -0.17600 0.01338
v -1.77580 -0.17600 0.01338
v -1.56979 -0.06400 0.24886
v -1.56979 -0.06400 0.24886
v -1.56979 -0.06400 0.24886
v -1.56979 -0.06400 0.24886
v -1.56979 -0.06400 0.24886
v -1.56979 -0.06400 0.24886
v -1.56979 -0.06400 0.24886
v -1.56979 -0.06400 0.24886
v -1.45779 -0.07150 0.24886
v -1.49059 -0.07150 0.21916
v -1.56979 -0.07150 0.20686
v -1.64898 -0.07150 0.21916
v -1.68179 -0.07150 0.24886
v -1.64898 -0.07150 0.27856
v -1.56979 -0.07150 0.29086
v -1.49059 -0.07150 0.27856
v -1.37580 -0.09200 0.24886
v -1.43262 -0.09200 0.19742
v -1.56979 -0.09200 0.17611
v -1.70696 -0.09200 0.19742
v -1.76378 -0.09200 0.24886
v -1.70696 -0.09200 0.30030
v -1.56979 -0.09200 0.32160
v -1.43262 -0.09200 0.30030
v -1.34579 -0.12000 0.24886
v -1.41140 -0.12000 0.18946
v -1.56979 -0.12000 0.16486
v -1.72818 -0.12000 0.18946
v -1.79379 -0.12000 0.24886
v -1.72818 -0.12000 0.30825
v -1.56979 -0.12000 0.33286
v -1.41140 -0.12000 0.30825
v -1.37580 -0.14800 0.24886
v -1.43262 -0.14800 0.19742
v -1.56979 -0.14800 0.17611
v -1.70696 -0.14800 0.19742
v -1.76378 -0.14800 0.24886
v -1.70696 -0.14800 0.30030
v -1.56979 -0.14800 0.32160
v -1.43262 -0.14800 0.30030
v -1.45779 -0.16850 0.24886
v -1.49059 -0.16850 0.21916
v -1.56979 -0.16850 0.20686
v -1.64898 -0.16850 0.21916
v -1.68179 -0.16850 0.24886
v -1.64898 -0.16850 0.27856
v -1.56979 -0.16850 0.29086
v -1.49059 -0.16850 0.27856
v -1.56979 -0.17600 0.24886
v -1.56979 -0.17600 0.24886
v -1.56979 -0.17600 0.24886
v -1.56979 -0.17600 0.24886
v -1.56979 -0.17600 0.24886
v -1.56979 -0.17600 0.24886
v -1.56979 -0.17600 0.24886
v -1.56979 -0.17600 0.24886
v -1.40159 -0.06400 -0.01496
v -1.40159 -0.06400 -0.01496
v -1.40159 -0.06400 -0.01496
v -1.40159 -0.06400 -0.01496
v -1.40159 -0.06400 -0.01496
v -1.40159 -0.06400 -0.01496
v -1.40159 -0.06400 -0.01496
v -1.40159 -0.06400 -0.01496
v -1.28959 -0.07150 -0.01496
v -1.32240 -0.07150 -0.04466
v -1.40159 -0.07150 -0.05696
v -1.48079 -0.07150 -0.04466
v -1.51359 -0.07150 -0.01496
v -1.48079 -0.07150 0.01474
v -1.40159 -0.07150 0.02704
v -1.32240 -0.07150 0.01474
v -1.20760 -0.09200 -0.01496
v -1.26442 -0.09200 -0.06640
v -1.40159 -0.09200 -0.08771
v -1.53877 -0.09200 -0.06640
v -1.59558 -0.09200 -0.01496
v -1.53877 -0.09200 0.03648
v -1.40159 -0.09200 0.05778
v -1.26442 -0.09200 0.03648
v -1.17759 -0.12000 -0.01496
v -1.24320 -0.12000 -0.07436
v -1.40159 -0.12000 -0.09896
v -1.55999 -0.12000 -0.07436
v -1.62559 -0.12000 -0.01496
v -1.55999 -0.12000 0.04443
v -1.40159 -0.12000 0.06904
v -1.24320 -0.12000 0.04443
v -1.20760 -0.14800 -0.01496
v -1.26442 -0.14800 -0.06640
v -1.40159 -0.14800 -0.08771
v -1.53877 -0.14800 -0.06640
v -1.59558 -0.14800 -0.01496
v -1.53877 -0.14800 0.03648
v -1.40159 -0.14800 0.05778
v -1.26442 -0.14800 0.03648
v -1.28959 -0.16850 -0.01496
v -1.32240 -0.16850 -0.04466
v -1.40159 -0.16850 -0.05696
v -1.48079 -0.16850 -0.04466
v -1.51359 -0.16850 -0.01496
v -1.48079 -0.16850 0.01474
v -1.40159 -0.16850 0.02704
v -1.32240 -0.16850 0.01474
v -1.40159 -0.17600 -0.01496
v -1.40159 -0.17600 -0.01496
v -1.40159 -0.17600 -0.01496
v -1.40159 -0.17600 -0.01496
v -1.40159 -0.17600 -0.01496
v -1.40159 -0.17600 -0.01496
v -1.40159 -0.17600 -0.01496
v -1.40159 -0.17600 -0.01496
v 1.82928 -0.06400 -0.22092
v 1.82928 -0.06400 -0.22092
v 1.82928 -0.06400 -0.22092
v 1.82928 -0.06400 -0.22092
v 1.82928 -0.06400 -0.22092
v 1.82928 -0.06400 -0.22092
v 1.82928 -0.06400 -0.22092
v 1.82928 -0.06400 -0.22092
v 1.94128 -0.07150 -0.22092
v 1.90848 -0.07150 -0.25062
v 1.82928 -0.07150 -0.26292
v 1.75008 -0.07150 -0.25062
v 1.71728 -0.07150 -0.22092
v 1.75008 -0.07150 -0.19123
v 1.82928 -0.07150 -0.17892
v 1.90848 -0.07150 -0.19123
v 2.02327 -0.09200 -0.22092
v 1.96645 -0.09200 -0.27236
v 1.82928 -0.09200 -0.29367
v 1.69211 -0.09200 -0.27236
v 1.63529 -0.09200 -0.22092
v 1.69211 -0.09200 -0.16949
v 1.82928 -0.09200 -0.14818
v 1.96645 -0.09200 -0.16949
v 2.05328 -0.12000 -0.22092
v 1.98767 -0.12000 -0.28032
v 1.82928 -0.12000 -0.30492
v 1.67089 -0.12000 -0.28032
v 1.60528 -0.12000 -0.22092
v 1.67089 -0.12000 -0.16153
v 1.82928 -0.12000 -0.13692
v 1.98767 -0.12000 -0.16153
v 2.02327 -0.14800 -0.22092
v 1.96645 -0.14800 -0.27236
v 1.82928 -0.14800 -0.29367
v 1.69211 -0.14800 -0.27236
v 1.63529 -0.14800 -0.22092
v 1.69211 -0.14800 -0.16949
v 1.82928 -0.14800 -0.14818
v 1.96645 -0.14800 -0.16949
v 1.94128 -0.16850 -0.22092
v 1.90848 -0.16850 -0.25062
v 1.82928 -0.16850 -0.26292
v 1.75008 -0.16850 -0.25062
v 1.71728 -0.16850 -0.22092
v 1.75008 -0.16850 -0.19123
v 1.82928 -0.16850 -0.17892
v 1.90848 -0.16850 -0.19123
v 1.82928 -0.17600 -0.22092
v 1.82928 -0.17600 -0.22092
v 1.82928 -0.17600 -0.22092
v 1.82928 -0.17600 -0.22092
v 1.82928 -0.17600 -0.22092
v 1.82928 -0.17600 -0.22092
v 1.82928 -0.17600 -0.22092
v 1.82928 -0.17600 -0.22092
v 1.74584 -0.06400 -0.52247
v 1.74584 -0.06400 -0.52247
v 1.74584 -0.06400 -0.52247
v 1.74584 -0.06400 -0.52247
v 1.74584 -0.06400 -0.52247
v 1.74584 -0.06400 -0.52247
v 1.74584 -0.06400 -0.52247
v 1.74584 -0.06400 -0.52247
v 1.85784 -0.07150 -0.52247
v 1.82503 -0.07150 -0.55216
v 1.74584 -0.07150 -0.56447
v 1.66664 -0.07150 -0.55216
v 1.63384 -0.07150 -0.52247
v 1.66664 -0.07150 -0.49277
v 1.74584 -0.07150 -0.48047
v 1.82503 -0.07150 -0.49277
v 1.93983 -0.09200 -0.52247
v 1.88301 -0.09200 -0.57391
v 1.74584 -0.09200 -0.59521
v 1.60867 -0.09200 -0.57391
v 1.55185 -0.09200 -0.52247
v 1.60867 -0.09200 -0.47103
v 1.74584 -0.09200 -0.44972
v 1.88301 -0.09200 -0.47103
v 1.96984 -0.12000 -0.52247
v 1.90423 -0.12000 -0.58186
v 1.74584 -0.12000 -0.60647
v 1.58745 -0.12000 -0.58186
v 1.52184 -0.12000 -0.52247
v 1.58745 -0.12000 -0.46307
v 1.74584 -0.12000 -0.43847
v 1.90423 -0.12000 -0.46307
v 1.93983 -0.14800 -0.52247
v 1.88301 -0.14800 -0.57391
v 1.74584 -0.14800 -0.59521
v 1.60867 -0.14800 -0.57391
v 1.55185 -0.14800 -0.52247
v 1.60867 -0.14800 -0.47103
v 1.74584 -0.14800 -0.44972
v 1.88301 -0.14800 -0.47103
v 1.85784 -0.16850 -0.52247
v 1.82503 -0.16850 -0.55216
v 1.74584 -0.16850 -0.56447
v 1.66664 -0.16850 -0.55216
v 1.63384 -0.16850 -0.52247
v 1.66664 -0.16850 -0.49277
v 1.74584 -0.16850 -0.48047
v 1.82503 -0.16850 -0.49277
v 1.74584 -0.17600 -0.52247
v 1.74584 -0.17600 -0.52247
v 1.74584 -0.17600 -0.52247
v 1.74584 -0.17600 -0.52247
v 1.74584 -0.17600 -0.52247
v 1.74584 -0.17600 -0.52247
v 1.74584 -0.17600 -0.52247
v 1.74584 -0.17600 -0.52247
v 1.47983 -0.06400 -0.35775
v 1.47983 -0.06400 -0.35775
v 1.47983 -0.06400 -0.35775
v 1.47983 -0.06400 -0.35775
v 1.47983 -0.06400 -0.35775
v 1.47983 -0.06400 -0.35775
v 1.47983 -0.06400 -0.35775
v 1.47983 -0.06400 -0.35775
v 1.59183 -0.07150 -0.35775
v 1.55903 -0.07150 -0.38745
v 1.47983 -0.07150 -0.39975
v 1.40064 -0.07150 -0.38745
v 1.36783 -0.07150 -0.35775
v 1.40064 -0.07150 -0.32805
v 1.47983 -0.07150 -0.31575
v 1.55903 -0.07150 -0.32805
v 1.67382 -0.09200 -0.35775
v 1.61701 -0.09200 -0.40919
v 1.47983 -0.09200 -0.43050
v 1.34266 -0.09200 -0.40919
v 1.28584 -0.09200 -0.35775
v 1.34266 -0.09200 -0.30631
v 1.47983 -0.09200 -0.28500
v 1.61701 -0.09200 -0.30631
v 1.70383 -0.12000 -0.35775
v 1.63823 -0.12000 -0.41715
v 1.47983 -0.12000 -0.44175
v 1.32144 -0.12000 -0.41715
v 1.25583 -0.12000 -0.35775
v 1.32144 -0.12000 -0.29835
v 1.47983 -0.12000 -0.27375
v 1.63823 -0.12000 -0.29835
v 1.67382 -0.14800 -0.35775
v 1.61701 -0.14800 -0.40919
v 1.47983 -0.14800 -0.43050
v 1.34266 -0.14800 -0.40919
v 1.28584 -0.14800 -0.35775
v 1.34266 -0.14800 -0.30631
v 1.47983 -0.14800 -0.28500
v 1.61701 -0.14800 -0.30631
v 1.59183 -0.16850 -0.35775
v 1.55903 -0.16850 -0.38745
v 1.47983 -0.16850 -0.39975
v 1.40064 -0.16850 -0.38745
v 1.36783 -0.16850 -0.35775
v 1.40064 -0.16850 -0.32805
v 1.47983 -0.16850 -0.31575
v 1.55903 -0.16850 -0.32805
v 1.47983 -0.17600 -0.35775
v 1.47983 -0.17600 -0.35775
v 1.47983 -0.17600 -0.35775
v 1.47983 -0.17600 -0.35775
v 1.47983 -0.17600 -0.35775
v 1.47983 -0.17600 -0.35775
v 1.47983 -0.17600 -0.35775
v 1.47983 -0.17600 -0.35775
v 1.20442 -0.06400 -0.20930
v 1.20442 -0.06400 -0.20930
v 1.20442 -0.06400 -0.20930
v 1.20442 -0.06400 -0.20930
v 1.20442 -0.06400 -0.20930
v 1.20442 -0.06400 -0.20930
v 1.20442 -0.06400 -0.20930
v 1.20442 -0.06400 -0.20930
v 1.31642 -0.07150 -0.20930
v 1.28362 -0.07150 -0.23900
v 1.20442 -0.07150 -0.25130
v 1.12522 -0.07150 -0.23900
v 1.09242 -0.07150 -0.20930
v 1.12522 -0.07150 -0.17960
v 1.20442 -0.07150 -0.16730
v 1.28362 -0.07150 -0.17960
v 1.39841 -0.09200 -0.20930
v 1.34159 -0.09200 -0.26074
v 1.20442 -0.09200 -0.28205
v 1.06725 -0.09200 -0.26074
v 1.01043 -0.09200 -0.20930
v 1.06725 -0.09200 -0.15786
v 1.20442 -0.09200 -0.13655
v 1.34159 -0.09200 -0.15786
v 1.42842 -0.12000 -0.20930
v 1.36281 -0.12000 -0.26870
v 1.20442 -0.12000 -0.29330
v 1.04603 -0.12000 -0.26870
v 0.98042 -0.12000 -0.20930
v 1.04603 -0.12000 -0.14990
v 1.20442 -0.12000 -0.12530
v 1.36281 -0.12000 -0.14990
v 1.39841 -0.14800 -0.20930
v 1.34159 -0.14800 -0.26074
v 1.20442 -0.14800 -0.28205
v 1.06725 -0.14800 -0.26074
v 1.01043 -0.14800 -0.20930
v 1.06725 -0.14800 -0.15786
v 1.20442 -0.14800 -0.13655
v 1.34159 -0.14800 -0.15786
v 1.31642 -0.16850 -0.20930
v 1.28362 -0.16850 -0.23900
v 1.20442 -0.16850 -0.25130
v 1.12522 -0.16850 -0.23900
v 1.09242 -0.16850 -0.20930
v 1.12522 -0.16850 -0.17960
v 1.20442 -0.16850 -0.16730
v 1.28362 -0.16850 -0.17960
v 1.20442 -0.17600 -0.20930
v 1.20442 -0.17600 -0.20930
v 1.20442 -0.17600 -0.20930
v 1.20442 -0.17600 -0.20930
v 1.20442 -0.17600 -0.20930
v 1.20442 -0.17600 -0.20930
v 1.20442 -0.17600 -0.20930
v 1.20442 -0.17600 -0.20930
v 1.42420 -0.06400 0.01338
v 1.42420 -0.06400 0.01338
v 1.42420 -0.06400 0.01338
v 1.42420 -0.06400 0.01338
v 1.42420 -0.06400 0.01338
v 1.42420 -0.06400 0.01338
v 1.42420 -0.06400 0.01338
v 1.42420 -0.06400 0.01338
v 1.53620 -0.07150 0.01338
v 1.50339 -0.07150 -0.01632
v 1.42420 -0.07150 -0.02862
v 1.34500 -0.07150 -0.01632
v 1.31220 -0.07150 0.01338
v 1.34500 -0.07150 0.04308
v 1.42420 -0.07150 0.05538
v 1.50339 -0.07150 0.04308
v 1.61819 -0.09200 0.01338
v 1.56137 -0.09200 -0.03806
v 1.42420 -0.09200 -0.05936
v 1.28703 -0.09200 -0.03806
v 1.23021 -0.09200 0.01338
v 1.28703 -0.09200 0.06482
v 1.42420 -0.09200 0.08613
v 1.56137 -0.09200 0.06482
v 1.64820 -0.12000 0.01338
v 1.58259 -0.12000 -0.04601
v 1.42420 -0.12000 -0.07062
v 1.26581 -0.12000 -0.04601
v 1.20020 -0.12000 0.01338
v 1.26581 -0.12000 0.07278
v 1.42420 -0.12000 0.09738
v 1.58259 -0.12000 0.07278
v 1.61819 -0.14800 0.01338
v 1.56137 -0.14800 -0.03806
v 1.42420 -0.14800 -0.05936
v 1.28703 -0.14800 -0.03806
v 1.23021 -0.14800 0.01338
v 1.28703 -0.14800 0.06482
v 1.42420 -0.14800 0.08613
v 1.56137 -0.14800 0.06482
v 1.53620 -0.16850 0.01338
v 1.50339 -0.16850 -0.01632
v 1.42420 -0.16850 -0.02862
v 1.34500 -0.16850 -0.01632
v 1.31220 -0.16850 0.01338
v 1.34500 -0.16850 0.04308
v 1.42420 -0.16850 0.05538
v 1.50339 -0.16850 0.04308
v 1.42420 -0.17600 0.01338
v 1.42420 -0.17600 0.01338
v 1.42420 -0.17600 0.01338
v 1.42420 -0.17600 0.01338
v 1.42420 -0.17600 0.01338
v 1.42420 -0.17600 0.01338
v 1.42420 -0.17600 0.01338
v 1.42420 -0.17600 0.01338
v 1.63021 -0.06400 0.24886
v 1.63021 -0.06400 0.24886
v 1.63021 -0.06400 0.24886
v 1.63021 -0.06400 0.24886
v 1.63021 -0.06400 0.24886
v 1.63021 -0.06400 0.24886
v 1.63021 -0.06400 0.24886
v 1.63021 -0.06400 0.24886
v 1.74221 -0.07150 0.24886
v 1.70941 -0.07150 0.21916
v 1.63021 -0.07150 0.20686
v 1.55102 -0.07150 0.21916
v 1.51821 -0.07150 0.24886
v 1.55102 -0.07150 0.27856
v 1.63021 -0.07150 0.29086
v 1.70941 -0.07150 0.27856
v 1.82420 -0.09200 0.24886
v 1.76738 -0.09200 0.19742
v 1.63021 -0.09200 0.17611
v 1.49304 -0.09200 0.19742
v 1.43622 -0.09200 0.24886
v 1.49304 -0.09200 0.30030
v 1.63021 -0.09200 0.32160
v 1.76738 -0.09200 0.30030
v 1.85421 -0.12000 0.24886
v 1.78860 -0.12000 0.18946
v 1.63021 -0.12000 0.16486
v 1.47182 -0.12000 0.18946
v 1.40621 -0.12000 0.24886
v 1.47182 -0.12000 0.30825
v 1.63021 -0.12000 0.33286
v 1.78860 -0.12000 0.30825
v 1.82420 -0.14800 0.24886
v 1.76738 -0.14800 0.19742
v 1.63021 -0.14800 0.17611
v 1.49304 -0.14800 0.19742
v 1.43622 -0.14800 0.24886
v 1.49304 -0.14800 0.30030
v 1.63021 -0.14800 0.32160
v 1.76738 -0.14800 0.30030
v 1.74221 -0.16850 0.24886
v 1.70941 -0.16850 0.21916
v 1.63021 -0.16850 0.20686
v 1.55102 -0.16850 0.21916
v 1.51821 -0.16850 0.24886
v 1.55102 -0.16850 0.27856
v 1.63021 -0.16850 0.29086
v 1.70941 -0.16850 0.27856
v 1.63021 -0.17600 0.24886
v 1.63021 -0.17600 0.24886
v 1.63021 -0.17600 0.24886
v 1.63021 -0.17600 0.24886
v 1.63021 -0.17600 0.24886
v 1.63021 -0.17600 0.24886
v 1.63021 -0.17600 0.24886
v 1.63021 -0.17600 0.24886
v 1.79841 -0.06400 -0.01496
v 1.79841 -0.06400 -0.01496
v 1.79841 -0.06400 -0.01496
v 1.79841 -0.06400 -0.01496
v 1.79841 -0.06400 -0.01496
v 1.79841 -0.06400 -0.01496
v 1.79841 -0.06400 -0.01496
v 1.79841 -0.06400 -0.01496
v 1.91041 -0.07150 -0.01496
v 1.87760 -0.07150 -0.04466
v 1.79841 -0.07150 -0.05696
v 1.71921 -0.07150 -0.04466
v 1.68641 -0.07150 -0.01496
v 1.71921 -0.07150 0.01474
v 1.79841 -0.07150 0.02704
v 1.87760 -0.07150 0.01474
v 1.99240 -0.09200 -0.01496
v 1.93558 -0.09200 -0.06640
v 1.79841 -0.09200 -0.08771
v 1.66123 -0.09200 -0.06640
v 1.60442 -0.09200 -0.01496
v 1.66123 -0.09200 0.03648
v 1.79841 -0.09200 0.05778
v 1.93558 -0.09200 0.03648
v 2.02241 -0.12000 -0.01496
v 1.95680 -0.12000 -0.07436
v 1.79841 -0.12000 -0.09896
v 1.64001 -0.12000 -0.07436
v 1.57441 -0.12000 -0.01496
v 1.64001 -0.12000 0.04443
v 1.79841 -0.12000 0.06904
v 1.95680 -0.12000 0.04443
v 1.99240 -0.14800 -0.01496
v 1.93558 -0.14800 -0.06640
v 1.79841 -0.14800 -0.08771
v 1.66123 -0.14800 -0.06640
v 1.60442 -0.14800 -0.01496
v 1.66123 -0.14800 0.03648
v 1.79841 -0.14800 0.05778
v 1.93558 -0.14800 0.03648
v 1.91041 -0.16850 -0.01496
v 1.87760 -0.16850 -0.04466
v 1.79841 -0.16850 -0.05696
v 1.71921 -0.16850 -0.04466
v 1.68641 -0.16850 -0.01496
v 1.71921 -0.16850 0.01474
v 1.79841 -0.16850 0.02704
v 1.87760 -0.16850 0.01474
v 1.79841 -0.17600 -0.01496
v 1.79841 -0.17600 -0.01496
v 1.79841 -0.17600 -0.01496
v 1.79841 -0.17600 -0.01496
v 1.79841 -0.17600 -0.01496
v 1.79841 -0.17600 -0.01496
v 1.79841 -0.17600 -0.01496
v 1.79841 -0.17600 -0.01496

usemtl wood_dark
f 2 4 3 1
f 21 1 3
f 22 4 2
f 4 6 5 3
f 21 3 5
f 22 6 4
f 6 8 7 5
f 21 5 7
f 22 8 6
f 8 10 9 7
f 21 7 9
f 22 10 8
f 10 12 11 9
f 21 9 11
f 22 12 10
f 12 14 13 11
f 21 11 13
f 22 14 12
f 14 16 15 13
f 21 13 15
f 22 16 14
f 16 18 17 15
f 21 15 17
f 22 18 16
f 18 20 19 17
f 21 17 19
f 22 20 18
f 20 2 1 19
f 21 19 1
f 22 2 20
f 24 26 25 23
f 43 23 25
f 44 26 24
f 26 28 27 25
f 43 25 27
f 44 28 26
f 28 30 29 27
f 43 27 29
f 44 30 28
f 30 32 31 29
f 43 29 31
f 44 32 30
f 32 34 33 31
f 43 31 33
f 44 34 32
f 34 36 35 33
f 43 33 35
f 44 36 34
f 36 38 37 35
f 43 35 37
f 44 38 36
f 38 40 39 37
f 43 37 39
f 44 40 38
f 40 42 41 39
f 43 39 41
f 44 42 40
f 42 24 23 41
f 43 41 23
f 44 24 42
usemtl wood_light
f 45 46 47 48
f 49 50 51 52
f 45 46 50 49
f 47 48 52 51
f 46 47 51 50
f 48 45 49 52
usemtl wood_dark
f 53 54 55 56
f 57 58 59 60
f 53 54 58 57
f 55 56 60 59
f 54 55 59 58
f 56 53 57 60
usemtl wood_light
f 61 62 63 64
f 65 66 67 68
f 61 62 66 65
f 63 64 68 67
f 62 63 67 66
f 64 61 65 68
usemtl wood_dark
f 69 70 71 72
f 73 74 75 76
f 69 70 74 73
f 71 72 76 75
f 70 71 75 74
f 72 69 73 76
usemtl wood_light
f 77 78 79 80
f 81 82 83 84
f 77 78 82 81
f 79 80 84 83
f 78 79 83 82
f 80 77 81 84
usemtl wood_dark
f 85 86 87 88
f 89 90 91 92
f 85 86 90 89
f 87 88 92 91
f 86 87 91 90
f 88 85 89 92
usemtl wood_light
f 93 94 95 96
f 97 98 99 100
f 93 94 98 97
f 95 96 100 99
f 94 95 99 98
f 96 93 97 100
usemtl wood_dark
f 101 102 103 104
f 105 106 107 108
f 101 102 106 105
f 103 104 108 107
f 102 103 107 106
f 104 101 105 108
f 109 110 111 112
f 113 114 115 116
f 109 110 114 113
f 111 112 116 115
f 110 111 115 114
f 112 109 113 116
f 117 118 119 120
f 121 122 123 124
f 117 118 122 121
f 119 120 124 123
f 118 119 123 122
f 120 117 121 124
f 125 126 127 128
f 129 130 131 132
f 125 126 130 129
f 127 128 132 131
f 126 127 131 130
f 128 125 129 132
usemtl text_teal
f 133 134 135 136
f 137 138 139 140
f 133 134 138 137
f 135 136 140 139
f 134 135 139 138
f 136 133 137 140
f 141 142 143 144
f 145 146 147 148
f 141 142 146 145
f 143 144 148 147
f 142 143 147 146
f 144 141 145 148
f 149 150 151 152
f 153 154 155 156
f 149 150 154 153
f 151 152 156 155
f 150 151 155 154
f 152 149 153 156
f 157 158 159 160
f 161 162 163 164
f 157 158 162 161
f 159 160 164 163
f 158 159 163 162
f 160 157 161 164
f 165 166 167 168
f 169 170 171 172
f 165 166 170 169
f 167 168 172 171
f 166 167 171 170
f 168 165 169 172
f 173 174 175 176
f 177 178 179 180
f 173 174 178 177
f 175 176 180 179
f 174 175 179 178
f 176 173 177 180
f 181 182 183 184
f 185 186 187 188
f 181 182 186 185
f 183 184 188 187
f 182 183 187 186
f 184 181 185 188
f 189 190 191 192
f 193 194 195 196
f 189 190 194 193
f 191 192 196 195
f 190 191 195 194
f 192 189 193 196
f 197 198 199 200
f 201 202 203 204
f 197 198 202 201
f 199 200 204 203
f 198 199 203 202
f 200 197 201 204
f 205 206 207 208
f 209 210 211 212
f 205 206 210 209
f 207 208 212 211
f 206 207 211 210
f 208 205 209 212
f 213 214 215 216
f 217 218 219 220
f 213 214 218 217
f 215 216 220 219
f 214 215 219 218
f 216 213 217 220
f 221 222 223 224
f 225 226 227 228
f 221 222 226 225
f 223 224 228 227
f 222 223 227 226
f 224 221 225 228
f 229 230 231 232
f 233 234 235 236
f 229 230 234 233
f 231 232 236 235
f 230 231 235 234
f 232 229 233 236
f 237 238 239 240
f 241 242 243 244
f 237 238 242 241
f 239 240 244 243
f 238 239 243 242
f 240 237 241 244
f 245 246 247 248
f 249 250 251 252
f 245 246 250 249
f 247 248 252 251
f 246 247 251 250
f 248 245 249 252
f 253 254 255 256
f 257 258 259 260
f 253 254 258 257
f 255 256 260 259
f 254 255 259 258
f 256 253 257 260
f 261 262 263 264
f 265 266 267 268
f 261 262 266 265
f 263 264 268 267
f 262 263 267 266
f 264 261 265 268
f 269 270 271 272
f 273 274 275 276
f 269 270 274 273
f 271 272 276 275
f 270 271 275 274
f 272 269 273 276
f 277 278 279 280
f 281 282 283 284
f 277 278 282 281
f 279 280 284 283
f 278 279 283 282
f 280 277 281 284
f 285 286 287 288
f 289 290 291 292
f 285 286 290 289
f 287 288 292 291
f 286 287 291 290
f 288 285 289 292
f 293 294 295 296
f 297 298 299 300
f 293 294 298 297
f 295 296 300 299
f 294 295 299 298
f 296 293 297 300
f 301 302 303 304
f 305 306 307 308
f 301 302 306 305
f 303 304 308 307
f 302 303 307 306
f 304 301 305 308
f 309 310 311 312
f 313 314 315 316
f 309 310 314 313
f 311 312 316 315
f 310 311 315 314
f 312 309 313 316
f 317 318 319 320
f 321 322 323 324
f 317 318 322 321
f 319 320 324 323
f 318 319 323 322
f 320 317 321 324
f 325 326 327 328
f 329 330 331 332
f 325 326 330 329
f 327 328 332 331
f 326 327 331 330
f 328 325 329 332
f 333 334 335 336
f 337 338 339 340
f 333 334 338 337
f 335 336 340 339
f 334 335 339 338
f 336 333 337 340
f 341 342 343 344
f 345 346 347 348
f 341 342 346 345
f 343 344 348 347
f 342 343 347 346
f 344 341 345 348
f 349 350 351 352
f 353 354 355 356
f 349 350 354 353
f 351 352 356 355
f 350 351 355 354
f 352 349 353 356
f 357 358 359 360
f 361 362 363 364
f 357 358 362 361
f 359 360 364 363
f 358 359 363 362
f 360 357 361 364
f 365 366 367 368
f 369 370 371 372
f 365 366 370 369
f 367 368 372 371
f 366 367 371 370
f 368 365 369 372
f 373 374 375 376
f 377 378 379 380
f 373 374 378 377
f 375 376 380 379
f 374 375 379 378
f 376 373 377 380
f 381 382 383 384
f 385 386 387 388
f 381 382 386 385
f 383 384 388 387
f 382 383 387 386
f 384 381 385 388
f 389 390 391 392
f 393 394 395 396
f 389 390 394 393
f 391 392 396 395
f 390 391 395 394
f 392 389 393 396
f 397 398 399 400
f 401 402 403 404
f 397 398 402 401
f 399 400 404 403
f 398 399 403 402
f 400 397 401 404
f 405 406 407 408
f 409 410 411 412
f 405 406 410 409
f 407 408 412 411
f 406 407 411 410
f 408 405 409 412
f 413 414 415 416
f 417 418 419 420
f 413 414 418 417
f 415 416 420 419
f 414 415 419 418
f 416 413 417 420
f 421 422 423 424
f 425 426 427 428
f 421 422 426 425
f 423 424 428 427
f 422 423 427 426
f 424 421 425 428
f 429 430 431 432
f 433 434 435 436
f 429 430 434 433
f 431 432 436 435
f 430 431 435 434
f 432 429 433 436
f 437 438 439 440
f 441 442 443 444
f 437 438 442 441
f 439 440 444 443
f 438 439 443 442
f 440 437 441 444
f 445 446 447 448
f 449 450 451 452
f 445 446 450 449
f 447 448 452 451
f 446 447 451 450
f 448 445 449 452
f 453 454 455 456
f 457 458 459 460
f 453 454 458 457
f 455 456 460 459
f 454 455 459 458
f 456 453 457 460
f 461 462 463 464
f 465 466 467 468
f 461 462 466 465
f 463 464 468 467
f 462 463 467 466
f 464 461 465 468
f 469 470 471 472
f 473 474 475 476
f 469 470 474 473
f 471 472 476 475
f 470 471 475 474
f 472 469 473 476
f 477 478 479 480
f 481 482 483 484
f 477 478 482 481
f 479 480 484 483
f 478 479 483 482
f 480 477 481 484
f 485 486 487 488
f 489 490 491 492
f 485 486 490 489
f 487 488 492 491
f 486 487 491 490
f 488 485 489 492
f 493 494 495 496
f 497 498 499 500
f 493 494 498 497
f 495 496 500 499
f 494 495 499 498
f 496 493 497 500
f 501 502 503 504
f 505 506 507 508
f 501 502 506 505
f 503 504 508 507
f 502 503 507 506
f 504 501 505 508
f 509 510 511 512
f 513 514 515 516
f 509 510 514 513
f 511 512 516 515
f 510 511 515 514
f 512 509 513 516
f 517 518 519 520
f 521 522 523 524
f 517 518 522 521
f 519 520 524 523
f 518 519 523 522
f 520 517 521 524
f 525 526 527 528
f 529 530 531 532
f 525 526 530 529
f 527 528 532 531
f 526 527 531 530
f 528 525 529 532
f 533 534 535 536
f 537 538 539 540
f 533 534 538 537
f 535 536 540 539
f 534 535 539 538
f 536 533 537 540
f 541 542 543 544
f 545 546 547 548
f 541 542 546 545
f 543 544 548 547
f 542 543 547 546
f 544 541 545 548
f 549 550 551 552
f 553 554 555 556
f 549 550 554 553
f 551 552 556 555
f 550 551 555 554
f 552 549 553 556
f 557 558 559 560
f 561 562 563 564
f 557 558 562 561
f 559 560 564 563
f 558 559 563 562
f 560 557 561 564
f 565 566 567 568
f 569 570 571 572
f 565 566 570 569
f 567 568 572 571
f 566 567 571 570
f 568 565 569 572
f 573 574 575 576
f 577 578 579 580
f 573 574 578 577
f 575 576 580 579
f 574 575 579 578
f 576 573 577 580
f 581 582 583 584
f 585 586 587 588
f 581 582 586 585
f 583 584 588 587
f 582 583 587 586
f 584 581 585 588
f 589 590 591 592
f 593 594 595 596
f 589 590 594 593
f 591 592 596 595
f 590 591 595 594
f 592 589 593 596
f 597 598 599 600
f 601 602 603 604
f 597 598 602 601
f 599 600 604 603
f 598 599 603 602
f 600 597 601 604
f 605 606 607 608
f 609 610 611 612
f 605 606 610 609
f 607 608 612 611
f 606 607 611 610
f 608 605 609 612
f 613 614 615 616
f 617 618 619 620
f 613 614 618 617
f 615 616 620 619
f 614 615 619 618
f 616 613 617 620
f 621 622 623 624
f 625 626 627 628
f 621 622 626 625
f 623 624 628 627
f 622 623 627 626
f 624 621 625 628
f 629 630 631 632
f 633 634 635 636
f 629 630 634 633
f 631 632 636 635
f 630 631 635 634
f 632 629 633 636
f 637 638 639 640
f 641 642 643 644
f 637 638 642 641
f 639 640 644 643
f 638 639 643 642
f 640 637 641 644
f 645 646 647 648
f 649 650 651 652
f 645 646 650 649
f 647 648 652 651
f 646 647 651 650
f 648 645 649 652
f 653 654 655 656
f 657 658 659 660
f 653 654 658 657
f 655 656 660 659
f 654 655 659 658
f 656 653 657 660
f 661 662 663 664
f 665 666 667 668
f 661 662 666 665
f 663 664 668 667
f 662 663 667 666
f 664 661 665 668
f 669 670 671 672
f 673 674 675 676
f 669 670 674 673
f 671 672 676 675
f 670 671 675 674
f 672 669 673 676
f 677 678 679 680
f 681 682 683 684
f 677 678 682 681
f 679 680 684 683
f 678 679 683 682
f 680 677 681 684
f 685 686 687 688
f 689 690 691 692
f 685 686 690 689
f 687 688 692 691
f 686 687 691 690
f 688 685 689 692
f 693 694 695 696
f 697 698 699 700
f 693 694 698 697
f 695 696 700 699
f 694 695 699 698
f 696 693 697 700
f 701 702 703 704
f 705 706 707 708
f 701 702 706 705
f 703 704 708 707
f 702 703 707 706
f 704 701 705 708
f 709 710 711 712
f 713 714 715 716
f 709 710 714 713
f 711 712 716 715
f 710 711 715 714
f 712 709 713 716
f 717 718 719 720
f 721 722 723 724
f 717 718 722 721
f 719 720 724 723
f 718 719 723 722
f 720 717 721 724
f 725 726 727 728
f 729 730 731 732
f 725 726 730 729
f 727 728 732 731
f 726 727 731 730
f 728 725 729 732
f 733 734 735 736
f 737 738 739 740
f 733 734 738 737
f 735 736 740 739
f 734 735 739 738
f 736 733 737 740
f 741 742 743 744
f 745 746 747 748
f 741 742 746 745
f 743 744 748 747
f 742 743 747 746
f 744 741 745 748
f 749 750 751 752
f 753 754 755 756
f 749 750 754 753
f 751 752 756 755
f 750 751 755 754
f 752 749 753 756
f 757 758 759 760
f 761 762 763 764
f 757 758 762 761
f 759 760 764 763
f 758 759 763 762
f 760 757 761 764
f 765 766 767 768
f 769 770 771 772
f 765 766 770 769
f 767 768 772 771
f 766 767 771 770
f 768 765 769 772
f 773 774 775 776
f 777 778 779 780
f 773 774 778 777
f 775 776 780 779
f 774 775 779 778
f 776 773 777 780
f 781 782 783 784
f 785 786 787 788
f 781 782 786 785
f 783 784 788 787
f 782 783 787 786
f 784 781 785 788
f 789 790 791 792
f 793 794 795 796
f 789 790 794 793
f 791 792 796 795
f 790 791 795 794
f 792 789 793 796
f 797 798 799 800
f 801 802 803 804
f 797 798 802 801
f 799 800 804 803
f 798 799 803 802
f 800 797 801 804
f 805 806 807 808
f 809 810 811 812
f 805 806 810 809
f 807 808 812 811
f 806 807 811 810
f 808 805 809 812
f 813 814 815 816
f 817 818 819 820
f 813 814 818 817
f 815 816 820 819
f 814 815 819 818
f 816 813 817 820
f 821 822 823 824
f 825 826 827 828
f 821 822 826 825
f 823 824 828 827
f 822 823 827 826
f 824 821 825 828
f 829 830 831 832
f 833 834 835 836
f 829 830 834 833
f 831 832 836 835
f 830 831 835 834
f 832 829 833 836
f 837 838 839 840
f 841 842 843 844
f 837 838 842 841
f 839 840 844 843
f 838 839 843 842
f 840 837 841 844
f 845 846 847 848
f 849 850 851 852
f 845 846 850 849
f 847 848 852 851
f 846 847 851 850
f 848 845 849 852
f 853 854 855 856
f 857 858 859 860
f 853 854 858 857
f 855 856 860 859
f 854 855 859 858
f 856 853 857 860
f 861 862 863 864
f 865 866 867 868
f 861 862 866 865
f 863 864 868 867
f 862 863 867 866
f 864 861 865 868
f 869 870 871 872
f 873 874 875 876
f 869 870 874 873
f 871 872 876 875
f 870 871 875 874
f 872 869 873 876
f 877 878 879 880
f 881 882 883 884
f 877 878 882 881
f 879 880 884 883
f 878 879 883 882
f 880 877 881 884
f 885 886 887 888
f 889 890 891 892
f 885 886 890 889
f 887 888 892 891
f 886 887 891 890
f 888 885 889 892
f 893 894 895 896
f 897 898 899 900
f 893 894 898 897
f 895 896 900 899
f 894 895 899 898
f 896 893 897 900
f 901 902 903 904
f 905 906 907 908
f 901 902 906 905
f 903 904 908 907
f 902 903 907 906
f 904 901 905 908
f 909 910 911 912
f 913 914 915 916
f 909 910 914 913
f 911 912 916 915
f 910 911 915 914
f 912 909 913 916
f 917 918 919 920
f 921 922 923 924
f 917 918 922 921
f 919 920 924 923
f 918 919 923 922
f 920 917 921 924
f 925 926 927 928
f 929 930 931 932
f 925 926 930 929
f 927 928 932 931
f 926 927 931 930
f 928 925 929 932
f 933 934 935 936
f 937 938 939 940
f 933 934 938 937
f 935 936 940 939
f 934 935 939 938
f 936 933 937 940
f 941 942 943 944
f 945 946 947 948
f 941 942 946 945
f 943 944 948 947
f 942 943 947 946
f 944 941 945 948
f 949 950 951 952
f 953 954 955 956
f 949 950 954 953
f 951 952 956 955
f 950 951 955 954
f 952 949 953 956
f 957 958 959 960
f 961 962 963 964
f 957 958 962 961
f 959 960 964 963
f 958 959 963 962
f 960 957 961 964
f 965 966 967 968
f 969 970 971 972
f 965 966 970 969
f 967 968 972 971
f 966 967 971 970
f 968 965 969 972
f 973 974 975 976
f 977 978 979 980
f 973 974 978 977
f 975 976 980 979
f 974 975 979 978
f 976 973 977 980
f 981 982 983 984
f 985 986 987 988
f 981 982 986 985
f 983 984 988 987
f 982 983 987 986
f 984 981 985 988
f 989 990 991 992
f 993 994 995 996
f 989 990 994 993
f 991 992 996 995
f 990 991 995 994
f 992 989 993 996
f 997 998 999 1000
f 1001 1002 1003 1004
f 997 998 1002 1001
f 999 1000 1004 1003
f 998 999 1003 1002
f 1000 997 1001 1004
f 1005 1006 1007 1008
f 1009 1010 1011 1012
f 1005 1006 1010 1009
f 1007 1008 1012 1011
f 1006 1007 1011 1010
f 1008 1005 1009 1012
f 1013 1014 1015 1016
f 1017 1018 1019 1020
f 1013 1014 1018 1017
f 1015 1016 1020 1019
f 1014 1015 1019 1018
f 1016 1013 1017 1020
f 1021 1022 1023 1024
f 1025 1026 1027 1028
f 1021 1022 1026 1025
f 1023 1024 1028 1027
f 1022 1023 1027 1026
f 1024 1021 1025 1028
usemtl rope_tan
f 1029 1030 1036 1035
f 1030 1031 1037 1036
f 1031 1032 1038 1037
f 1032 1033 1039 1038
f 1033 1034 1040 1039
f 1034 1029 1035 1040
f 1035 1036 1042 1041
f 1036 1037 1043 1042
f 1037 1038 1044 1043
f 1038 1039 1045 1044
f 1039 1040 1046 1045
f 1040 1035 1041 1046
f 1041 1042 1048 1047
f 1042 1043 1049 1048
f 1043 1044 1050 1049
f 1044 1045 1051 1050
f 1045 1046 1052 1051
f 1046 1041 1047 1052
f 1047 1048 1054 1053
f 1048 1049 1055 1054
f 1049 1050 1056 1055
f 1050 1051 1057 1056
f 1051 1052 1058 1057
f 1052 1047 1053 1058
f 1053 1054 1060 1059
f 1054 1055 1061 1060
f 1055 1056 1062 1061
f 1056 1057 1063 1062
f 1057 1058 1064 1063
f 1058 1053 1059 1064
f 1059 1060 1066 1065
f 1060 1061 1067 1066
f 1061 1062 1068 1067
f 1062 1063 1069 1068
f 1063 1064 1070 1069
f 1064 1059 1065 1070
f 1065 1066 1072 1071
f 1066 1067 1073 1072
f 1067 1068 1074 1073
f 1068 1069 1075 1074
f 1069 1070 1076 1075
f 1070 1065 1071 1076
f 1071 1072 1078 1077
f 1072 1073 1079 1078
f 1073 1074 1080 1079
f 1074 1075 1081 1080
f 1075 1076 1082 1081
f 1076 1071 1077 1082
f 1077 1078 1084 1083
f 1078 1079 1085 1084
f 1079 1080 1086 1085
f 1080 1081 1087 1086
f 1081 1082 1088 1087
f 1082 1077 1083 1088
f 1083 1084 1090 1089
f 1084 1085 1091 1090
f 1085 1086 1092 1091
f 1086 1087 1093 1092
f 1087 1088 1094 1093
f 1088 1083 1089 1094
f 1095 1096 1102 1101
f 1096 1097 1103 1102
f 1097 1098 1104 1103
f 1098 1099 1105 1104
f 1099 1100 1106 1105
f 1100 1095 1101 1106
f 1101 1102 1108 1107
f 1102 1103 1109 1108
f 1103 1104 1110 1109
f 1104 1105 1111 1110
f 1105 1106 1112 1111
f 1106 1101 1107 1112
f 1107 1108 1114 1113
f 1108 1109 1115 1114
f 1109 1110 1116 1115
f 1110 1111 1117 1116
f 1111 1112 1118 1117
f 1112 1107 1113 1118
f 1113 1114 1120 1119
f 1114 1115 1121 1120
f 1115 1116 1122 1121
f 1116 1117 1123 1122
f 1117 1118 1124 1123
f 1118 1113 1119 1124
f 1119 1120 1126 1125
f 1120 1121 1127 1126
f 1121 1122 1128 1127
f 1122 1123 1129 1128
f 1123 1124 1130 1129
f 1124 1119 1125 1130
f 1125 1126 1132 1131
f 1126 1127 1133 1132
f 1127 1128 1134 1133
f 1128 1129 1135 1134
f 1129 1130 1136 1135
f 1130 1125 1131 1136
f 1131 1132 1138 1137
f 1132 1133 1139 1138
f 1133 1134 1140 1139
f 1134 1135 1141 1140
f 1135 1136 1142 1141
f 1136 1131 1137 1142
f 1137 1138 1144 1143
f 1138 1139 1145 1144
f 1139 1140 1146 1145
f 1140 1141 1147 1146
f 1141 1142 1148 1147
f 1142 1137 1143 1148
f 1143 1144 1150 1149
f 1144 1145 1151 1150
f 1145 1146 1152 1151
f 1146 1147 1153 1152
f 1147 1148 1154 1153
f 1148 1143 1149 1154
f 1149 1150 1156 1155
f 1150 1151 1157 1156
f 1151 1152 1158 1157
f 1152 1153 1159 1158
f 1153 1154 1160 1159
f 1154 1149 1155 1160
f 1161 1162 1168 1167
f 1162 1163 1169 1168
f 1163 1164 1170 1169
f 1164 1165 1171 1170
f 1165 1166 1172 1171
f 1166 1161 1167 1172
f 1167 1168 1174 1173
f 1168 1169 1175 1174
f 1169 1170 1176 1175
f 1170 1171 1177 1176
f 1171 1172 1178 1177
f 1172 1167 1173 1178
f 1173 1174 1180 1179
f 1174 1175 1181 1180
f 1175 1176 1182 1181
f 1176 1177 1183 1182
f 1177 1178 1184 1183
f 1178 1173 1179 1184
f 1179 1180 1186 1185
f 1180 1181 1187 1186
f 1181 1182 1188 1187
f 1182 1183 1189 1188
f 1183 1184 1190 1189
f 1184 1179 1185 1190
f 1185 1186 1192 1191
f 1186 1187 1193 1192
f 1187 1188 1194 1193
f 1188 1189 1195 1194
f 1189 1190 1196 1195
f 1190 1185 1191 1196
f 1191 1192 1198 1197
f 1192 1193 1199 1198
f 1193 1194 1200 1199
f 1194 1195 1201 1200
f 1195 1196 1202 1201
f 1196 1191 1197 1202
f 1197 1198 1204 1203
f 1198 1199 1205 1204
f 1199 1200 1206 1205
f 1200 1201 1207 1206
f 1201 1202 1208 1207
f 1202 1197 1203 1208
f 1203 1204 1210 1209
f 1204 1205 1211 1210
f 1205 1206 1212 1211
f 1206 1207 1213 1212
f 1207 1208 1214 1213
f 1208 1203 1209 1214
f 1209 1210 1216 1215
f 1210 1211 1217 1216
f 1211 1212 1218 1217
f 1212 1213 1219 1218
f 1213 1214 1220 1219
f 1214 1209 1215 1220
f 1215 1216 1222 1221
f 1216 1217 1223 1222
f 1217 1218 1224 1223
f 1218 1219 1225 1224
f 1219 1220 1226 1225
f 1220 1215 1221 1226
f 1227 1228 1234 1233
f 1228 1229 1235 1234
f 1229 1230 1236 1235
f 1230 1231 1237 1236
f 1231 1232 1238 1237
f 1232 1227 1233 1238
f 1233 1234 1240 1239
f 1234 1235 1241 1240
f 1235 1236 1242 1241
f 1236 1237 1243 1242
f 1237 1238 1244 1243
f 1238 1233 1239 1244
f 1239 1240 1246 1245
f 1240 1241 1247 1246
f 1241 1242 1248 1247
f 1242 1243 1249 1248
f 1243 1244 1250 1249
f 1244 1239 1245 1250
f 1245 1246 1252 1251
f 1246 1247 1253 1252
f 1247 1248 1254 1253
f 1248 1249 1255 1254
f 1249 1250 1256 1255
f 1250 1245 1251 1256
f 1251 1252 1258 1257
f 1252 1253 1259 1258
f 1253 1254 1260 1259
f 1254 1255 1261 1260
f 1255 1256 1262 1261
f 1256 1251 1257 1262
f 1257 1258 1264 1263
f 1258 1259 1265 1264
f 1259 1260 1266 1265
f 1260 1261 1267 1266
f 1261 1262 1268 1267
f 1262 1257 1263 1268
f 1263 1264 1270 1269
f 1264 1265 1271 1270
f 1265 1266 1272 1271
f 1266 1267 1273 1272
f 1267 1268 1274 1273
f 1268 1263 1269 1274
f 1269 1270 1276 1275
f 1270 1271 1277 1276
f 1271 1272 1278 1277
f 1272 1273 1279 1278
f 1273 1274 1280 1279
f 1274 1269 1275 1280
f 1275 1276 1282 1281
f 1276 1277 1283 1282
f 1277 1278 1284 1283
f 1278 1279 1285 1284
f 1279 1280 1286 1285
f 1280 1275 1281 1286
f 1281 1282 1288 1287
f 1282 1283 1289 1288
f 1283 1284 1290 1289
f 1284 1285 1291 1290
f 1285 1286 1292 1291
f 1286 1281 1287 1292
usemtl lantern_black
f 1294 1296 1295 1293
f 1317 1293 1295
f 1318 1296 1294
f 1296 1298 1297 1295
f 1317 1295 1297
f 1318 1298 1296
f 1298 1300 1299 1297
f 1317 1297 1299
f 1318 1300 1298
f 1300 1302 1301 1299
f 1317 1299 1301
f 1318 1302 1300
f 1302 1304 1303 1301
f 1317 1301 1303
f 1318 1304 1302
f 1304 1306 1305 1303
f 1317 1303 1305
f 1318 1306 1304
f 1306 1308 1307 1305
f 1317 1305 1307
f 1318 1308 1306
f 1308 1310 1309 1307
f 1317 1307 1309
f 1318 1310 1308
f 1310 1312 1311 1309
f 1317 1309 1311
f 1318 1312 1310
f 1312 1314 1313 1311
f 1317 1311 1313
f 1318 1314 1312
f 1314 1316 1315 1313
f 1317 1313 1315
f 1318 1316 1314
f 1316 1294 1293 1315
f 1317 1315 1293
f 1318 1294 1316
f 1319 1320 1321 1322
f 1323 1324 1325 1326
f 1319 1320 1324 1323
f 1321 1322 1326 1325
f 1320 1321 1325 1324
f 1322 1319 1323 1326
usemtl lantern_glow
f 1327 1336 1335
f 1328 1337 1336
f 1329 1338 1337
f 1330 1339 1338
f 1331 1340 1339
f 1332 1341 1340
f 1333 1342 1341
f 1334 1335 1342
f 1335 1336 1344 1343
f 1336 1337 1345 1344
f 1337 1338 1346 1345
f 1338 1339 1347 1346
f 1339 1340 1348 1347
f 1340 1341 1349 1348
f 1341 1342 1350 1349
f 1342 1335 1343 1350
f 1343 1344 1352 1351
f 1344 1345 1353 1352
f 1345 1346 1354 1353
f 1346 1347 1355 1354
f 1347 1348 1356 1355
f 1348 1349 1357 1356
f 1349 1350 1358 1357
f 1350 1343 1351 1358
f 1351 1352 1360 1359
f 1352 1353 1361 1360
f 1353 1354 1362 1361
f 1354 1355 1363 1362
f 1355 1356 1364 1363
f 1356 1357 1365 1364
f 1357 1358 1366 1365
f 1358 1351 1359 1366
f 1359 1360 1368 1367
f 1360 1361 1369 1368
f 1361 1362 1370 1369
f 1362 1363 1371 1370
f 1363 1364 1372 1371
f 1364 1365 1373 1372
f 1365 1366 1374 1373
f 1366 1359 1367 1374
f 1367 1368 1376
f 1368 1369 1377
f 1369 1370 1378
f 1370 1371 1379
f 1371 1372 1380
f 1372 1373 1381
f 1373 1374 1382
f 1374 1367 1375
usemtl lantern_black
f 1383 1384 1385 1386
f 1387 1388 1389 1390
f 1383 1384 1388 1387
f 1385 1386 1390 1389
f 1384 1385 1389 1388
f 1386 1383 1387 1390
usemtl sand
f 1391 1404 1403
f 1392 1405 1404
f 1393 1406 1405
f 1394 1407 1406
f 1395 1408 1407
f 1396 1409 1408
f 1397 1410 1409
f 1398 1411 1410
f 1399 1412 1411
f 1400 1413 1412
f 1401 1414 1413
f 1402 1403 1414
f 1403 1404 1416 1415
f 1404 1405 1417 1416
f 1405 1406 1418 1417
f 1406 1407 1419 1418
f 1407 1408 1420 1419
f 1408 1409 1421 1420
f 1409 1410 1422 1421
f 1410 1411 1423 1422
f 1411 1412 1424 1423
f 1412 1413 1425 1424
f 1413 1414 1426 1425
f 1414 1403 1415 1426
f 1415 1416 1428 1427
f 1416 1417 1429 1428
f 1417 1418 1430 1429
f 1418 1419 1431 1430
f 1419 1420 1432 1431
f 1420 1421 1433 1432
f 1421 1422 1434 1433
f 1422 1423 1435 1434
f 1423 1424 1436 1435
f 1424 1425 1437 1436
f 1425 1426 1438 1437
f 1426 1415 1427 1438
f 1427 1428 1440 1439
f 1428 1429 1441 1440
f 1429 1430 1442 1441
f 1430 1431 1443 1442
f 1431 1432 1444 1443
f 1432 1433 1445 1444
f 1433 1434 1446 1445
f 1434 1435 1447 1446
f 1435 1436 1448 1447
f 1436 1437 1449 1448
f 1437 1438 1450 1449
f 1438 1427 1439 1450
f 1439 1440 1452 1451
f 1440 1441 1453 1452
f 1441 1442 1454 1453
f 1442 1443 1455 1454
f 1443 1444 1456 1455
f 1444 1445 1457 1456
f 1445 1446 1458 1457
f 1446 1447 1459 1458
f 1447 1448 1460 1459
f 1448 1449 1461 1460
f 1449 1450 1462 1461
f 1450 1439 1451 1462
f 1451 1452 1464
f 1452 1453 1465
f 1453 1454 1466
f 1454 1455 1467
f 1455 1456 1468
f 1456 1457 1469
f 1457 1458 1470
f 1458 1459 1471
f 1459 1460 1472
f 1460 1461 1473
f 1461 1462 1474
f 1462 1451 1463
f 1475 1488 1487
f 1476 1489 1488
f 1477 1490 1489
f 1478 1491 1490
f 1479 1492 1491
f 1480 1493 1492
f 1481 1494 1493
f 1482 1495 1494
f 1483 1496 1495
f 1484 1497 1496
f 1485 1498 1497
f 1486 1487 1498
f 1487 1488 1500 1499
f 1488 1489 1501 1500
f 1489 1490 1502 1501
f 1490 1491 1503 1502
f 1491 1492 1504 1503
f 1492 1493 1505 1504
f 1493 1494 1506 1505
f 1494 1495 1507 1506
f 1495 1496 1508 1507
f 1496 1497 1509 1508
f 1497 1498 1510 1509
f 1498 1487 1499 1510
f 1499 1500 1512 1511
f 1500 1501 1513 1512
f 1501 1502 1514 1513
f 1502 1503 1515 1514
f 1503 1504 1516 1515
f 1504 1505 1517 1516
f 1505 1506 1518 1517
f 1506 1507 1519 1518
f 1507 1508 1520 1519
f 1508 1509 1521 1520
f 1509 1510 1522 1521
f 1510 1499 1511 1522
f 1511 1512 1524 1523
f 1512 1513 1525 1524
f 1513 1514 1526 1525
f 1514 1515 1527 1526
f 1515 1516 1528 1527
f 1516 1517 1529 1528
f 1517 1518 1530 1529
f 1518 1519 1531 1530
f 1519 1520 1532 1531
f 1520 1521 1533 1532
f 1521 1522 1534 1533
f 1522 1511 1523 1534
f 1523 1524 1536 1535
f 1524 1525 1537 1536
f 1525 1526 1538 1537
f 1526 1527 1539 1538
f 1527 1528 1540 1539
f 1528 1529 1541 1540
f 1529 1530 1542 1541
f 1530 1531 1543 1542
f 1531 1532 1544 1543
f 1532 1533 1545 1544
f 1533 1534 1546 1545
f 1534 1523 1535 1546
f 1535 1536 1548
f 1536 1537 1549
f 1537 1538 1550
f 1538 1539 1551
f 1539 1540 1552
f 1540 1541 1553
f 1541 1542 1554
f 1542 1543 1555
f 1543 1544 1556
f 1544 1545 1557
f 1545 1546 1558
f 1546 1535 1547
usemtl stem_green
f 1560 1562 1561 1559
f 1583 1559 1561
f 1584 1562 1560
f 1562 1564 1563 1561
f 1583 1561 1563
f 1584 1564 1562
f 1564 1566 1565 1563
f 1583 1563 1565
f 1584 1566 1564
f 1566 1568 1567 1565
f 1583 1565 1567
f 1584 1568 1566
f 1568 1570 1569 1567
f 1583 1567 1569
f 1584 1570 1568
f 1570 1572 1571 1569
f 1583 1569 1571
f 1584 1572 1570
f 1572 1574 1573 1571
f 1583 1571 1573
f 1584 1574 1572
f 1574 1576 1575 1573
f 1583 1573 1575
f 1584 1576 1574
f 1576 1578 1577 1575
f 1583 1575 1577
f 1584 1578 1576
f 1578 1580 1579 1577
f 1583 1577 1579
f 1584 1580 1578
f 1580 1582 1581 1579
f 1583 1579 1581
f 1584 1582 1580
f 1582 1560 1559 1581
f 1583 1581 1559
f 1584 1560 1582
usemtl petal_red
f 1585 1594 1593
f 1586 1595 1594
f 1587 1596 1595
f 1588 1597 1596
f 1589 1598 1597
f 1590 1599 1598
f 1591 1600 1599
f 1592 1593 1600
f 1593 1594 1602 1601
f 1594 1595 1603 1602
f 1595 1596 1604 1603
f 1596 1597 1605 1604
f 1597 1598 1606 1605
f 1598 1599 1607 1606
f 1599 1600 1608 1607
f 1600 1593 1601 1608
f 1601 1602 1610 1609
f 1602 1603 1611 1610
f 1603 1604 1612 1611
f 1604 1605 1613 1612
f 1605 1606 1614 1613
f 1606 1607 1615 1614
f 1607 1608 1616 1615
f 1608 1601 1609 1616
f 1609 1610 1618 1617
f 1610 1611 1619 1618
f 1611 1612 1620 1619
f 1612 1613 1621 1620
f 1613 1614 1622 1621
f 1614 1615 1623 1622
f 1615 1616 1624 1623
f 1616 1609 1617 1624
f 1617 1618 1626 1625
f 1618 1619 1627 1626
f 1619 1620 1628 1627
f 1620 1621 1629 1628
f 1621 1622 1630 1629
f 1622 1623 1631 1630
f 1623 1624 1632 1631
f 1624 1617 1625 1632
f 1625 1626 1634
f 1626 1627 1635
f 1627 1628 1636
f 1628 1629 1637
f 1629 1630 1638
f 1630 1631 1639
f 1631 1632 1640
f 1632 1625 1633
f 1641 1650 1649
f 1642 1651 1650
f 1643 1652 1651
f 1644 1653 1652
f 1645 1654 1653
f 1646 1655 1654
f 1647 1656 1655
f 1648 1649 1656
f 1649 1650 1658 1657
f 1650 1651 1659 1658
f 1651 1652 1660 1659
f 1652 1653 1661 1660
f 1653 1654 1662 1661
f 1654 1655 1663 1662
f 1655 1656 1664 1663
f 1656 1649 1657 1664
f 1657 1658 1666 1665
f 1658 1659 1667 1666
f 1659 1660 1668 1667
f 1660 1661 1669 1668
f 1661 1662 1670 1669
f 1662 1663 1671 1670
f 1663 1664 1672 1671
f 1664 1657 1665 1672
f 1665 1666 1674 1673
f 1666 1667 1675 1674
f 1667 1668 1676 1675
f 1668 1669 1677 1676
f 1669 1670 1678 1677
f 1670 1671 1679 1678
f 1671 1672 1680 1679
f 1672 1665 1673 1680
f 1673 1674 1682 1681
f 1674 1675 1683 1682
f 1675 1676 1684 1683
f 1676 1677 1685 1684
f 1677 1678 1686 1685
f 1678 1679 1687 1686
f 1679 1680 1688 1687
f 1680 1673 1681 1688
f 1681 1682 1690
f 1682 1683 1691
f 1683 1684 1692
f 1684 1685 1693
f 1685 1686 1694
f 1686 1687 1695
f 1687 1688 1696
f 1688 1681 1689
f 1697 1706 1705
f 1698 1707 1706
f 1699 1708 1707
f 1700 1709 1708
f 1701 1710 1709
f 1702 1711 1710
f 1703 1712 1711
f 1704 1705 1712
f 1705 1706 1714 1713
f 1706 1707 1715 1714
f 1707 1708 1716 1715
f 1708 1709 1717 1716
f 1709 1710 1718 1717
f 1710 1711 1719 1718
f 1711 1712 1720 1719
f 1712 1705 1713 1720
f 1713 1714 1722 1721
f 1714 1715 1723 1722
f 1715 1716 1724 1723
f 1716 1717 1725 1724
f 1717 1718 1726 1725
f 1718 1719 1727 1726
f 1719 1720 1728 1727
f 1720 1713 1721 1728
f 1721 1722 1730 1729
f 1722 1723 1731 1730
f 1723 1724 1732 1731
f 1724 1725 1733 1732
f 1725 1726 1734 1733
f 1726 1727 1735 1734
f 1727 1728 1736 1735
f 1728 1721 1729 1736
f 1729 1730 1738 1737
f 1730 1731 1739 1738
f 1731 1732 1740 1739
f 1732 1733 1741 1740
f 1733 1734 1742 1741
f 1734 1735 1743 1742
f 1735 1736 1744 1743
f 1736 1729 1737 1744
f 1737 1738 1746
f 1738 1739 1747
f 1739 1740 1748
f 1740 1741 1749
f 1741 1742 1750
f 1742 1743 1751
f 1743 1744 1752
f 1744 1737 1745
f 1753 1762 1761
f 1754 1763 1762
f 1755 1764 1763
f 1756 1765 1764
f 1757 1766 1765
f 1758 1767 1766
f 1759 1768 1767
f 1760 1761 1768
f 1761 1762 1770 1769
f 1762 1763 1771 1770
f 1763 1764 1772 1771
f 1764 1765 1773 1772
f 1765 1766 1774 1773
f 1766 1767 1775 1774
f 1767 1768 1776 1775
f 1768 1761 1769 1776
f 1769 1770 1778 1777
f 1770 1771 1779 1778
f 1771 1772 1780 1779
f 1772 1773 1781 1780
f 1773 1774 1782 1781
f 1774 1775 1783 1782
f 1775 1776 1784 1783
f 1776 1769 1777 1784
f 1777 1778 1786 1785
f 1778 1779 1787 1786
f 1779 1780 1788 1787
f 1780 1781 1789 1788
f 1781 1782 1790 1789
f 1782 1783 1791 1790
f 1783 1784 1792 1791
f 1784 1777 1785 1792
f 1785 1786 1794 1793
f 1786 1787 1795 1794
f 1787 1788 1796 1795
f 1788 1789 1797 1796
f 1789 1790 1798 1797
f 1790 1791 1799 1798
f 1791 1792 1800 1799
f 1792 1785 1793 1800
f 1793 1794 1802
f 1794 1795 1803
f 1795 1796 1804
f 1796 1797 1805
f 1797 1798 1806
f 1798 1799 1807
f 1799 1800 1808
f 1800 1793 1801
f 1809 1818 1817
f 1810 1819 1818
f 1811 1820 1819
f 1812 1821 1820
f 1813 1822 1821
f 1814 1823 1822
f 1815 1824 1823
f 1816 1817 1824
f 1817 1818 1826 1825
f 1818 1819 1827 1826
f 1819 1820 1828 1827
f 1820 1821 1829 1828
f 1821 1822 1830 1829
f 1822 1823 1831 1830
f 1823 1824 1832 1831
f 1824 1817 1825 1832
f 1825 1826 1834 1833
f 1826 1827 1835 1834
f 1827 1828 1836 1835
f 1828 1829 1837 1836
f 1829 1830 1838 1837
f 1830 1831 1839 1838
f 1831 1832 1840 1839
f 1832 1825 1833 1840
f 1833 1834 1842 1841
f 1834 1835 1843 1842
f 1835 1836 1844 1843
f 1836 1837 1845 1844
f 1837 1838 1846 1845
f 1838 1839 1847 1846
f 1839 1840 1848 1847
f 1840 1833 1841 1848
f 1841 1842 1850 1849
f 1842 1843 1851 1850
f 1843 1844 1852 1851
f 1844 1845 1853 1852
f 1845 1846 1854 1853
f 1846 1847 1855 1854
f 1847 1848 1856 1855
f 1848 1841 1849 1856
f 1849 1850 1858
f 1850 1851 1859
f 1851 1852 1860
f 1852 1853 1861
f 1853 1854 1862
f 1854 1855 1863
f 1855 1856 1864
f 1856 1849 1857
f 1865 1874 1873
f 1866 1875 1874
f 1867 1876 1875
f 1868 1877 1876
f 1869 1878 1877
f 1870 1879 1878
f 1871 1880 1879
f 1872 1873 1880
f 1873 1874 1882 1881
f 1874 1875 1883 1882
f 1875 1876 1884 1883
f 1876 1877 1885 1884
f 1877 1878 1886 1885
f 1878 1879 1887 1886
f 1879 1880 1888 1887
f 1880 1873 1881 1888
f 1881 1882 1890 1889
f 1882 1883 1891 1890
f 1883 1884 1892 1891
f 1884 1885 1893 1892
f 1885 1886 1894 1893
f 1886 1887 1895 1894
f 1887 1888 1896 1895
f 1888 1881 1889 1896
f 1889 1890 1898 1897
f 1890 1891 1899 1898
f 1891 1892 1900 1899
f 1892 1893 1901 1900
f 1893 1894 1902 1901
f 1894 1895 1903 1902
f 1895 1896 1904 1903
f 1896 1889 1897 1904
f 1897 1898 1906 1905
f 1898 1899 1907 1906
f 1899 1900 1908 1907
f 1900 1901 1909 1908
f 1901 1902 1910 1909
f 1902 1903 1911 1910
f 1903 1904 1912 1911
f 1904 1897 1905 1912
f 1905 1906 1914
f 1906 1907 1915
f 1907 1908 1916
f 1908 1909 1917
f 1909 1910 1918
f 1910 1911 1919
f 1911 1912 1920
f 1912 1905 1913
usemtl flower_center
f 1921 1930 1929
f 1922 1931 1930
f 1923 1932 1931
f 1924 1933 1932
f 1925 1934 1933
f 1926 1935 1934
f 1927 1936 1935
f 1928 1929 1936
f 1929 1930 1938 1937
f 1930 1931 1939 1938
f 1931 1932 1940 1939
f 1932 1933 1941 1940
f 1933 1934 1942 1941
f 1934 1935 1943 1942
f 1935 1936 1944 1943
f 1936 1929 1937 1944
f 1937 1938 1946 1945
f 1938 1939 1947 1946
f 1939 1940 1948 1947
f 1940 1941 1949 1948
f 1941 1942 1950 1949
f 1942 1943 1951 1950
f 1943 1944 1952 1951
f 1944 1937 1945 1952
f 1945 1946 1954 1953
f 1946 1947 1955 1954
f 1947 1948 1956 1955
f 1948 1949 1957 1956
f 1949 1950 1958 1957
f 1950 1951 1959 1958
f 1951 1952 1960 1959
f 1952 1945 1953 1960
f 1953 1954 1962 1961
f 1954 1955 1963 1962
f 1955 1956 1964 1963
f 1956 1957 1965 1964
f 1957 1958 1966 1965
f 1958 1959 1967 1966
f 1959 1960 1968 1967
f 1960 1953 1961 1968
f 1961 1962 1970
f 1962 1963 1971
f 1963 1964 1972
f 1964 1965 1973
f 1965 1966 1974
f 1966 1967 1975
f 1967 1968 1976
f 1968 1961 1969
usemtl leaf_green
f 1977 1986 1985
f 1978 1987 1986
f 1979 1988 1987
f 1980 1989 1988
f 1981 1990 1989
f 1982 1991 1990
f 1983 1992 1991
f 1984 1985 1992
f 1985 1986 1994 1993
f 1986 1987 1995 1994
f 1987 1988 1996 1995
f 1988 1989 1997 1996
f 1989 1990 1998 1997
f 1990 1991 1999 1998
f 1991 1992 2000 1999
f 1992 1985 1993 2000
f 1993 1994 2002 2001
f 1994 1995 2003 2002
f 1995 1996 2004 2003
f 1996 1997 2005 2004
f 1997 1998 2006 2005
f 1998 1999 2007 2006
f 1999 2000 2008 2007
f 2000 1993 2001 2008
f 2001 2002 2010 2009
f 2002 2003 2011 2010
f 2003 2004 2012 2011
f 2004 2005 2013 2012
f 2005 2006 2014 2013
f 2006 2007 2015 2014
f 2007 2008 2016 2015
f 2008 2001 2009 2016
f 2009 2010 2018 2017
f 2010 2011 2019 2018
f 2011 2012 2020 2019
f 2012 2013 2021 2020
f 2013 2014 2022 2021
f 2014 2015 2023 2022
f 2015 2016 2024 2023
f 2016 2009 2017 2024
f 2017 2018 2026
f 2018 2019 2027
f 2019 2020 2028
f 2020 2021 2029
f 2021 2022 2030
f 2022 2023 2031
f 2023 2024 2032
f 2024 2017 2025
f 2033 2042 2041
f 2034 2043 2042
f 2035 2044 2043
f 2036 2045 2044
f 2037 2046 2045
f 2038 2047 2046
f 2039 2048 2047
f 2040 2041 2048
f 2041 2042 2050 2049
f 2042 2043 2051 2050
f 2043 2044 2052 2051
f 2044 2045 2053 2052
f 2045 2046 2054 2053
f 2046 2047 2055 2054
f 2047 2048 2056 2055
f 2048 2041 2049 2056
f 2049 2050 2058 2057
f 2050 2051 2059 2058
f 2051 2052 2060 2059
f 2052 2053 2061 2060
f 2053 2054 2062 2061
f 2054 2055 2063 2062
f 2055 2056 2064 2063
f 2056 2049 2057 2064
f 2057 2058 2066 2065
f 2058 2059 2067 2066
f 2059 2060 2068 2067
f 2060 2061 2069 2068
f 2061 2062 2070 2069
f 2062 2063 2071 2070
f 2063 2064 2072 2071
f 2064 2057 2065 2072
f 2065 2066 2074 2073
f 2066 2067 2075 2074
f 2067 2068 2076 2075
f 2068 2069 2077 2076
f 2069 2070 2078 2077
f 2070 2071 2079 2078
f 2071 2072 2080 2079
f 2072 2065 2073 2080
f 2073 2074 2082
f 2074 2075 2083
f 2075 2076 2084
f 2076 2077 2085
f 2077 2078 2086
f 2078 2079 2087
f 2079 2080 2088
f 2080 2073 2081
f 2089 2098 2097
f 2090 2099 2098
f 2091 2100 2099
f 2092 2101 2100
f 2093 2102 2101
f 2094 2103 2102
f 2095 2104 2103
f 2096 2097 2104
f 2097 2098 2106 2105
f 2098 2099 2107 2106
f 2099 2100 2108 2107
f 2100 2101 2109 2108
f 2101 2102 2110 2109
f 2102 2103 2111 2110
f 2103 2104 2112 2111
f 2104 2097 2105 2112
f 2105 2106 2114 2113
f 2106 2107 2115 2114
f 2107 2108 2116 2115
f 2108 2109 2117 2116
f 2109 2110 2118 2117
f 2110 2111 2119 2118
f 2111 2112 2120 2119
f 2112 2105 2113 2120
f 2113 2114 2122 2121
f 2114 2115 2123 2122
f 2115 2116 2124 2123
f 2116 2117 2125 2124
f 2117 2118 2126 2125
f 2118 2119 2127 2126
f 2119 2120 2128 2127
f 2120 2113 2121 2128
f 2121 2122 2130 2129
f 2122 2123 2131 2130
f 2123 2124 2132 2131
f 2124 2125 2133 2132
f 2125 2126 2134 2133
f 2126 2127 2135 2134
f 2127 2128 2136 2135
f 2128 2121 2129 2136
f 2129 2130 2138
f 2130 2131 2139
f 2131 2132 2140
f 2132 2133 2141
f 2133 2134 2142
f 2134 2135 2143
f 2135 2136 2144
f 2136 2129 2137
f 2145 2154 2153
f 2146 2155 2154
f 2147 2156 2155
f 2148 2157 2156
f 2149 2158 2157
f 2150 2159 2158
f 2151 2160 2159
f 2152 2153 2160
f 2153 2154 2162 2161
f 2154 2155 2163 2162
f 2155 2156 2164 2163
f 2156 2157 2165 2164
f 2157 2158 2166 2165
f 2158 2159 2167 2166
f 2159 2160 2168 2167
f 2160 2153 2161 2168
f 2161 2162 2170 2169
f 2162 2163 2171 2170
f 2163 2164 2172 2171
f 2164 2165 2173 2172
f 2165 2166 2174 2173
f 2166 2167 2175 2174
f 2167 2168 2176 2175
f 2168 2161 2169 2176
f 2169 2170 2178 2177
f 2170 2171 2179 2178
f 2171 2172 2180 2179
f 2172 2173 2181 2180
f 2173 2174 2182 2181
f 2174 2175 2183 2182
f 2175 2176 2184 2183
f 2176 2169 2177 2184
f 2177 2178 2186 2185
f 2178 2179 2187 2186
f 2179 2180 2188 2187
f 2180 2181 2189 2188
f 2181 2182 2190 2189
f 2182 2183 2191 2190
f 2183 2184 2192 2191
f 2184 2177 2185 2192
f 2185 2186 2194
f 2186 2187 2195
f 2187 2188 2196
f 2188 2189 2197
f 2189 2190 2198
f 2190 2191 2199
f 2191 2192 2200
f 2192 2185 2193
f 2201 2210 2209
f 2202 2211 2210
f 2203 2212 2211
f 2204 2213 2212
f 2205 2214 2213
f 2206 2215 2214
f 2207 2216 2215
f 2208 2209 2216
f 2209 2210 2218 2217
f 2210 2211 2219 2218
f 2211 2212 2220 2219
f 2212 2213 2221 2220
f 2213 2214 2222 2221
f 2214 2215 2223 2222
f 2215 2216 2224 2223
f 2216 2209 2217 2224
f 2217 2218 2226 2225
f 2218 2219 2227 2226
f 2219 2220 2228 2227
f 2220 2221 2229 2228
f 2221 2222 2230 2229
f 2222 2223 2231 2230
f 2223 2224 2232 2231
f 2224 2217 2225 2232
f 2225 2226 2234 2233
f 2226 2227 2235 2234
f 2227 2228 2236 2235
f 2228 2229 2237 2236
f 2229 2230 2238 2237
f 2230 2231 2239 2238
f 2231 2232 2240 2239
f 2232 2225 2233 2240
f 2233 2234 2242 2241
f 2234 2235 2243 2242
f 2235 2236 2244 2243
f 2236 2237 2245 2244
f 2237 2238 2246 2245
f 2238 2239 2247 2246
f 2239 2240 2248 2247
f 2240 2233 2241 2248
f 2241 2242 2250
f 2242 2243 2251
f 2243 2244 2252
f 2244 2245 2253
f 2245 2246 2254
f 2246 2247 2255
f 2247 2248 2256
f 2248 2241 2249
usemtl stem_green
f 2258 2260 2259 2257
f 2281 2257 2259
f 2282 2260 2258
f 2260 2262 2261 2259
f 2281 2259 2261
f 2282 2262 2260
f 2262 2264 2263 2261
f 2281 2261 2263
f 2282 2264 2262
f 2264 2266 2265 2263
f 2281 2263 2265
f 2282 2266 2264
f 2266 2268 2267 2265
f 2281 2265 2267
f 2282 2268 2266
f 2268 2270 2269 2267
f 2281 2267 2269
f 2282 2270 2268
f 2270 2272 2271 2269
f 2281 2269 2271
f 2282 2272 2270
f 2272 2274 2273 2271
f 2281 2271 2273
f 2282 2274 2272
f 2274 2276 2275 2273
f 2281 2273 2275
f 2282 2276 2274
f 2276 2278 2277 2275
f 2281 2275 2277
f 2282 2278 2276
f 2278 2280 2279 2277
f 2281 2277 2279
f 2282 2280 2278
f 2280 2258 2257 2279
f 2281 2279 2257
f 2282 2258 2280
usemtl petal_white
f 2283 2292 2291
f 2284 2293 2292
f 2285 2294 2293
f 2286 2295 2294
f 2287 2296 2295
f 2288 2297 2296
f 2289 2298 2297
f 2290 2291 2298
f 2291 2292 2300 2299
f 2292 2293 2301 2300
f 2293 2294 2302 2301
f 2294 2295 2303 2302
f 2295 2296 2304 2303
f 2296 2297 2305 2304
f 2297 2298 2306 2305
f 2298 2291 2299 2306
f 2299 2300 2308 2307
f 2300 2301 2309 2308
f 2301 2302 2310 2309
f 2302 2303 2311 2310
f 2303 2304 2312 2311
f 2304 2305 2313 2312
f 2305 2306 2314 2313
f 2306 2299 2307 2314
f 2307 2308 2316 2315
f 2308 2309 2317 2316
f 2309 2310 2318 2317
f 2310 2311 2319 2318
f 2311 2312 2320 2319
f 2312 2313 2321 2320
f 2313 2314 2322 2321
f 2314 2307 2315 2322
f 2315 2316 2324 2323
f 2316 2317 2325 2324
f 2317 2318 2326 2325
f 2318 2319 2327 2326
f 2319 2320 2328 2327
f 2320 2321 2329 2328
f 2321 2322 2330 2329
f 2322 2315 2323 2330
f 2323 2324 2332
f 2324 2325 2333
f 2325 2326 2334
f 2326 2327 2335
f 2327 2328 2336
f 2328 2329 2337
f 2329 2330 2338
f 2330 2323 2331
f 2339 2348 2347
f 2340 2349 2348
f 2341 2350 2349
f 2342 2351 2350
f 2343 2352 2351
f 2344 2353 2352
f 2345 2354 2353
f 2346 2347 2354
f 2347 2348 2356 2355
f 2348 2349 2357 2356
f 2349 2350 2358 2357
f 2350 2351 2359 2358
f 2351 2352 2360 2359
f 2352 2353 2361 2360
f 2353 2354 2362 2361
f 2354 2347 2355 2362
f 2355 2356 2364 2363
f 2356 2357 2365 2364
f 2357 2358 2366 2365
f 2358 2359 2367 2366
f 2359 2360 2368 2367
f 2360 2361 2369 2368
f 2361 2362 2370 2369
f 2362 2355 2363 2370
f 2363 2364 2372 2371
f 2364 2365 2373 2372
f 2365 2366 2374 2373
f 2366 2367 2375 2374
f 2367 2368 2376 2375
f 2368 2369 2377 2376
f 2369 2370 2378 2377
f 2370 2363 2371 2378
f 2371 2372 2380 2379
f 2372 2373 2381 2380
f 2373 2374 2382 2381
f 2374 2375 2383 2382
f 2375 2376 2384 2383
f 2376 2377 2385 2384
f 2377 2378 2386 2385
f 2378 2371 2379 2386
f 2379 2380 2388
f 2380 2381 2389
f 2381 2382 2390
f 2382 2383 2391
f 2383 2384 2392
f 2384 2385 2393
f 2385 2386 2394
f 2386 2379 2387
f 2395 2404 2403
f 2396 2405 2404
f 2397 2406 2405
f 2398 2407 2406
f 2399 2408 2407
f 2400 2409 2408
f 2401 2410 2409
f 2402 2403 2410
f 2403 2404 2412 2411
f 2404 2405 2413 2412
f 2405 2406 2414 2413
f 2406 2407 2415 2414
f 2407 2408 2416 2415
f 2408 2409 2417 2416
f 2409 2410 2418 2417
f 2410 2403 2411 2418
f 2411 2412 2420 2419
f 2412 2413 2421 2420
f 2413 2414 2422 2421
f 2414 2415 2423 2422
f 2415 2416 2424 2423
f 2416 2417 2425 2424
f 2417 2418 2426 2425
f 2418 2411 2419 2426
f 2419 2420 2428 2427
f 2420 2421 2429 2428
f 2421 2422 2430 2429
f 2422 2423 2431 2430
f 2423 2424 2432 2431
f 2424 2425 2433 2432
f 2425 2426 2434 2433
f 2426 2419 2427 2434
f 2427 2428 2436 2435
f 2428 2429 2437 2436
f 2429 2430 2438 2437
f 2430 2431 2439 2438
f 2431 2432 2440 2439
f 2432 2433 2441 2440
f 2433 2434 2442 2441
f 2434 2427 2435 2442
f 2435 2436 2444
f 2436 2437 2445
f 2437 2438 2446
f 2438 2439 2447
f 2439 2440 2448
f 2440 2441 2449
f 2441 2442 2450
f 2442 2435 2443
f 2451 2460 2459
f 2452 2461 2460
f 2453 2462 2461
f 2454 2463 2462
f 2455 2464 2463
f 2456 2465 2464
f 2457 2466 2465
f 2458 2459 2466
f 2459 2460 2468 2467
f 2460 2461 2469 2468
f 2461 2462 2470 2469
f 2462 2463 2471 2470
f 2463 2464 2472 2471
f 2464 2465 2473 2472
f 2465 2466 2474 2473
f 2466 2459 2467 2474
f 2467 2468 2476 2475
f 2468 2469 2477 2476
f 2469 2470 2478 2477
f 2470 2471 2479 2478
f 2471 2472 2480 2479
f 2472 2473 2481 2480
f 2473 2474 2482 2481
f 2474 2467 2475 2482
f 2475 2476 2484 2483
f 2476 2477 2485 2484
f 2477 2478 2486 2485
f 2478 2479 2487 2486
f 2479 2480 2488 2487
f 2480 2481 2489 2488
f 2481 2482 2490 2489
f 2482 2475 2483 2490
f 2483 2484 2492 2491
f 2484 2485 2493 2492
f 2485 2486 2494 2493
f 2486 2487 2495 2494
f 2487 2488 2496 2495
f 2488 2489 2497 2496
f 2489 2490 2498 2497
f 2490 2483 2491 2498
f 2491 2492 2500
f 2492 2493 2501
f 2493 2494 2502
f 2494 2495 2503
f 2495 2496 2504
f 2496 2497 2505
f 2497 2498 2506
f 2498 2491 2499
f 2507 2516 2515
f 2508 2517 2516
f 2509 2518 2517
f 2510 2519 2518
f 2511 2520 2519
f 2512 2521 2520
f 2513 2522 2521
f 2514 2515 2522
f 2515 2516 2524 2523
f 2516 2517 2525 2524
f 2517 2518 2526 2525
f 2518 2519 2527 2526
f 2519 2520 2528 2527
f 2520 2521 2529 2528
f 2521 2522 2530 2529
f 2522 2515 2523 2530
f 2523 2524 2532 2531
f 2524 2525 2533 2532
f 2525 2526 2534 2533
f 2526 2527 2535 2534
f 2527 2528 2536 2535
f 2528 2529 2537 2536
f 2529 2530 2538 2537
f 2530 2523 2531 2538
f 2531 2532 2540 2539
f 2532 2533 2541 2540
f 2533 2534 2542 2541
f 2534 2535 2543 2542
f 2535 2536 2544 2543
f 2536 2537 2545 2544
f 2537 2538 2546 2545
f 2538 2531 2539 2546
f 2539 2540 2548 2547
f 2540 2541 2549 2548
f 2541 2542 2550 2549
f 2542 2543 2551 2550
f 2543 2544 2552 2551
f 2544 2545 2553 2552
f 2545 2546 2554 2553
f 2546 2539 2547 2554
f 2547 2548 2556
f 2548 2549 2557
f 2549 2550 2558
f 2550 2551 2559
f 2551 2552 2560
f 2552 2553 2561
f 2553 2554 2562
f 2554 2547 2555
f 2563 2572 2571
f 2564 2573 2572
f 2565 2574 2573
f 2566 2575 2574
f 2567 2576 2575
f 2568 2577 2576
f 2569 2578 2577
f 2570 2571 2578
f 2571 2572 2580 2579
f 2572 2573 2581 2580
f 2573 2574 2582 2581
f 2574 2575 2583 2582
f 2575 2576 2584 2583
f 2576 2577 2585 2584
f 2577 2578 2586 2585
f 2578 2571 2579 2586
f 2579 2580 2588 2587
f 2580 2581 2589 2588
f 2581 2582 2590 2589
f 2582 2583 2591 2590
f 2583 2584 2592 2591
f 2584 2585 2593 2592
f 2585 2586 2594 2593
f 2586 2579 2587 2594
f 2587 2588 2596 2595
f 2588 2589 2597 2596
f 2589 2590 2598 2597
f 2590 2591 2599 2598
f 2591 2592 2600 2599
f 2592 2593 2601 2600
f 2593 2594 2602 2601
f 2594 2587 2595 2602
f 2595 2596 2604 2603
f 2596 2597 2605 2604
f 2597 2598 2606 2605
f 2598 2599 2607 2606
f 2599 2600 2608 2607
f 2600 2601 2609 2608
f 2601 2602 2610 2609
f 2602 2595 2603 2610
f 2603 2604 2612
f 2604 2605 2613
f 2605 2606 2614
f 2606 2607 2615
f 2607 2608 2616
f 2608 2609 2617
f 2609 2610 2618
f 2610 2603 2611
usemtl flower_center
f 2619 2628 2627
f 2620 2629 2628
f 2621 2630 2629
f 2622 2631 2630
f 2623 2632 2631
f 2624 2633 2632
f 2625 2634 2633
f 2626 2627 2634
f 2627 2628 2636 2635
f 2628 2629 2637 2636
f 2629 2630 2638 2637
f 2630 2631 2639 2638
f 2631 2632 2640 2639
f 2632 2633 2641 2640
f 2633 2634 2642 2641
f 2634 2627 2635 2642
f 2635 2636 2644 2643
f 2636 2637 2645 2644
f 2637 2638 2646 2645
f 2638 2639 2647 2646
f 2639 2640 2648 2647
f 2640 2641 2649 2648
f 2641 2642 2650 2649
f 2642 2635 2643 2650
f 2643 2644 2652 2651
f 2644 2645 2653 2652
f 2645 2646 2654 2653
f 2646 2647 2655 2654
f 2647 2648 2656 2655
f 2648 2649 2657 2656
f 2649 2650 2658 2657
f 2650 2643 2651 2658
f 2651 2652 2660 2659
f 2652 2653 2661 2660
f 2653 2654 2662 2661
f 2654 2655 2663 2662
f 2655 2656 2664 2663
f 2656 2657 2665 2664
f 2657 2658 2666 2665
f 2658 2651 2659 2666
f 2659 2660 2668
f 2660 2661 2669
f 2661 2662 2670
f 2662 2663 2671
f 2663 2664 2672
f 2664 2665 2673
f 2665 2666 2674
f 2666 2659 2667
usemtl leaf_green
f 2675 2684 2683
f 2676 2685 2684
f 2677 2686 2685
f 2678 2687 2686
f 2679 2688 2687
f 2680 2689 2688
f 2681 2690 2689
f 2682 2683 2690
f 2683 2684 2692 2691
f 2684 2685 2693 2692
f 2685 2686 2694 2693
f 2686 2687 2695 2694
f 2687 2688 2696 2695
f 2688 2689 2697 2696
f 2689 2690 2698 2697
f 2690 2683 2691 2698
f 2691 2692 2700 2699
f 2692 2693 2701 2700
f 2693 2694 2702 2701
f 2694 2695 2703 2702
f 2695 2696 2704 2703
f 2696 2697 2705 2704
f 2697 2698 2706 2705
f 2698 2691 2699 2706
f 2699 2700 2708 2707
f 2700 2701 2709 2708
f 2701 2702 2710 2709
f 2702 2703 2711 2710
f 2703 2704 2712 2711
f 2704 2705 2713 2712
f 2705 2706 2714 2713
f 2706 2699 2707 2714
f 2707 2708 2716 2715
f 2708 2709 2717 2716
f 2709 2710 2718 2717
f 2710 2711 2719 2718
f 2711 2712 2720 2719
f 2712 2713 2721 2720
f 2713 2714 2722 2721
f 2714 2707 2715 2722
f 2715 2716 2724
f 2716 2717 2725
f 2717 2718 2726
f 2718 2719 2727
f 2719 2720 2728
f 2720 2721 2729
f 2721 2722 2730
f 2722 2715 2723
f 2731 2740 2739
f 2732 2741 2740
f 2733 2742 2741
f 2734 2743 2742
f 2735 2744 2743
f 2736 2745 2744
f 2737 2746 2745
f 2738 2739 2746
f 2739 2740 2748 2747
f 2740 2741 2749 2748
f 2741 2742 2750 2749
f 2742 2743 2751 2750
f 2743 2744 2752 2751
f 2744 2745 2753 2752
f 2745 2746 2754 2753
f 2746 2739 2747 2754
f 2747 2748 2756 2755
f 2748 2749 2757 2756
f 2749 2750 2758 2757
f 2750 2751 2759 2758
f 2751 2752 2760 2759
f 2752 2753 2761 2760
f 2753 2754 2762 2761
f 2754 2747 2755 2762
f 2755 2756 2764 2763
f 2756 2757 2765 2764
f 2757 2758 2766 2765
f 2758 2759 2767 2766
f 2759 2760 2768 2767
f 2760 2761 2769 2768
f 2761 2762 2770 2769
f 2762 2755 2763 2770
f 2763 2764 2772 2771
f 2764 2765 2773 2772
f 2765 2766 2774 2773
f 2766 2767 2775 2774
f 2767 2768 2776 2775
f 2768 2769 2777 2776
f 2769 2770 2778 2777
f 2770 2763 2771 2778
f 2771 2772 2780
f 2772 2773 2781
f 2773 2774 2782
f 2774 2775 2783
f 2775 2776 2784
f 2776 2777 2785
f 2777 2778 2786
f 2778 2771 2779
f 2787 2796 2795
f 2788 2797 2796
f 2789 2798 2797
f 2790 2799 2798
f 2791 2800 2799
f 2792 2801 2800
f 2793 2802 2801
f 2794 2795 2802
f 2795 2796 2804 2803
f 2796 2797 2805 2804
f 2797 2798 2806 2805
f 2798 2799 2807 2806
f 2799 2800 2808 2807
f 2800 2801 2809 2808
f 2801 2802 2810 2809
f 2802 2795 2803 2810
f 2803 2804 2812 2811
f 2804 2805 2813 2812
f 2805 2806 2814 2813
f 2806 2807 2815 2814
f 2807 2808 2816 2815
f 2808 2809 2817 2816
f 2809 2810 2818 2817
f 2810 2803 2811 2818
f 2811 2812 2820 2819
f 2812 2813 2821 2820
f 2813 2814 2822 2821
f 2814 2815 2823 2822
f 2815 2816 2824 2823
f 2816 2817 2825 2824
f 2817 2818 2826 2825
f 2818 2811 2819 2826
f 2819 2820 2828 2827
f 2820 2821 2829 2828
f 2821 2822 2830 2829
f 2822 2823 2831 2830
f 2823 2824 2832 2831
f 2824 2825 2833 2832
f 2825 2826 2834 2833
f 2826 2819 2827 2834
f 2827 2828 2836
f 2828 2829 2837
f 2829 2830 2838
f 2830 2831 2839
f 2831 2832 2840
f 2832 2833 2841
f 2833 2834 2842
f 2834 2827 2835
f 2843 2852 2851
f 2844 2853 2852
f 2845 2854 2853
f 2846 2855 2854
f 2847 2856 2855
f 2848 2857 2856
f 2849 2858 2857
f 2850 2851 2858
f 2851 2852 2860 2859
f 2852 2853 2861 2860
f 2853 2854 2862 2861
f 2854 2855 2863 2862
f 2855 2856 2864 2863
f 2856 2857 2865 2864
f 2857 2858 2866 2865
f 2858 2851 2859 2866
f 2859 2860 2868 2867
f 2860 2861 2869 2868
f 2861 2862 2870 2869
f 2862 2863 2871 2870
f 2863 2864 2872 2871
f 2864 2865 2873 2872
f 2865 2866 2874 2873
f 2866 2859 2867 2874
f 2867 2868 2876 2875
f 2868 2869 2877 2876
f 2869 2870 2878 2877
f 2870 2871 2879 2878
f 2871 2872 2880 2879
f 2872 2873 2881 2880
f 2873 2874 2882 2881
f 2874 2867 2875 2882
f 2875 2876 2884 2883
f 2876 2877 2885 2884
f 2877 2878 2886 2885
f 2878 2879 2887 2886
f 2879 2880 2888 2887
f 2880 2881 2889 2888
f 2881 2882 2890 2889
f 2882 2875 2883 2890
f 2883 2884 2892
f 2884 2885 2893
f 2885 2886 2894
f 2886 2887 2895
f 2887 2888 2896
f 2888 2889 2897
f 2889 2890 2898
f 2890 2883 2891
f 2899 2908 2907
f 2900 2909 2908
f 2901 2910 2909
f 2902 2911 2910
f 2903 2912 2911
f 2904 2913 2912
f 2905 2914 2913
f 2906 2907 2914
f 2907 2908 2916 2915
f 2908 2909 2917 2916
f 2909 2910 2918 2917
f 2910 2911 2919 2918
f 2911 2912 2920 2919
f 2912 2913 2921 2920
f 2913 2914 2922 2921
f 2914 2907 2915 2922
f 2915 2916 2924 2923
f 2916 2917 2925 2924
f 2917 2918 2926 2925
f 2918 2919 2927 2926
f 2919 2920 2928 2927
f 2920 2921 2929 2928
f 2921 2922 2930 2929
f 2922 2915 2923 2930
f 2923 2924 2932 2931
f 2924 2925 2933 2932
f 2925 2926 2934 2933
f 2926 2927 2935 2934
f 2927 2928 2936 2935
f 2928 2929 2937 2936
f 2929 2930 2938 2937
f 2930 2923 2931 2938
f 2931 2932 2940 2939
f 2932 2933 2941 2940
f 2933 2934 2942 2941
f 2934 2935 2943 2942
f 2935 2936 2944 2943
f 2936 2937 2945 2944
f 2937 2938 2946 2945
f 2938 2931 2939 2946
f 2939 2940 2948
f 2940 2941 2949
f 2941 2942 2950
f 2942 2943 2951
f 2943 2944 2952
f 2944 2945 2953
f 2945 2946 2954
f 2946 2939 2947
usemtl stem_green
f 2956 2958 2957 2955
f 2979 2955 2957
f 2980 2958 2956
f 2958 2960 2959 2957
f 2979 2957 2959
f 2980 2960 2958
f 2960 2962 2961 2959
f 2979 2959 2961
f 2980 2962 2960
f 2962 2964 2963 2961
f 2979 2961 2963
f 2980 2964 2962
f 2964 2966 2965 2963
f 2979 2963 2965
f 2980 2966 2964
f 2966 2968 2967 2965
f 2979 2965 2967
f 2980 2968 2966
f 2968 2970 2969 2967
f 2979 2967 2969
f 2980 2970 2968
f 2970 2972 2971 2969
f 2979 2969 2971
f 2980 2972 2970
f 2972 2974 2973 2971
f 2979 2971 2973
f 2980 2974 2972
f 2974 2976 2975 2973
f 2979 2973 2975
f 2980 2976 2974
f 2976 2978 2977 2975
f 2979 2975 2977
f 2980 2978 2976
f 2978 2956 2955 2977
f 2979 2977 2955
f 2980 2956 2978
usemtl petal_red
f 2981 2990 2989
f 2982 2991 2990
f 2983 2992 2991
f 2984 2993 2992
f 2985 2994 2993
f 2986 2995 2994
f 2987 2996 2995
f 2988 2989 2996
f 2989 2990 2998 2997
f 2990 2991 2999 2998
f 2991 2992 3000 2999
f 2992 2993 3001 3000
f 2993 2994 3002 3001
f 2994 2995 3003 3002
f 2995 2996 3004 3003
f 2996 2989 2997 3004
f 2997 2998 3006 3005
f 2998 2999 3007 3006
f 2999 3000 3008 3007
f 3000 3001 3009 3008
f 3001 3002 3010 3009
f 3002 3003 3011 3010
f 3003 3004 3012 3011
f 3004 2997 3005 3012
f 3005 3006 3014 3013
f 3006 3007 3015 3014
f 3007 3008 3016 3015
f 3008 3009 3017 3016
f 3009 3010 3018 3017
f 3010 3011 3019 3018
f 3011 3012 3020 3019
f 3012 3005 3013 3020
f 3013 3014 3022 3021
f 3014 3015 3023 3022
f 3015 3016 3024 3023
f 3016 3017 3025 3024
f 3017 3018 3026 3025
f 3018 3019 3027 3026
f 3019 3020 3028 3027
f 3020 3013 3021 3028
f 3021 3022 3030
f 3022 3023 3031
f 3023 3024 3032
f 3024 3025 3033
f 3025 3026 3034
f 3026 3027 3035
f 3027 3028 3036
f 3028 3021 3029
f 3037 3046 3045
f 3038 3047 3046
f 3039 3048 3047
f 3040 3049 3048
f 3041 3050 3049
f 3042 3051 3050
f 3043 3052 3051
f 3044 3045 3052
f 3045 3046 3054 3053
f 3046 3047 3055 3054
f 3047 3048 3056 3055
f 3048 3049 3057 3056
f 3049 3050 3058 3057
f 3050 3051 3059 3058
f 3051 3052 3060 3059
f 3052 3045 3053 3060
f 3053 3054 3062 3061
f 3054 3055 3063 3062
f 3055 3056 3064 3063
f 3056 3057 3065 3064
f 3057 3058 3066 3065
f 3058 3059 3067 3066
f 3059 3060 3068 3067
f 3060 3053 3061 3068
f 3061 3062 3070 3069
f 3062 3063 3071 3070
f 3063 3064 3072 3071
f 3064 3065 3073 3072
f 3065 3066 3074 3073
f 3066 3067 3075 3074
f 3067 3068 3076 3075
f 3068 3061 3069 3076
f 3069 3070 3078 3077
f 3070 3071 3079 3078
f 3071 3072 3080 3079
f 3072 3073 3081 3080
f 3073 3074 3082 3081
f 3074 3075 3083 3082
f 3075 3076 3084 3083
f 3076 3069 3077 3084
f 3077 3078 3086
f 3078 3079 3087
f 3079 3080 3088
f 3080 3081 3089
f 3081 3082 3090
f 3082 3083 3091
f 3083 3084 3092
f 3084 3077 3085
f 3093 3102 3101
f 3094 3103 3102
f 3095 3104 3103
f 3096 3105 3104
f 3097 3106 3105
f 3098 3107 3106
f 3099 3108 3107
f 3100 3101 3108
f 3101 3102 3110 3109
f 3102 3103 3111 3110
f 3103 3104 3112 3111
f 3104 3105 3113 3112
f 3105 3106 3114 3113
f 3106 3107 3115 3114
f 3107 3108 3116 3115
f 3108 3101 3109 3116
f 3109 3110 3118 3117
f 3110 3111 3119 3118
f 3111 3112 3120 3119
f 3112 3113 3121 3120
f 3113 3114 3122 3121
f 3114 3115 3123 3122
f 3115 3116 3124 3123
f 3116 3109 3117 3124
f 3117 3118 3126 3125
f 3118 3119 3127 3126
f 3119 3120 3128 3127
f 3120 3121 3129 3128
f 3121 3122 3130 3129
f 3122 3123 3131 3130
f 3123 3124 3132 3131
f 3124 3117 3125 3132
f 3125 3126 3134 3133
f 3126 3127 3135 3134
f 3127 3128 3136 3135
f 3128 3129 3137 3136
f 3129 3130 3138 3137
f 3130 3131 3139 3138
f 3131 3132 3140 3139
f 3132 3125 3133 3140
f 3133 3134 3142
f 3134 3135 3143
f 3135 3136 3144
f 3136 3137 3145
f 3137 3138 3146
f 3138 3139 3147
f 3139 3140 3148
f 3140 3133 3141
f 3149 3158 3157
f 3150 3159 3158
f 3151 3160 3159
f 3152 3161 3160
f 3153 3162 3161
f 3154 3163 3162
f 3155 3164 3163
f 3156 3157 3164
f 3157 3158 3166 3165
f 3158 3159 3167 3166
f 3159 3160 3168 3167
f 3160 3161 3169 3168
f 3161 3162 3170 3169
f 3162 3163 3171 3170
f 3163 3164 3172 3171
f 3164 3157 3165 3172
f 3165 3166 3174 3173
f 3166 3167 3175 3174
f 3167 3168 3176 3175
f 3168 3169 3177 3176
f 3169 3170 3178 3177
f 3170 3171 3179 3178
f 3171 3172 3180 3179
f 3172 3165 3173 3180
f 3173 3174 3182 3181
f 3174 3175 3183 3182
f 3175 3176 3184 3183
f 3176 3177 3185 3184
f 3177 3178 3186 3185
f 3178 3179 3187 3186
f 3179 3180 3188 3187
f 3180 3173 3181 3188
f 3181 3182 3190 3189
f 3182 3183 3191 3190
f 3183 3184 3192 3191
f 3184 3185 3193 3192
f 3185 3186 3194 3193
f 3186 3187 3195 3194
f 3187 3188 3196 3195
f 3188 3181 3189 3196
f 3189 3190 3198
f 3190 3191 3199
f 3191 3192 3200
f 3192 3193 3201
f 3193 3194 3202
f 3194 3195 3203
f 3195 3196 3204
f 3196 3189 3197
f 3205 3214 3213
f 3206 3215 3214
f 3207 3216 3215
f 3208 3217 3216
f 3209 3218 3217
f 3210 3219 3218
f 3211 3220 3219
f 3212 3213 3220
f 3213 3214 3222 3221
f 3214 3215 3223 3222
f 3215 3216 3224 3223
f 3216 3217 3225 3224
f 3217 3218 3226 3225
f 3218 3219 3227 3226
f 3219 3220 3228 3227
f 3220 3213 3221 3228
f 3221 3222 3230 3229
f 3222 3223 3231 3230
f 3223 3224 3232 3231
f 3224 3225 3233 3232
f 3225 3226 3234 3233
f 3226 3227 3235 3234
f 3227 3228 3236 3235
f 3228 3221 3229 3236
f 3229 3230 3238 3237
f 3230 3231 3239 3238
f 3231 3232 3240 3239
f 3232 3233 3241 3240
f 3233 3234 3242 3241
f 3234 3235 3243 3242
f 3235 3236 3244 3243
f 3236 3229 3237 3244
f 3237 3238 3246 3245
f 3238 3239 3247 3246
f 3239 3240 3248 3247
f 3240 3241 3249 3248
f 3241 3242 3250 3249
f 3242 3243 3251 3250
f 3243 3244 3252 3251
f 3244 3237 3245 3252
f 3245 3246 3254
f 3246 3247 3255
f 3247 3248 3256
f 3248 3249 3257
f 3249 3250 3258
f 3250 3251 3259
f 3251 3252 3260
f 3252 3245 3253
f 3261 3270 3269
f 3262 3271 3270
f 3263 3272 3271
f 3264 3273 3272
f 3265 3274 3273
f 3266 3275 3274
f 3267 3276 3275
f 3268 3269 3276
f 3269 3270 3278 3277
f 3270 3271 3279 3278
f 3271 3272 3280 3279
f 3272 3273 3281 3280
f 3273 3274 3282 3281
f 3274 3275 3283 3282
f 3275 3276 3284 3283
f 3276 3269 3277 3284
f 3277 3278 3286 3285
f 3278 3279 3287 3286
f 3279 3280 3288 3287
f 3280 3281 3289 3288
f 3281 3282 3290 3289
f 3282 3283 3291 3290
f 3283 3284 3292 3291
f 3284 3277 3285 3292
f 3285 3286 3294 3293
f 3286 3287 3295 3294
f 3287 3288 3296 3295
f 3288 3289 3297 3296
f 3289 3290 3298 3297
f 3290 3291 3299 3298
f 3291 3292 3300 3299
f 3292 3285 3293 3300
f 3293 3294 3302 3301
f 3294 3295 3303 3302
f 3295 3296 3304 3303
f 3296 3297 3305 3304
f 3297 3298 3306 3305
f 3298 3299 3307 3306
f 3299 3300 3308 3307
f 3300 3293 3301 3308
f 3301 3302 3310
f 3302 3303 3311
f 3303 3304 3312
f 3304 3305 3313
f 3305 3306 3314
f 3306 3307 3315
f 3307 3308 3316
f 3308 3301 3309
usemtl flower_center
f 3317 3326 3325
f 3318 3327 3326
f 3319 3328 3327
f 3320 3329 3328
f 3321 3330 3329
f 3322 3331 3330
f 3323 3332 3331
f 3324 3325 3332
f 3325 3326 3334 3333
f 3326 3327 3335 3334
f 3327 3328 3336 3335
f 3328 3329 3337 3336
f 3329 3330 3338 3337
f 3330 3331 3339 3338
f 3331 3332 3340 3339
f 3332 3325 3333 3340
f 3333 3334 3342 3341
f 3334 3335 3343 3342
f 3335 3336 3344 3343
f 3336 3337 3345 3344
f 3337 3338 3346 3345
f 3338 3339 3347 3346
f 3339 3340 3348 3347
f 3340 3333 3341 3348
f 3341 3342 3350 3349
f 3342 3343 3351 3350
f 3343 3344 3352 3351
f 3344 3345 3353 3352
f 3345 3346 3354 3353
f 3346 3347 3355 3354
f 3347 3348 3356 3355
f 3348 3341 3349 3356
f 3349 3350 3358 3357
f 3350 3351 3359 3358
f 3351 3352 3360 3359
f 3352 3353 3361 3360
f 3353 3354 3362 3361
f 3354 3355 3363 3362
f 3355 3356 3364 3363
f 3356 3349 3357 3364
f 3357 3358 3366
f 3358 3359 3367
f 3359 3360 3368
f 3360 3361 3369
f 3361 3362 3370
f 3362 3363 3371
f 3363 3364 3372
f 3364 3357 3365
usemtl leaf_green
f 3373 3382 3381
f 3374 3383 3382
f 3375 3384 3383
f 3376 3385 3384
f 3377 3386 3385
f 3378 3387 3386
f 3379 3388 3387
f 3380 3381 3388
f 3381 3382 3390 3389
f 3382 3383 3391 3390
f 3383 3384 3392 3391
f 3384 3385 3393 3392
f 3385 3386 3394 3393
f 3386 3387 3395 3394
f 3387 3388 3396 3395
f 3388 3381 3389 3396
f 3389 3390 3398 3397
f 3390 3391 3399 3398
f 3391 3392 3400 3399
f 3392 3393 3401 3400
f 3393 3394 3402 3401
f 3394 3395 3403 3402
f 3395 3396 3404 3403
f 3396 3389 3397 3404
f 3397 3398 3406 3405
f 3398 3399 3407 3406
f 3399 3400 3408 3407
f 3400 3401 3409 3408
f 3401 3402 3410 3409
f 3402 3403 3411 3410
f 3403 3404 3412 3411
f 3404 3397 3405 3412
f 3405 3406 3414 3413
f 3406 3407 3415 3414
f 3407 3408 3416 3415
f 3408 3409 3417 3416
f 3409 3410 3418 3417
f 3410 3411 3419 3418
f 3411 3412 3420 3419
f 3412 3405 3413 3420
f 3413 3414 3422
f 3414 3415 3423
f 3415 3416 3424
f 3416 3417 3425
f 3417 3418 3426
f 3418 3419 3427
f 3419 3420 3428
f 3420 3413 3421
f 3429 3438 3437
f 3430 3439 3438
f 3431 3440 3439
f 3432 3441 3440
f 3433 3442 3441
f 3434 3443 3442
f 3435 3444 3443
f 3436 3437 3444
f 3437 3438 3446 3445
f 3438 3439 3447 3446
f 3439 3440 3448 3447
f 3440 3441 3449 3448
f 3441 3442 3450 3449
f 3442 3443 3451 3450
f 3443 3444 3452 3451
f 3444 3437 3445 3452
f 3445 3446 3454 3453
f 3446 3447 3455 3454
f 3447 3448 3456 3455
f 3448 3449 3457 3456
f 3449 3450 3458 3457
f 3450 3451 3459 3458
f 3451 3452 3460 3459
f 3452 3445 3453 3460
f 3453 3454 3462 3461
f 3454 3455 3463 3462
f 3455 3456 3464 3463
f 3456 3457 3465 3464
f 3457 3458 3466 3465
f 3458 3459 3467 3466
f 3459 3460 3468 3467
f 3460 3453 3461 3468
f 3461 3462 3470 3469
f 3462 3463 3471 3470
f 3463 3464 3472 3471
f 3464 3465 3473 3472
f 3465 3466 3474 3473
f 3466 3467 3475 3474
f 3467 3468 3476 3475
f 3468 3461 3469 3476
f 3469 3470 3478
f 3470 3471 3479
f 3471 3472 3480
f 3472 3473 3481
f 3473 3474 3482
f 3474 3475 3483
f 3475 3476 3484
f 3476 3469 3477
f 3485 3494 3493
f 3486 3495 3494
f 3487 3496 3495
f 3488 3497 3496
f 3489 3498 3497
f 3490 3499 3498
f 3491 3500 3499
f 3492 3493 3500
f 3493 3494 3502 3501
f 3494 3495 3503 3502
f 3495 3496 3504 3503
f 3496 3497 3505 3504
f 3497 3498 3506 3505
f 3498 3499 3507 3506
f 3499 3500 3508 3507
f 3500 3493 3501 3508
f 3501 3502 3510 3509
f 3502 3503 3511 3510
f 3503 3504 3512 3511
f 3504 3505 3513 3512
f 3505 3506 3514 3513
f 3506 3507 3515 3514
f 3507 3508 3516 3515
f 3508 3501 3509 3516
f 3509 3510 3518 3517
f 3510 3511 3519 3518
f 3511 3512 3520 3519
f 3512 3513 3521 3520
f 3513 3514 3522 3521
f 3514 3515 3523 3522
f 3515 3516 3524 3523
f 3516 3509 3517 3524
f 3517 3518 3526 3525
f 3518 3519 3527 3526
f 3519 3520 3528 3527
f 3520 3521 3529 3528
f 3521 3522 3530 3529
f 3522 3523 3531 3530
f 3523 3524 3532 3531
f 3524 3517 3525 3532
f 3525 3526 3534
f 3526 3527 3535
f 3527 3528 3536
f 3528 3529 3537
f 3529 3530 3538
f 3530 3531 3539
f 3531 3532 3540
f 3532 3525 3533
f 3541 3550 3549
f 3542 3551 3550
f 3543 3552 3551
f 3544 3553 3552
f 3545 3554 3553
f 3546 3555 3554
f 3547 3556 3555
f 3548 3549 3556
f 3549 3550 3558 3557
f 3550 3551 3559 3558
f 3551 3552 3560 3559
f 3552 3553 3561 3560
f 3553 3554 3562 3561
f 3554 3555 3563 3562
f 3555 3556 3564 3563
f 3556 3549 3557 3564
f 3557 3558 3566 3565
f 3558 3559 3567 3566
f 3559 3560 3568 3567
f 3560 3561 3569 3568
f 3561 3562 3570 3569
f 3562 3563 3571 3570
f 3563 3564 3572 3571
f 3564 3557 3565 3572
f 3565 3566 3574 3573
f 3566 3567 3575 3574
f 3567 3568 3576 3575
f 3568 3569 3577 3576
f 3569 3570 3578 3577
f 3570 3571 3579 3578
f 3571 3572 3580 3579
f 3572 3565 3573 3580
f 3573 3574 3582 3581
f 3574 3575 3583 3582
f 3575 3576 3584 3583
f 3576 3577 3585 3584
f 3577 3578 3586 3585
f 3578 3579 3587 3586
f 3579 3580 3588 3587
f 3580 3573 3581 3588
f 3581 3582 3590
f 3582 3583 3591
f 3583 3584 3592
f 3584 3585 3593
f 3585 3586 3594
f 3586 3587 3595
f 3587 3588 3596
f 3588 3581 3589
f 3597 3606 3605
f 3598 3607 3606
f 3599 3608 3607
f 3600 3609 3608
f 3601 3610 3609
f 3602 3611 3610
f 3603 3612 3611
f 3604 3605 3612
f 3605 3606 3614 3613
f 3606 3607 3615 3614
f 3607 3608 3616 3615
f 3608 3609 3617 3616
f 3609 3610 3618 3617
f 3610 3611 3619 3618
f 3611 3612 3620 3619
f 3612 3605 3613 3620
f 3613 3614 3622 3621
f 3614 3615 3623 3622
f 3615 3616 3624 3623
f 3616 3617 3625 3624
f 3617 3618 3626 3625
f 3618 3619 3627 3626
f 3619 3620 3628 3627
f 3620 3613 3621 3628
f 3621 3622 3630 3629
f 3622 3623 3631 3630
f 3623 3624 3632 3631
f 3624 3625 3633 3632
f 3625 3626 3634 3633
f 3626 3627 3635 3634
f 3627 3628 3636 3635
f 3628 3621 3629 3636
f 3629 3630 3638 3637
f 3630 3631 3639 3638
f 3631 3632 3640 3639
f 3632 3633 3641 3640
f 3633 3634 3642 3641
f 3634 3635 3643 3642
f 3635 3636 3644 3643
f 3636 3629 3637 3644
f 3637 3638 3646
f 3638 3639 3647
f 3639 3640 3648
f 3640 3641 3649
f 3641 3642 3650
f 3642 3643 3651
f 3643 3644 3652
f 3644 3637 3645
usemtl stem_green
f 3654 3656 3655 3653
f 3677 3653 3655
f 3678 3656 3654
f 3656 3658 3657 3655
f 3677 3655 3657
f 3678 3658 3656
f 3658 3660 3659 3657
f 3677 3657 3659
f 3678 3660 3658
f 3660 3662 3661 3659
f 3677 3659 3661
f 3678 3662 3660
f 3662 3664 3663 3661
f 3677 3661 3663
f 3678 3664 3662
f 3664 3666 3665 3663
f 3677 3663 3665
f 3678 3666 3664
f 3666 3668 3667 3665
f 3677 3665 3667
f 3678 3668 3666
f 3668 3670 3669 3667
f 3677 3667 3669
f 3678 3670 3668
f 3670 3672 3671 3669
f 3677 3669 3671
f 3678 3672 3670
f 3672 3674 3673 3671
f 3677 3671 3673
f 3678 3674 3672
f 3674 3676 3675 3673
f 3677 3673 3675
f 3678 3676 3674
f 3676 3654 3653 3675
f 3677 3675 3653
f 3678 3654 3676
usemtl petal_white
f 3679 3688 3687
f 3680 3689 3688
f 3681 3690 3689
f 3682 3691 3690
f 3683 3692 3691
f 3684 3693 3692
f 3685 3694 3693
f 3686 3687 3694
f 3687 3688 3696 3695
f 3688 3689 3697 3696
f 3689 3690 3698 3697
f 3690 3691 3699 3698
f 3691 3692 3700 3699
f 3692 3693 3701 3700
f 3693 3694 3702 3701
f 3694 3687 3695 3702
f 3695 3696 3704 3703
f 3696 3697 3705 3704
f 3697 3698 3706 3705
f 3698 3699 3707 3706
f 3699 3700 3708 3707
f 3700 3701 3709 3708
f 3701 3702 3710 3709
f 3702 3695 3703 3710
f 3703 3704 3712 3711
f 3704 3705 3713 3712
f 3705 3706 3714 3713
f 3706 3707 3715 3714
f 3707 3708 3716 3715
f 3708 3709 3717 3716
f 3709 3710 3718 3717
f 3710 3703 3711 3718
f 3711 3712 3720 3719
f 3712 3713 3721 3720
f 3713 3714 3722 3721
f 3714 3715 3723 3722
f 3715 3716 3724 3723
f 3716 3717 3725 3724
f 3717 3718 3726 3725
f 3718 3711 3719 3726
f 3719 3720 3728
f 3720 3721 3729
f 3721 3722 3730
f 3722 3723 3731
f 3723 3724 3732
f 3724 3725 3733
f 3725 3726 3734
f 3726 3719 3727
f 3735 3744 3743
f 3736 3745 3744
f 3737 3746 3745
f 3738 3747 3746
f 3739 3748 3747
f 3740 3749 3748
f 3741 3750 3749
f 3742 3743 3750
f 3743 3744 3752 3751
f 3744 3745 3753 3752
f 3745 3746 3754 3753
f 3746 3747 3755 3754
f 3747 3748 3756 3755
f 3748 3749 3757 3756
f 3749 3750 3758 3757
f 3750 3743 3751 3758
f 3751 3752 3760 3759
f 3752 3753 3761 3760
f 3753 3754 3762 3761
f 3754 3755 3763 3762
f 3755 3756 3764 3763
f 3756 3757 3765 3764
f 3757 3758 3766 3765
f 3758 3751 3759 3766
f 3759 3760 3768 3767
f 3760 3761 3769 3768
f 3761 3762 3770 3769
f 3762 3763 3771 3770
f 3763 3764 3772 3771
f 3764 3765 3773 3772
f 3765 3766 3774 3773
f 3766 3759 3767 3774
f 3767 3768 3776 3775
f 3768 3769 3777 3776
f 3769 3770 3778 3777
f 3770 3771 3779 3778
f 3771 3772 3780 3779
f 3772 3773 3781 3780
f 3773 3774 3782 3781
f 3774 3767 3775 3782
f 3775 3776 3784
f 3776 3777 3785
f 3777 3778 3786
f 3778 3779 3787
f 3779 3780 3788
f 3780 3781 3789
f 3781 3782 3790
f 3782 3775 3783
f 3791 3800 3799
f 3792 3801 3800
f 3793 3802 3801
f 3794 3803 3802
f 3795 3804 3803
f 3796 3805 3804
f 3797 3806 3805
f 3798 3799 3806
f 3799 3800 3808 3807
f 3800 3801 3809 3808
f 3801 3802 3810 3809
f 3802 3803 3811 3810
f 3803 3804 3812 3811
f 3804 3805 3813 3812
f 3805 3806 3814 3813
f 3806 3799 3807 3814
f 3807 3808 3816 3815
f 3808 3809 3817 3816
f 3809 3810 3818 3817
f 3810 3811 3819 3818
f 3811 3812 3820 3819
f 3812 3813 3821 3820
f 3813 3814 3822 3821
f 3814 3807 3815 3822
f 3815 3816 3824 3823
f 3816 3817 3825 3824
f 3817 3818 3826 3825
f 3818 3819 3827 3826
f 3819 3820 3828 3827
f 3820 3821 3829 3828
f 3821 3822 3830 3829
f 3822 3815 3823 3830
f 3823 3824 3832 3831
f 3824 3825 3833 3832
f 3825 3826 3834 3833
f 3826 3827 3835 3834
f 3827 3828 3836 3835
f 3828 3829 3837 3836
f 3829 3830 3838 3837
f 3830 3823 3831 3838
f 3831 3832 3840
f 3832 3833 3841
f 3833 3834 3842
f 3834 3835 3843
f 3835 3836 3844
f 3836 3837 3845
f 3837 3838 3846
f 3838 3831 3839
f 3847 3856 3855
f 3848 3857 3856
f 3849 3858 3857
f 3850 3859 3858
f 3851 3860 3859
f 3852 3861 3860
f 3853 3862 3861
f 3854 3855 3862
f 3855 3856 3864 3863
f 3856 3857 3865 3864
f 3857 3858 3866 3865
f 3858 3859 3867 3866
f 3859 3860 3868 3867
f 3860 3861 3869 3868
f 3861 3862 3870 3869
f 3862 3855 3863 3870
f 3863 3864 3872 3871
f 3864 3865 3873 3872
f 3865 3866 3874 3873
f 3866 3867 3875 3874
f 3867 3868 3876 3875
f 3868 3869 3877 3876
f 3869 3870 3878 3877
f 3870 3863 3871 3878
f 3871 3872 3880 3879
f 3872 3873 3881 3880
f 3873 3874 3882 3881
f 3874 3875 3883 3882
f 3875 3876 3884 3883
f 3876 3877 3885 3884
f 3877 3878 3886 3885
f 3878 3871 3879 3886
f 3879 3880 3888 3887
f 3880 3881 3889 3888
f 3881 3882 3890 3889
f 3882 3883 3891 3890
f 3883 3884 3892 3891
f 3884 3885 3893 3892
f 3885 3886 3894 3893
f 3886 3879 3887 3894
f 3887 3888 3896
f 3888 3889 3897
f 3889 3890 3898
f 3890 3891 3899
f 3891 3892 3900
f 3892 3893 3901
f 3893 3894 3902
f 3894 3887 3895
f 3903 3912 3911
f 3904 3913 3912
f 3905 3914 3913
f 3906 3915 3914
f 3907 3916 3915
f 3908 3917 3916
f 3909 3918 3917
f 3910 3911 3918
f 3911 3912 3920 3919
f 3912 3913 3921 3920
f 3913 3914 3922 3921
f 3914 3915 3923 3922
f 3915 3916 3924 3923
f 3916 3917 3925 3924
f 3917 3918 3926 3925
f 3918 3911 3919 3926
f 3919 3920 3928 3927
f 3920 3921 3929 3928
f 3921 3922 3930 3929
f 3922 3923 3931 3930
f 3923 3924 3932 3931
f 3924 3925 3933 3932
f 3925 3926 3934 3933
f 3926 3919 3927 3934
f 3927 3928 3936 3935
f 3928 3929 3937 3936
f 3929 3930 3938 3937
f 3930 3931 3939 3938
f 3931 3932 3940 3939
f 3932 3933 3941 3940
f 3933 3934 3942 3941
f 3934 3927 3935 3942
f 3935 3936 3944 3943
f 3936 3937 3945 3944
f 3937 3938 3946 3945
f 3938 3939 3947 3946
f 3939 3940 3948 3947
f 3940 3941 3949 3948
f 3941 3942 3950 3949
f 3942 3935 3943 3950
f 3943 3944 3952
f 3944 3945 3953
f 3945 3946 3954
f 3946 3947 3955
f 3947 3948 3956
f 3948 3949 3957
f 3949 3950 3958
f 3950 3943 3951
f 3959 3968 3967
f 3960 3969 3968
f 3961 3970 3969
f 3962 3971 3970
f 3963 3972 3971
f 3964 3973 3972
f 3965 3974 3973
f 3966 3967 3974
f 3967 3968 3976 3975
f 3968 3969 3977 3976
f 3969 3970 3978 3977
f 3970 3971 3979 3978
f 3971 3972 3980 3979
f 3972 3973 3981 3980
f 3973 3974 3982 3981
f 3974 3967 3975 3982
f 3975 3976 3984 3983
f 3976 3977 3985 3984
f 3977 3978 3986 3985
f 3978 3979 3987 3986
f 3979 3980 3988 3987
f 3980 3981 3989 3988
f 3981 3982 3990 3989
f 3982 3975 3983 3990
f 3983 3984 3992 3991
f 3984 3985 3993 3992
f 3985 3986 3994 3993
f 3986 3987 3995 3994
f 3987 3988 3996 3995
f 3988 3989 3997 3996
f 3989 3990 3998 3997
f 3990 3983 3991 3998
f 3991 3992 4000 3999
f 3992 3993 4001 4000
f 3993 3994 4002 4001
f 3994 3995 4003 4002
f 3995 3996 4004 4003
f 3996 3997 4005 4004
f 3997 3998 4006 4005
f 3998 3991 3999 4006
f 3999 4000 4008
f 4000 4001 4009
f 4001 4002 4010
f 4002 4003 4011
f 4003 4004 4012
f 4004 4005 4013
f 4005 4006 4014
f 4006 3999 4007
usemtl flower_center
f 4015 4024 4023
f 4016 4025 4024
f 4017 4026 4025
f 4018 4027 4026
f 4019 4028 4027
f 4020 4029 4028
f 4021 4030 4029
f 4022 4023 4030
f 4023 4024 4032 4031
f 4024 4025 4033 4032
f 4025 4026 4034 4033
f 4026 4027 4035 4034
f 4027 4028 4036 4035
f 4028 4029 4037 4036
f 4029 4030 4038 4037
f 4030 4023 4031 4038
f 4031 4032 4040 4039
f 4032 4033 4041 4040
f 4033 4034 4042 4041
f 4034 4035 4043 4042
f 4035 4036 4044 4043
f 4036 4037 4045 4044
f 4037 4038 4046 4045
f 4038 4031 4039 4046
f 4039 4040 4048 4047
f 4040 4041 4049 4048
f 4041 4042 4050 4049
f 4042 4043 4051 4050
f 4043 4044 4052 4051
f 4044 4045 4053 4052
f 4045 4046 4054 4053
f 4046 4039 4047 4054
f 4047 4048 4056 4055
f 4048 4049 4057 4056
f 4049 4050 4058 4057
f 4050 4051 4059 4058
f 4051 4052 4060 4059
f 4052 4053 4061 4060
f 4053 4054 4062 4061
f 4054 4047 4055 4062
f 4055 4056 4064
f 4056 4057 4065
f 4057 4058 4066
f 4058 4059 4067
f 4059 4060 4068
f 4060 4061 4069
f 4061 4062 4070
f 4062 4055 4063
usemtl leaf_green
f 4071 4080 4079
f 4072 4081 4080
f 4073 4082 4081
f 4074 4083 4082
f 4075 4084 4083
f 4076 4085 4084
f 4077 4086 4085
f 4078 4079 4086
f 4079 4080 4088 4087
f 4080 4081 4089 4088
f 4081 4082 4090 4089
f 4082 4083 4091 4090
f 4083 4084 4092 4091
f 4084 4085 4093 4092
f 4085 4086 4094 4093
f 4086 4079 4087 4094
f 4087 4088 4096 4095
f 4088 4089 4097 4096
f 4089 4090 4098 4097
f 4090 4091 4099 4098
f 4091 4092 4100 4099
f 4092 4093 4101 4100
f 4093 4094 4102 4101
f 4094 4087 4095 4102
f 4095 4096 4104 4103
f 4096 4097 4105 4104
f 4097 4098 4106 4105
f 4098 4099 4107 4106
f 4099 4100 4108 4107
f 4100 4101 4109 4108
f 4101 4102 4110 4109
f 4102 4095 4103 4110
f 4103 4104 4112 4111
f 4104 4105 4113 4112
f 4105 4106 4114 4113
f 4106 4107 4115 4114
f 4107 4108 4116 4115
f 4108 4109 4117 4116
f 4109 4110 4118 4117
f 4110 4103 4111 4118
f 4111 4112 4120
f 4112 4113 4121
f 4113 4114 4122
f 4114 4115 4123
f 4115 4116 4124
f 4116 4117 4125
f 4117 4118 4126
f 4118 4111 4119
f 4127 4136 4135
f 4128 4137 4136
f 4129 4138 4137
f 4130 4139 4138
f 4131 4140 4139
f 4132 4141 4140
f 4133 4142 4141
f 4134 4135 4142
f 4135 4136 4144 4143
f 4136 4137 4145 4144
f 4137 4138 4146 4145
f 4138 4139 4147 4146
f 4139 4140 4148 4147
f 4140 4141 4149 4148
f 4141 4142 4150 4149
f 4142 4135 4143 4150
f 4143 4144 4152 4151
f 4144 4145 4153 4152
f 4145 4146 4154 4153
f 4146 4147 4155 4154
f 4147 4148 4156 4155
f 4148 4149 4157 4156
f 4149 4150 4158 4157
f 4150 4143 4151 4158
f 4151 4152 4160 4159
f 4152 4153 4161 4160
f 4153 4154 4162 4161
f 4154 4155 4163 4162
f 4155 4156 4164 4163
f 4156 4157 4165 4164
f 4157 4158 4166 4165
f 4158 4151 4159 4166
f 4159 4160 4168 4167
f 4160 4161 4169 4168
f 4161 4162 4170 4169
f 4162 4163 4171 4170
f 4163 4164 4172 4171
f 4164 4165 4173 4172
f 4165 4166 4174 4173
f 4166 4159 4167 4174
f 4167 4168 4176
f 4168 4169 4177
f 4169 4170 4178
f 4170 4171 4179
f 4171 4172 4180
f 4172 4173 4181
f 4173 4174 4182
f 4174 4167 4175
f 4183 4192 4191
f 4184 4193 4192
f 4185 4194 4193
f 4186 4195 4194
f 4187 4196 4195
f 4188 4197 4196
f 4189 4198 4197
f 4190 4191 4198
f 4191 4192 4200 4199
f 4192 4193 4201 4200
f 4193 4194 4202 4201
f 4194 4195 4203 4202
f 4195 4196 4204 4203
f 4196 4197 4205 4204
f 4197 4198 4206 4205
f 4198 4191 4199 4206
f 4199 4200 4208 4207
f 4200 4201 4209 4208
f 4201 4202 4210 4209
f 4202 4203 4211 4210
f 4203 4204 4212 4211
f 4204 4205 4213 4212
f 4205 4206 4214 4213
f 4206 4199 4207 4214
f 4207 4208 4216 4215
f 4208 4209 4217 4216
f 4209 4210 4218 4217
f 4210 4211 4219 4218
f 4211 4212 4220 4219
f 4212 4213 4221 4220
f 4213 4214 4222 4221
f 4214 4207 4215 4222
f 4215 4216 4224 4223
f 4216 4217 4225 4224
f 4217 4218 4226 4225
f 4218 4219 4227 4226
f 4219 4220 4228 4227
f 4220 4221 4229 4228
f 4221 4222 4230 4229
f 4222 4215 4223 4230
f 4223 4224 4232
f 4224 4225 4233
f 4225 4226 4234
f 4226 4227 4235
f 4227 4228 4236
f 4228 4229 4237
f 4229 4230 4238
f 4230 4223 4231
f 4239 4248 4247
f 4240 4249 4248
f 4241 4250 4249
f 4242 4251 4250
f 4243 4252 4251
f 4244 4253 4252
f 4245 4254 4253
f 4246 4247 4254
f 4247 4248 4256 4255
f 4248 4249 4257 4256
f 4249 4250 4258 4257
f 4250 4251 4259 4258
f 4251 4252 4260 4259
f 4252 4253 4261 4260
f 4253 4254 4262 4261
f 4254 4247 4255 4262
f 4255 4256 4264 4263
f 4256 4257 4265 4264
f 4257 4258 4266 4265
f 4258 4259 4267 4266
f 4259 4260 4268 4267
f 4260 4261 4269 4268
f 4261 4262 4270 4269
f 4262 4255 4263 4270
f 4263 4264 4272 4271
f 4264 4265 4273 4272
f 4265 4266 4274 4273
f 4266 4267 4275 4274
f 4267 4268 4276 4275
f 4268 4269 4277 4276
f 4269 4270 4278 4277
f 4270 4263 4271 4278
f 4271 4272 4280 4279
f 4272 4273 4281 4280
f 4273 4274 4282 4281
f 4274 4275 4283 4282
f 4275 4276 4284 4283
f 4276 4277 4285 4284
f 4277 4278 4286 4285
f 4278 4271 4279 4286
f 4279 4280 4288
f 4280 4281 4289
f 4281 4282 4290
f 4282 4283 4291
f 4283 4284 4292
f 4284 4285 4293
f 4285 4286 4294
f 4286 4279 4287
f 4295 4304 4303
f 4296 4305 4304
f 4297 4306 4305
f 4298 4307 4306
f 4299 4308 4307
f 4300 4309 4308
f 4301 4310 4309
f 4302 4303 4310
f 4303 4304 4312 4311
f 4304 4305 4313 4312
f 4305 4306 4314 4313
f 4306 4307 4315 4314
f 4307 4308 4316 4315
f 4308 4309 4317 4316
f 4309 4310 4318 4317
f 4310 4303 4311 4318
f 4311 4312 4320 4319
f 4312 4313 4321 4320
f 4313 4314 4322 4321
f 4314 4315 4323 4322
f 4315 4316 4324 4323
f 4316 4317 4325 4324
f 4317 4318 4326 4325
f 4318 4311 4319 4326
f 4319 4320 4328 4327
f 4320 4321 4329 4328
f 4321 4322 4330 4329
f 4322 4323 4331 4330
f 4323 4324 4332 4331
f 4324 4325 4333 4332
f 4325 4326 4334 4333
f 4326 4319 4327 4334
f 4327 4328 4336 4335
f 4328 4329 4337 4336
f 4329 4330 4338 4337
f 4330 4331 4339 4338
f 4331 4332 4340 4339
f 4332 4333 4341 4340
f 4333 4334 4342 4341
f 4334 4327 4335 4342
f 4335 4336 4344
f 4336 4337 4345
f 4337 4338 4346
f 4338 4339 4347
f 4339 4340 4348
f 4340 4341 4349
f 4341 4342 4350
f 4342 4335 4343
f 4351 4360 4359
f 4352 4361 4360
f 4353 4362 4361
f 4354 4363 4362
f 4355 4364 4363
f 4356 4365 4364
f 4357 4366 4365
f 4358 4359 4366
f 4359 4360 4368 4367
f 4360 4361 4369 4368
f 4361 4362 4370 4369
f 4362 4363 4371 4370
f 4363 4364 4372 4371
f 4364 4365 4373 4372
f 4365 4366 4374 4373
f 4366 4359 4367 4374
f 4367 4368 4376 4375
f 4368 4369 4377 4376
f 4369 4370 4378 4377
f 4370 4371 4379 4378
f 4371 4372 4380 4379
f 4372 4373 4381 4380
f 4373 4374 4382 4381
f 4374 4367 4375 4382
f 4375 4376 4384 4383
f 4376 4377 4385 4384
f 4377 4378 4386 4385
f 4378 4379 4387 4386
f 4379 4380 4388 4387
f 4380 4381 4389 4388
f 4381 4382 4390 4389
f 4382 4375 4383 4390
f 4383 4384 4392 4391
f 4384 4385 4393 4392
f 4385 4386 4394 4393
f 4386 4387 4395 4394
f 4387 4388 4396 4395
f 4388 4389 4397 4396
f 4389 4390 4398 4397
f 4390 4383 4391 4398
f 4391 4392 4400
f 4392 4393 4401
f 4393 4394 4402
f 4394 4395 4403
f 4395 4396 4404
f 4396 4397 4405
f 4397 4398 4406
f 4398 4391 4399
f 4407 4416 4415
f 4408 4417 4416
f 4409 4418 4417
f 4410 4419 4418
f 4411 4420 4419
f 4412 4421 4420
f 4413 4422 4421
f 4414 4415 4422
f 4415 4416 4424 4423
f 4416 4417 4425 4424
f 4417 4418 4426 4425
f 4418 4419 4427 4426
f 4419 4420 4428 4427
f 4420 4421 4429 4428
f 4421 4422 4430 4429
f 4422 4415 4423 4430
f 4423 4424 4432 4431
f 4424 4425 4433 4432
f 4425 4426 4434 4433
f 4426 4427 4435 4434
f 4427 4428 4436 4435
f 4428 4429 4437 4436
f 4429 4430 4438 4437
f 4430 4423 4431 4438
f 4431 4432 4440 4439
f 4432 4433 4441 4440
f 4433 4434 4442 4441
f 4434 4435 4443 4442
f 4435 4436 4444 4443
f 4436 4437 4445 4444
f 4437 4438 4446 4445
f 4438 4431 4439 4446
f 4439 4440 4448 4447
f 4440 4441 4449 4448
f 4441 4442 4450 4449
f 4442 4443 4451 4450
f 4443 4444 4452 4451
f 4444 4445 4453 4452
f 4445 4446 4454 4453
f 4446 4439 4447 4454
f 4447 4448 4456
f 4448 4449 4457
f 4449 4450 4458
f 4450 4451 4459
f 4451 4452 4460
f 4452 4453 4461
f 4453 4454 4462
f 4454 4447 4455
f 4463 4472 4471
f 4464 4473 4472
f 4465 4474 4473
f 4466 4475 4474
f 4467 4476 4475
f 4468 4477 4476
f 4469 4478 4477
f 4470 4471 4478
f 4471 4472 4480 4479
f 4472 4473 4481 4480
f 4473 4474 4482 4481
f 4474 4475 4483 4482
f 4475 4476 4484 4483
f 4476 4477 4485 4484
f 4477 4478 4486 4485
f 4478 4471 4479 4486
f 4479 4480 4488 4487
f 4480 4481 4489 4488
f 4481 4482 4490 4489
f 4482 4483 4491 4490
f 4483 4484 4492 4491
f 4484 4485 4493 4492
f 4485 4486 4494 4493
f 4486 4479 4487 4494
f 4487 4488 4496 4495
f 4488 4489 4497 4496
f 4489 4490 4498 4497
f 4490 4491 4499 4498
f 4491 4492 4500 4499
f 4492 4493 4501 4500
f 4493 4494 4502 4501
f 4494 4487 4495 4502
f 4495 4496 4504 4503
f 4496 4497 4505 4504
f 4497 4498 4506 4505
f 4498 4499 4507 4506
f 4499 4500 4508 4507
f 4500 4501 4509 4508
f 4501 4502 4510 4509
f 4502 4495 4503 4510
f 4503 4504 4512
f 4504 4505 4513
f 4505 4506 4514
f 4506 4507 4515
f 4507 4508 4516
f 4508 4509 4517
f 4509 4510 4518
f 4510 4503 4511
f 4519 4528 4527
f 4520 4529 4528
f 4521 4530 4529
f 4522 4531 4530
f 4523 4532 4531
f 4524 4533 4532
f 4525 4534 4533
f 4526 4527 4534
f 4527 4528 4536 4535
f 4528 4529 4537 4536
f 4529 4530 4538 4537
f 4530 4531 4539 4538
f 4531 4532 4540 4539
f 4532 4533 4541 4540
f 4533 4534 4542 4541
f 4534 4527 4535 4542
f 4535 4536 4544 4543
f 4536 4537 4545 4544
f 4537 4538 4546 4545
f 4538 4539 4547 4546
f 4539 4540 4548 4547
f 4540 4541 4549 4548
f 4541 4542 4550 4549
f 4542 4535 4543 4550
f 4543 4544 4552 4551
f 4544 4545 4553 4552
f 4545 4546 4554 4553
f 4546 4547 4555 4554
f 4547 4548 4556 4555
f 4548 4549 4557 4556
f 4549 4550 4558 4557
f 4550 4543 4551 4558
f 4551 4552 4560 4559
f 4552 4553 4561 4560
f 4553 4554 4562 4561
f 4554 4555 4563 4562
f 4555 4556 4564 4563
f 4556 4557 4565 4564
f 4557 4558 4566 4565
f 4558 4551 4559 4566
f 4559 4560 4568
f 4560 4561 4569
f 4561 4562 4570
f 4562 4563 4571
f 4563 4564 4572
f 4564 4565 4573
f 4565 4566 4574
f 4566 4559 4567
f 4575 4584 4583
f 4576 4585 4584
f 4577 4586 4585
f 4578 4587 4586
f 4579 4588 4587
f 4580 4589 4588
f 4581 4590 4589
f 4582 4583 4590
f 4583 4584 4592 4591
f 4584 4585 4593 4592
f 4585 4586 4594 4593
f 4586 4587 4595 4594
f 4587 4588 4596 4595
f 4588 4589 4597 4596
f 4589 4590 4598 4597
f 4590 4583 4591 4598
f 4591 4592 4600 4599
f 4592 4593 4601 4600
f 4593 4594 4602 4601
f 4594 4595 4603 4602
f 4595 4596 4604 4603
f 4596 4597 4605 4604
f 4597 4598 4606 4605
f 4598 4591 4599 4606
f 4599 4600 4608 4607
f 4600 4601 4609 4608
f 4601 4602 4610 4609
f 4602 4603 4611 4610
f 4603 4604 4612 4611
f 4604 4605 4613 4612
f 4605 4606 4614 4613
f 4606 4599 4607 4614
f 4607 4608 4616 4615
f 4608 4609 4617 4616
f 4609 4610 4618 4617
f 4610 4611 4619 4618
f 4611 4612 4620 4619
f 4612 4613 4621 4620
f 4613 4614 4622 4621
f 4614 4607 4615 4622
f 4615 4616 4624
f 4616 4617 4625
f 4617 4618 4626
f 4618 4619 4627
f 4619 4620 4628
f 4620 4621 4629
f 4621 4622 4630
f 4622 4615 4623
f 4631 4640 4639
f 4632 4641 4640
f 4633 4642 4641
f 4634 4643 4642
f 4635 4644 4643
f 4636 4645 4644
f 4637 4646 4645
f 4638 4639 4646
f 4639 4640 4648 4647
f 4640 4641 4649 4648
f 4641 4642 4650 4649
f 4642 4643 4651 4650
f 4643 4644 4652 4651
f 4644 4645 4653 4652
f 4645 4646 4654 4653
f 4646 4639 4647 4654
f 4647 4648 4656 4655
f 4648 4649 4657 4656
f 4649 4650 4658 4657
f 4650 4651 4659 4658
f 4651 4652 4660 4659
f 4652 4653 4661 4660
f 4653 4654 4662 4661
f 4654 4647 4655 4662
f 4655 4656 4664 4663
f 4656 4657 4665 4664
f 4657 4658 4666 4665
f 4658 4659 4667 4666
f 4659 4660 4668 4667
f 4660 4661 4669 4668
f 4661 4662 4670 4669
f 4662 4655 4663 4670
f 4663 4664 4672 4671
f 4664 4665 4673 4672
f 4665 4666 4674 4673
f 4666 4667 4675 4674
f 4667 4668 4676 4675
f 4668 4669 4677 4676
f 4669 4670 4678 4677
f 4670 4663 4671 4678
f 4671 4672 4680
f 4672 4673 4681
f 4673 4674 4682
f 4674 4675 4683
f 4675 4676 4684
f 4676 4677 4685
f 4677 4678 4686
f 4678 4671 4679
f 4687 4696 4695
f 4688 4697 4696
f 4689 4698 4697
f 4690 4699 4698
f 4691 4700 4699
f 4692 4701 4700
f 4693 4702 4701
f 4694 4695 4702
f 4695 4696 4704 4703
f 4696 4697 4705 4704
f 4697 4698 4706 4705
f 4698 4699 4707 4706
f 4699 4700 4708 4707
f 4700 4701 4709 4708
f 4701 4702 4710 4709
f 4702 4695 4703 4710
f 4703 4704 4712 4711
f 4704 4705 4713 4712
f 4705 4706 4714 4713
f 4706 4707 4715 4714
f 4707 4708 4716 4715
f 4708 4709 4717 4716
f 4709 4710 4718 4717
f 4710 4703 4711 4718
f 4711 4712 4720 4719
f 4712 4713 4721 4720
f 4713 4714 4722 4721
f 4714 4715 4723 4722
f 4715 4716 4724 4723
f 4716 4717 4725 4724
f 4717 4718 4726 4725
f 4718 4711 4719 4726
f 4719 4720 4728 4727
f 4720 4721 4729 4728
f 4721 4722 4730 4729
f 4722 4723 4731 4730
f 4723 4724 4732 4731
f 4724 4725 4733 4732
f 4725 4726 4734 4733
f 4726 4719 4727 4734
f 4727 4728 4736
f 4728 4729 4737
f 4729 4730 4738
f 4730 4731 4739
f 4731 4732 4740
f 4732 4733 4741
f 4733 4734 4742
f 4734 4727 4735
f 4743 4752 4751
f 4744 4753 4752
f 4745 4754 4753
f 4746 4755 4754
f 4747 4756 4755
f 4748 4757 4756
f 4749 4758 4757
f 4750 4751 4758
f 4751 4752 4760 4759
f 4752 4753 4761 4760
f 4753 4754 4762 4761
f 4754 4755 4763 4762
f 4755 4756 4764 4763
f 4756 4757 4765 4764
f 4757 4758 4766 4765
f 4758 4751 4759 4766
f 4759 4760 4768 4767
f 4760 4761 4769 4768
f 4761 4762 4770 4769
f 4762 4763 4771 4770
f 4763 4764 4772 4771
f 4764 4765 4773 4772
f 4765 4766 4774 4773
f 4766 4759 4767 4774
f 4767 4768 4776 4775
f 4768 4769 4777 4776
f 4769 4770 4778 4777
f 4770 4771 4779 4778
f 4771 4772 4780 4779
f 4772 4773 4781 4780
f 4773 4774 4782 4781
f 4774 4767 4775 4782
f 4775 4776 4784 4783
f 4776 4777 4785 4784
f 4777 4778 4786 4785
f 4778 4779 4787 4786
f 4779 4780 4788 4787
f 4780 4781 4789 4788
f 4781 4782 4790 4789
f 4782 4775 4783 4790
f 4783 4784 4792
f 4784 4785 4793
f 4785 4786 4794
f 4786 4787 4795
f 4787 4788 4796
f 4788 4789 4797
f 4789 4790 4798
f 4790 4783 4791
f 4799 4808 4807
f 4800 4809 4808
f 4801 4810 4809
f 4802 4811 4810
f 4803 4812 4811
f 4804 4813 4812
f 4805 4814 4813
f 4806 4807 4814
f 4807 4808 4816 4815
f 4808 4809 4817 4816
f 4809 4810 4818 4817
f 4810 4811 4819 4818
f 4811 4812 4820 4819
f 4812 4813 4821 4820
f 4813 4814 4822 4821
f 4814 4807 4815 4822
f 4815 4816 4824 4823
f 4816 4817 4825 4824
f 4817 4818 4826 4825
f 4818 4819 4827 4826
f 4819 4820 4828 4827
f 4820 4821 4829 4828
f 4821 4822 4830 4829
f 4822 4815 4823 4830
f 4823 4824 4832 4831
f 4824 4825 4833 4832
f 4825 4826 4834 4833
f 4826 4827 4835 4834
f 4827 4828 4836 4835
f 4828 4829 4837 4836
f 4829 4830 4838 4837
f 4830 4823 4831 4838
f 4831 4832 4840 4839
f 4832 4833 4841 4840
f 4833 4834 4842 4841
f 4834 4835 4843 4842
f 4835 4836 4844 4843
f 4836 4837 4845 4844
f 4837 4838 4846 4845
f 4838 4831 4839 4846
f 4839 4840 4848
f 4840 4841 4849
f 4841 4842 4850
f 4842 4843 4851
f 4843 4844 4852
f 4844 4845 4853
f 4845 4846 4854
f 4846 4839 4847
f 4855 4864 4863
f 4856 4865 4864
f 4857 4866 4865
f 4858 4867 4866
f 4859 4868 4867
f 4860 4869 4868
f 4861 4870 4869
f 4862 4863 4870
f 4863 4864 4872 4871
f 4864 4865 4873 4872
f 4865 4866 4874 4873
f 4866 4867 4875 4874
f 4867 4868 4876 4875
f 4868 4869 4877 4876
f 4869 4870 4878 4877
f 4870 4863 4871 4878
f 4871 4872 4880 4879
f 4872 4873 4881 4880
f 4873 4874 4882 4881
f 4874 4875 4883 4882
f 4875 4876 4884 4883
f 4876 4877 4885 4884
f 4877 4878 4886 4885
f 4878 4871 4879 4886
f 4879 4880 4888 4887
f 4880 4881 4889 4888
f 4881 4882 4890 4889
f 4882 4883 4891 4890
f 4883 4884 4892 4891
f 4884 4885 4893 4892
f 4885 4886 4894 4893
f 4886 4879 4887 4894
f 4887 4888 4896 4895
f 4888 4889 4897 4896
f 4889 4890 4898 4897
f 4890 4891 4899 4898
f 4891 4892 4900 4899
f 4892 4893 4901 4900
f 4893 4894 4902 4901
f 4894 4887 4895 4902
f 4895 4896 4904
f 4896 4897 4905
f 4897 4898 4906
f 4898 4899 4907
f 4899 4900 4908
f 4900 4901 4909
f 4901 4902 4910
f 4902 4895 4903
f 4911 4920 4919
f 4912 4921 4920
f 4913 4922 4921
f 4914 4923 4922
f 4915 4924 4923
f 4916 4925 4924
f 4917 4926 4925
f 4918 4919 4926
f 4919 4920 4928 4927
f 4920 4921 4929 4928
f 4921 4922 4930 4929
f 4922 4923 4931 4930
f 4923 4924 4932 4931
f 4924 4925 4933 4932
f 4925 4926 4934 4933
f 4926 4919 4927 4934
f 4927 4928 4936 4935
f 4928 4929 4937 4936
f 4929 4930 4938 4937
f 4930 4931 4939 4938
f 4931 4932 4940 4939
f 4932 4933 4941 4940
f 4933 4934 4942 4941
f 4934 4927 4935 4942
f 4935 4936 4944 4943
f 4936 4937 4945 4944
f 4937 4938 4946 4945
f 4938 4939 4947 4946
f 4939 4940 4948 4947
f 4940 4941 4949 4948
f 4941 4942 4950 4949
f 4942 4935 4943 4950
f 4943 4944 4952 4951
f 4944 4945 4953 4952
f 4945 4946 4954 4953
f 4946 4947 4955 4954
f 4947 4948 4956 4955
f 4948 4949 4957 4956
f 4949 4950 4958 4957
f 4950 4943 4951 4958
f 4951 4952 4960
f 4952 4953 4961
f 4953 4954 4962
f 4954 4955 4963
f 4955 4956 4964
f 4956 4957 4965
f 4957 4958 4966
f 4958 4951 4959
f 4967 4976 4975
f 4968 4977 4976
f 4969 4978 4977
f 4970 4979 4978
f 4971 4980 4979
f 4972 4981 4980
f 4973 4982 4981
f 4974 4975 4982
f 4975 4976 4984 4983
f 4976 4977 4985 4984
f 4977 4978 4986 4985
f 4978 4979 4987 4986
f 4979 4980 4988 4987
f 4980 4981 4989 4988
f 4981 4982 4990 4989
f 4982 4975 4983 4990
f 4983 4984 4992 4991
f 4984 4985 4993 4992
f 4985 4986 4994 4993
f 4986 4987 4995 4994
f 4987 4988 4996 4995
f 4988 4989 4997 4996
f 4989 4990 4998 4997
f 4990 4983 4991 4998
f 4991 4992 5000 4999
f 4992 4993 5001 5000
f 4993 4994 5002 5001
f 4994 4995 5003 5002
f 4995 4996 5004 5003
f 4996 4997 5005 5004
f 4997 4998 5006 5005
f 4998 4991 4999 5006
f 4999 5000 5008 5007
f 5000 5001 5009 5008
f 5001 5002 5010 5009
f 5002 5003 5011 5010
f 5003 5004 5012 5011
f 5004 5005 5013 5012
f 5005 5006 5014 5013
f 5006 4999 5007 5014
f 5007 5008 5016
f 5008 5009 5017
f 5009 5010 5018
f 5010 5011 5019
f 5011 5012 5020
f 5012 5013 5021
f 5013 5014 5022
f 5014 5007 5015
f 5023 5032 5031
f 5024 5033 5032
f 5025 5034 5033
f 5026 5035 5034
f 5027 5036 5035
f 5028 5037 5036
f 5029 5038 5037
f 5030 5031 5038
f 5031 5032 5040 5039
f 5032 5033 5041 5040
f 5033 5034 5042 5041
f 5034 5035 5043 5042
f 5035 5036 5044 5043
f 5036 5037 5045 5044
f 5037 5038 5046 5045
f 5038 5031 5039 5046
f 5039 5040 5048 5047
f 5040 5041 5049 5048
f 5041 5042 5050 5049
f 5042 5043 5051 5050
f 5043 5044 5052 5051
f 5044 5045 5053 5052
f 5045 5046 5054 5053
f 5046 5039 5047 5054
f 5047 5048 5056 5055
f 5048 5049 5057 5056
f 5049 5050 5058 5057
f 5050 5051 5059 5058
f 5051 5052 5060 5059
f 5052 5053 5061 5060
f 5053 5054 5062 5061
f 5054 5047 5055 5062
f 5055 5056 5064 5063
f 5056 5057 5065 5064
f 5057 5058 5066 5065
f 5058 5059 5067 5066
f 5059 5060 5068 5067
f 5060 5061 5069 5068
f 5061 5062 5070 5069
f 5062 5055 5063 5070
f 5063 5064 5072
f 5064 5065 5073
f 5065 5066 5074
f 5066 5067 5075
f 5067 5068 5076
f 5068 5069 5077
f 5069 5070 5078
f 5070 5063 5071
f 5079 5088 5087
f 5080 5089 5088
f 5081 5090 5089
f 5082 5091 5090
f 5083 5092 5091
f 5084 5093 5092
f 5085 5094 5093
f 5086 5087 5094
f 5087 5088 5096 5095
f 5088 5089 5097 5096
f 5089 5090 5098 5097
f 5090 5091 5099 5098
f 5091 5092 5100 5099
f 5092 5093 5101 5100
f 5093 5094 5102 5101
f 5094 5087 5095 5102
f 5095 5096 5104 5103
f 5096 5097 5105 5104
f 5097 5098 5106 5105
f 5098 5099 5107 5106
f 5099 5100 5108 5107
f 5100 5101 5109 5108
f 5101 5102 5110 5109
f 5102 5095 5103 5110
f 5103 5104 5112 5111
f 5104 5105 5113 5112
f 5105 5106 5114 5113
f 5106 5107 5115 5114
f 5107 5108 5116 5115
f 5108 5109 5117 5116
f 5109 5110 5118 5117
f 5110 5103 5111 5118
f 5111 5112 5120 5119
f 5112 5113 5121 5120
f 5113 5114 5122 5121
f 5114 5115 5123 5122
f 5115 5116 5124 5123
f 5116 5117 5125 5124
f 5117 5118 5126 5125
f 5118 5111 5119 5126
f 5119 5120 5128
f 5120 5121 5129
f 5121 5122 5130
f 5122 5123 5131
f 5123 5124 5132
f 5124 5125 5133
f 5125 5126 5134
f 5126 5119 5127
